"","Kingdom","Phylum","Class","Order","Family","Genus","Species"
"ASV1","Bacteria","Bacteroidota","Bacteroidia","Bacteroidales","Bacteroidaceae","Bacteroides","fragilis"
"ASV2","Bacteria","Proteobacteria","Gammaproteobacteria","Enterobacterales","Enterobacteriaceae","Escherichia-Shigella","coli"
"ASV3","Bacteria","Actinobacteriota","Actinobacteria","Bifidobacteriales","Bifidobacteriaceae","Bifidobacterium","longum"
"ASV4","Bacteria","Firmicutes","Bacilli","Lactobacillales","Enterococcaceae","Enterococcus","faecium"
"ASV5","Bacteria","Bacteroidota","Bacteroidia","Bacteroidales","Bacteroidaceae","Bacteroides","fragilis"
"ASV6","Bacteria","Actinobacteriota","Actinobacteria","Bifidobacteriales","Bifidobacteriaceae","Bifidobacterium","longum"
"ASV7","Bacteria","Proteobacteria","Gammaproteobacteria","Enterobacterales","Enterobacteriaceae",NA,NA
"ASV8","Bacteria","Actinobacteriota","Actinobacteria","Bifidobacteriales","Bifidobacteriaceae","Bifidobacterium","catenulatum"
"ASV9","Bacteria","Proteobacteria","Gammaproteobacteria","Enterobacterales","Enterobacteriaceae",NA,NA
"ASV10","Bacteria","Actinobacteriota","Actinobacteria","Bifidobacteriales","Bifidobacteriaceae","Bifidobacterium","breve"
"ASV11","Bacteria","Bacteroidota","Bacteroidia","Bacteroidales","Bacteroidaceae","Bacteroides","vulgatus"
"ASV12","Bacteria","Firmicutes","Bacilli","Lactobacillales","Enterococcaceae","Enterococcus","faecalis"
"ASV13","Bacteria","Proteobacteria","Gammaproteobacteria","Enterobacterales",NA,NA,NA
"ASV14","Bacteria","Proteobacteria","Gammaproteobacteria","Enterobacterales","Enterobacteriaceae","Klebsiella","michiganensis"
"ASV15","Bacteria","Proteobacteria","Gammaproteobacteria","Enterobacterales","Enterobacteriaceae","Escherichia-Shigella","sonnei"
"ASV16","Bacteria","Bacteroidota","Bacteroidia","Bacteroidales","Bacteroidaceae","Bacteroides","ovatus"
"ASV17","Bacteria","Firmicutes","Bacilli","Lactobacillales","Streptococcaceae","Streptococcus","salivarius"
"ASV18","Bacteria","Bacteroidota","Bacteroidia","Bacteroidales","Bacteroidaceae","Bacteroides","vulgatus"
"ASV19","Bacteria","Bacteroidota","Bacteroidia","Bacteroidales","Bacteroidaceae","Bacteroides","xylanisolvens"
"ASV20","Bacteria","Proteobacteria","Gammaproteobacteria","Enterobacterales","Enterobacteriaceae","Escherichia-Shigella",NA
"ASV21","Bacteria","Proteobacteria","Gammaproteobacteria","Enterobacterales","Enterobacteriaceae","Salmonella","enterica"
"ASV22","Bacteria","Proteobacteria","Gammaproteobacteria","Enterobacterales",NA,NA,NA
"ASV23","Bacteria","Proteobacteria","Gammaproteobacteria","Enterobacterales","Hafniaceae","Hafnia-Obesumbacterium","alvei"
"ASV24","Bacteria","Actinobacteriota","Coriobacteriia","Coriobacteriales","Coriobacteriaceae","Collinsella","aerofaciens"
"ASV25","Bacteria","Firmicutes","Bacilli","Lactobacillales","Enterococcaceae","Enterococcus",NA
"ASV26","Bacteria","Bacteroidota","Bacteroidia","Bacteroidales","Bacteroidaceae","Bacteroides","vulgatus"
"ASV27","Bacteria","Proteobacteria","Gammaproteobacteria","Enterobacterales","Enterobacteriaceae",NA,NA
"ASV28","Bacteria","Firmicutes","Bacilli","Lactobacillales","Enterococcaceae","Enterococcus",NA
"ASV29","Bacteria","Proteobacteria","Gammaproteobacteria","Enterobacterales","Enterobacteriaceae","Enterobacter","hormaechei"
"ASV30","Bacteria","Firmicutes","Clostridia","Lachnospirales","Lachnospiraceae","Hungatella",NA
"ASV31","Bacteria","Bacteroidota","Bacteroidia","Bacteroidales","Bacteroidaceae","Bacteroides","fragilis"
"ASV32","Bacteria","Firmicutes","Bacilli","Lactobacillales","Lactobacillaceae","Lacticaseibacillus",NA
"ASV33","Bacteria","Verrucomicrobiota","Verrucomicrobiae","Verrucomicrobiales","Akkermansiaceae","Akkermansia","muciniphila"
"ASV34","Bacteria","Proteobacteria","Gammaproteobacteria","Enterobacterales","Hafniaceae","Hafnia-Obesumbacterium","paralvei"
"ASV35","Bacteria","Proteobacteria","Gammaproteobacteria","Enterobacterales","Hafniaceae","Hafnia-Obesumbacterium","paralvei"
"ASV36","Bacteria","Firmicutes","Bacilli","Lactobacillales","Enterococcaceae","Enterococcus",NA
"ASV37","Bacteria","Actinobacteriota","Actinobacteria","Bifidobacteriales","Bifidobacteriaceae","Bifidobacterium","bifidum"
"ASV38","Bacteria","Firmicutes","Clostridia","Lachnospirales","Lachnospiraceae","Blautia","obeum"
"ASV39","Bacteria","Firmicutes","Bacilli","Lactobacillales","Enterococcaceae","Enterococcus",NA
"ASV40","Bacteria","Bacteroidota","Bacteroidia","Bacteroidales","Bacteroidaceae","Bacteroides","vulgatus"
"ASV41","Bacteria","Bacteroidota","Bacteroidia","Bacteroidales","Bacteroidaceae","Bacteroides","vulgatus"
"ASV42","Bacteria","Actinobacteriota","Actinobacteria","Bifidobacteriales","Bifidobacteriaceae","Bifidobacterium","breve"
"ASV43","Bacteria","Bacteroidota","Bacteroidia","Bacteroidales","Tannerellaceae","Parabacteroides","distasonis"
"ASV44","Bacteria","Firmicutes","Clostridia","Lachnospirales","Lachnospiraceae","[Ruminococcus] gnavus group",NA
"ASV45","Bacteria","Firmicutes","Negativicutes","Veillonellales-Selenomonadales","Veillonellaceae","Anaeroglobus",NA
"ASV46","Bacteria","Firmicutes","Negativicutes","Veillonellales-Selenomonadales","Veillonellaceae","Veillonella","ratti"
"ASV47","Bacteria","Firmicutes","Negativicutes","Veillonellales-Selenomonadales","Veillonellaceae","Veillonella","parvula"
"ASV48","Bacteria","Firmicutes","Clostridia","Eubacteriales","Eubacteriaceae","Eubacterium","limosum"
"ASV49","Bacteria","Proteobacteria","Gammaproteobacteria","Enterobacterales","Enterobacteriaceae",NA,NA
"ASV50","Bacteria","Firmicutes","Bacilli","Lactobacillales","Streptococcaceae","Streptococcus",NA
"ASV51","Bacteria","Bacteroidota","Bacteroidia","Bacteroidales","Tannerellaceae","Parabacteroides","distasonis"
"ASV52","Bacteria","Actinobacteriota","Actinobacteria","Bifidobacteriales","Bifidobacteriaceae","Bifidobacterium","dentium"
"ASV53","Bacteria","Firmicutes","Bacilli","Lactobacillales","Streptococcaceae","Streptococcus","salivarius"
"ASV54","Bacteria","Firmicutes","Clostridia","Clostridiales","Clostridiaceae","Clostridium sensu stricto 1","saccharobutylicum"
"ASV55","Bacteria","Bacteroidota","Bacteroidia","Bacteroidales","Tannerellaceae","Parabacteroides","merdae"
"ASV56","Bacteria","Proteobacteria","Gammaproteobacteria","Enterobacterales","Enterobacteriaceae","Klebsiella","pneumoniae"
"ASV57","Bacteria","Proteobacteria","Gammaproteobacteria","Enterobacterales","Enterobacteriaceae","Pluralibacter","gergoviae"
"ASV58","Bacteria","Actinobacteriota","Coriobacteriia","Coriobacteriales","Eggerthellaceae","Eggerthella","lenta"
"ASV59","Bacteria","Bacteroidota","Bacteroidia","Bacteroidales","Bacteroidaceae","Bacteroides",NA
"ASV60","Bacteria","Proteobacteria","Gammaproteobacteria","Enterobacterales","Enterobacteriaceae","Citrobacter","freundii"
"ASV61","Bacteria","Firmicutes","Negativicutes","Veillonellales-Selenomonadales","Veillonellaceae","Megasphaera","micronuciformis"
"ASV62","Bacteria","Proteobacteria","Gammaproteobacteria","Enterobacterales","Enterobacteriaceae","Klebsiella","variicola"
"ASV63","Bacteria","Firmicutes","Clostridia","Lachnospirales","Lachnospiraceae","Blautia",NA
"ASV64","Bacteria","Firmicutes","Clostridia","Lachnospirales","Lachnospiraceae","Sellimonas",NA
"ASV65","Bacteria","Proteobacteria","Gammaproteobacteria","Enterobacterales","Enterobacteriaceae","Klebsiella",NA
"ASV66","Bacteria","Proteobacteria","Gammaproteobacteria","Enterobacterales","Enterobacteriaceae","Raoultella","planticola"
"ASV67","Bacteria","Firmicutes","Clostridia","Clostridiales","Clostridiaceae","Sarcina",NA
"ASV68","Bacteria","Firmicutes","Negativicutes","Veillonellales-Selenomonadales","Veillonellaceae","Veillonella","parvula"
"ASV69","Bacteria","Actinobacteriota","Actinobacteria","Bifidobacteriales","Bifidobacteriaceae","Bifidobacterium","ramosum"
"ASV70","Bacteria","Bacteroidota","Bacteroidia","Bacteroidales","Tannerellaceae","Parabacteroides","distasonis"
"ASV71","Bacteria","Proteobacteria","Gammaproteobacteria","Enterobacterales","Enterobacteriaceae","Escherichia-Shigella","coli"
"ASV72","Bacteria","Actinobacteriota","Actinobacteria","Bifidobacteriales","Bifidobacteriaceae","Bifidobacterium","ramosum"
"ASV73","Bacteria","Actinobacteriota","Actinobacteria","Bifidobacteriales","Bifidobacteriaceae","Bifidobacterium","kashiwanohense"
"ASV74","Bacteria","Firmicutes","Clostridia","Clostridiales","Clostridiaceae","Clostridium sensu stricto 1","paraputrificum"
"ASV75","Bacteria","Proteobacteria","Gammaproteobacteria","Enterobacterales","Enterobacteriaceae","Kosakonia","sacchari"
"ASV76","Bacteria","Firmicutes","Clostridia","Lachnospirales","Lachnospiraceae","Lachnoclostridium",NA
"ASV77","Bacteria","Fusobacteriota","Fusobacteriia","Fusobacteriales","Fusobacteriaceae","Fusobacterium","nucleatum"
"ASV78","Bacteria","Bacteroidota","Bacteroidia","Bacteroidales","Tannerellaceae","Parabacteroides","distasonis"
"ASV79","Bacteria","Proteobacteria","Gammaproteobacteria","Enterobacterales","Enterobacteriaceae","Klebsiella","variicola"
"ASV80","Bacteria","Firmicutes","Clostridia","Lachnospirales","Lachnospiraceae","[Ruminococcus] torques group",NA
"ASV81","Bacteria","Firmicutes","Bacilli","Lactobacillales","Streptococcaceae","Lactococcus","lactis"
"ASV82","Bacteria","Actinobacteriota","Actinobacteria","Bifidobacteriales","Bifidobacteriaceae","Bifidobacterium","longum"
"ASV83","Bacteria","Actinobacteriota","Actinobacteria","Bifidobacteriales","Bifidobacteriaceae","Bifidobacterium","longum"
"ASV84","Bacteria","Firmicutes","Negativicutes","Veillonellales-Selenomonadales","Veillonellaceae","Veillonella","ratti"
"ASV85","Bacteria","Bacteroidota","Bacteroidia","Bacteroidales","Bacteroidaceae","Bacteroides",NA
"ASV86","Bacteria","Firmicutes","Bacilli","Lactobacillales","Lactobacillaceae","Lactobacillus","acidophilus"
"ASV87","Bacteria","Proteobacteria","Gammaproteobacteria","Enterobacterales","Enterobacteriaceae","Citrobacter","freundii"
"ASV88","Bacteria","Actinobacteriota","Actinobacteria","Bifidobacteriales","Bifidobacteriaceae","Bifidobacterium","ramosum"
"ASV89","Bacteria","Firmicutes","Clostridia","Peptostreptococcales-Tissierellales","Peptostreptococcaceae","Intestinibacter",NA
"ASV90","Bacteria","Bacteroidota","Bacteroidia","Bacteroidales","Tannerellaceae","Parabacteroides","distasonis"
"ASV91","Bacteria","Actinobacteriota","Actinobacteria","Bifidobacteriales","Bifidobacteriaceae","Bifidobacterium",NA
"ASV92","Bacteria","Proteobacteria","Gammaproteobacteria","Enterobacterales","Enterobacteriaceae","Kosakonia",NA
"ASV93","Bacteria","Firmicutes","Bacilli","Lactobacillales","Streptococcaceae","Streptococcus","sanguinis"
"ASV94","Bacteria","Actinobacteriota","Actinobacteria","Bifidobacteriales","Bifidobacteriaceae","Bifidobacterium","animalis"
"ASV95","Bacteria","Actinobacteriota","Actinobacteria","Bifidobacteriales","Bifidobacteriaceae","Bifidobacterium",NA
"ASV96","Bacteria","Firmicutes","Clostridia","Lachnospirales","Lachnospiraceae","Anaerostipes","caccae"
"ASV97","Bacteria","Firmicutes","Negativicutes","Veillonellales-Selenomonadales","Veillonellaceae","Veillonella","atypica"
"ASV98","Bacteria","Actinobacteriota","Coriobacteriia","Coriobacteriales","Eggerthellaceae","Eggerthella",NA
"ASV99","Bacteria","Fusobacteriota","Fusobacteriia","Fusobacteriales","Fusobacteriaceae","Fusobacterium","nucleatum"
"ASV100","Bacteria","Firmicutes","Clostridia","Peptostreptococcales-Tissierellales","Peptostreptococcaceae",NA,NA
"ASV101","Bacteria","Firmicutes","Clostridia","Lachnospirales","Lachnospiraceae","Sellimonas",NA
"ASV102","Bacteria","Firmicutes","Negativicutes","Veillonellales-Selenomonadales","Veillonellaceae","Veillonella",NA
"ASV103","Bacteria","Actinobacteriota","Actinobacteria","Bifidobacteriales","Bifidobacteriaceae","Bifidobacterium",NA
"ASV104","Bacteria","Actinobacteriota","Actinobacteria","Bifidobacteriales","Bifidobacteriaceae","Bifidobacterium","ramosum"
"ASV105","Bacteria","Fusobacteriota","Fusobacteriia","Fusobacteriales","Fusobacteriaceae","Fusobacterium",NA
"ASV106","Bacteria","Actinobacteriota","Actinobacteria","Bifidobacteriales","Bifidobacteriaceae","Bifidobacterium",NA
"ASV107","Bacteria","Fusobacteriota","Fusobacteriia","Fusobacteriales","Fusobacteriaceae","Fusobacterium","nucleatum"
"ASV108","Bacteria","Bacteroidota","Bacteroidia","Bacteroidales","Bacteroidaceae","Bacteroides","eggerthii"
"ASV109","Bacteria","Firmicutes","Clostridia","Lachnospirales","Lachnospiraceae",NA,NA
"ASV110","Bacteria","Actinobacteriota","Actinobacteria","Bifidobacteriales","Bifidobacteriaceae","Bifidobacterium","breve"
"ASV111","Bacteria","Proteobacteria","Gammaproteobacteria","Enterobacterales","Enterobacteriaceae",NA,NA
"ASV112","Bacteria","Firmicutes","Clostridia","Lachnospirales","Lachnospiraceae",NA,NA
"ASV113","Bacteria","Firmicutes","Bacilli","Erysipelotrichales","Erysipelatoclostridiaceae","Erysipelatoclostridium","ramosum"
"ASV114","Bacteria","Firmicutes","Bacilli","Lactobacillales","Enterococcaceae","Enterococcus","avium"
"ASV115","Bacteria","Actinobacteriota","Actinobacteria","Bifidobacteriales","Bifidobacteriaceae","Bifidobacterium",NA
"ASV116","Bacteria","Actinobacteriota","Actinobacteria","Bifidobacteriales","Bifidobacteriaceae","Bifidobacterium","longum"
"ASV117","Bacteria","Firmicutes","Clostridia","Oscillospirales","Ruminococcaceae","Faecalibacterium","prausnitzii"
"ASV118","Bacteria","Bacteroidota","Bacteroidia","Bacteroidales","Bacteroidaceae","Bacteroides","stercoris"
"ASV119","Bacteria","Proteobacteria","Gammaproteobacteria","Pseudomonadales","Pseudomonadaceae","Pseudomonas","rhodesiae"
"ASV120","Bacteria","Proteobacteria","Gammaproteobacteria","Enterobacterales","Morganellaceae","Morganella","morganii"
"ASV121","Bacteria","Firmicutes","Clostridia","Clostridiales","Clostridiaceae","Clostridium sensu stricto 1","perfringens"
"ASV122","Bacteria","Actinobacteriota","Actinobacteria","Bifidobacteriales","Bifidobacteriaceae","Bifidobacterium","ramosum"
"ASV123","Bacteria","Desulfobacterota","Desulfovibrionia","Desulfovibrionales","Desulfovibrionaceae","Bilophila",NA
"ASV124","Bacteria","Proteobacteria","Gammaproteobacteria","Enterobacterales","Enterobacteriaceae","Escherichia-Shigella",NA
"ASV125","Bacteria","Firmicutes","Clostridia","Lachnospirales","Lachnospiraceae",NA,NA
"ASV126","Bacteria","Firmicutes","Clostridia","Lachnospirales","Lachnospiraceae","Lachnoclostridium",NA
"ASV127","Bacteria","Firmicutes","Bacilli","Lactobacillales","Streptococcaceae","Streptococcus","pneumoniae"
"ASV128","Bacteria","Actinobacteriota","Actinobacteria","Actinomycetales","Actinomycetaceae","Varibaculum",NA
"ASV129","Bacteria","Firmicutes","Bacilli","Lactobacillales","Streptococcaceae","Streptococcus","peroris"
"ASV130","Bacteria","Firmicutes","Clostridia","Clostridiales","Clostridiaceae",NA,NA
"ASV131","Bacteria","Firmicutes","Bacilli","Lactobacillales","Enterococcaceae","Enterococcus",NA
"ASV132","Bacteria","Firmicutes","Clostridia","Lachnospirales","Lachnospiraceae",NA,NA
"ASV133","Bacteria","Firmicutes","Clostridia","Clostridiales","Clostridiaceae","Clostridium sensu stricto 1","baratii"
"ASV134","Bacteria","Actinobacteriota","Actinobacteria","Actinomycetales","Actinomycetaceae","Varibaculum","cambriense"
"ASV135","Bacteria","Proteobacteria","Gammaproteobacteria","Enterobacterales","Enterobacteriaceae",NA,NA
"ASV136","Bacteria","Firmicutes","Clostridia","Lachnospirales","Lachnospiraceae",NA,NA
"ASV137","Bacteria","Actinobacteriota","Actinobacteria","Bifidobacteriales","Bifidobacteriaceae","Bifidobacterium","longum"
"ASV138","Bacteria","Actinobacteriota","Actinobacteria","Actinomycetales","Actinomycetaceae","Actinomyces",NA
"ASV139","Bacteria","Firmicutes","Negativicutes","Veillonellales-Selenomonadales","Veillonellaceae","Veillonella","atypica"
"ASV140","Bacteria","Firmicutes","Bacilli","Erysipelotrichales","Erysipelotrichaceae","[Clostridium] innocuum group",NA
"ASV141","Bacteria","Firmicutes","Negativicutes","Acidaminococcales","Acidaminococcaceae","Phascolarctobacterium","faecium"
"ASV142","Bacteria","Firmicutes","Clostridia","Lachnospirales","Lachnospiraceae","Hungatella","hathewayi"
"ASV143","Bacteria","Firmicutes","Clostridia","Oscillospirales","Oscillospiraceae","Flavonifractor",NA
"ASV144","Bacteria","Firmicutes","Clostridia","Oscillospirales","Ruminococcaceae","Caproiciproducens",NA
"ASV145","Bacteria","Proteobacteria","Gammaproteobacteria","Enterobacterales","Hafniaceae","Hafnia-Obesumbacterium","alvei"
"ASV146","Bacteria","Proteobacteria","Gammaproteobacteria","Enterobacterales","Enterobacteriaceae",NA,NA
"ASV147","Bacteria","Firmicutes","Clostridia","Lachnospirales","Lachnospiraceae","Blautia","hansenii"
"ASV148","Bacteria","Firmicutes","Clostridia","Clostridiales","Clostridiaceae","Clostridium sensu stricto 1","tertium"
"ASV149","Bacteria","Proteobacteria","Gammaproteobacteria","Enterobacterales","Enterobacteriaceae","Escherichia-Shigella","flexneri"
"ASV150","Bacteria","Bacteroidota","Bacteroidia","Bacteroidales","Dysgonomonadaceae","Dysgonomonas","capnocytophagoides"
"ASV151","Bacteria","Proteobacteria","Gammaproteobacteria","Enterobacterales","Enterobacteriaceae",NA,NA
"ASV152","Bacteria","Firmicutes","Clostridia","Lachnospirales","Lachnospiraceae",NA,NA
"ASV153","Bacteria","Actinobacteriota","Actinobacteria","Bifidobacteriales","Bifidobacteriaceae","Bifidobacterium",NA
"ASV154","Bacteria","Firmicutes","Negativicutes","Veillonellales-Selenomonadales","Veillonellaceae","Megasphaera","micronuciformis"
"ASV155","Bacteria","Actinobacteriota","Coriobacteriia","Coriobacteriales","Coriobacteriaceae","Collinsella","aerofaciens"
"ASV156","Bacteria","Proteobacteria","Gammaproteobacteria","Enterobacterales","Enterobacteriaceae","Escherichia-Shigella",NA
"ASV157","Bacteria","Firmicutes","Bacilli","Erysipelotrichales","Erysipelotrichaceae","[Clostridium] innocuum group",NA
"ASV158","Bacteria","Actinobacteriota","Actinobacteria","Bifidobacteriales","Bifidobacteriaceae","Bifidobacterium","longum"
"ASV159","Bacteria","Actinobacteriota","Actinobacteria","Bifidobacteriales","Bifidobacteriaceae","Bifidobacterium",NA
"ASV160","Bacteria","Proteobacteria","Gammaproteobacteria","Enterobacterales","Morganellaceae","Morganella","morganii"
"ASV161","Bacteria","Firmicutes","Bacilli","Lactobacillales","Lactobacillaceae","Lactiplantibacillus",NA
"ASV162","Bacteria","Firmicutes","Bacilli","Erysipelotrichales","Erysipelotrichaceae","Turicibacter",NA
"ASV163","Bacteria","Proteobacteria","Gammaproteobacteria","Enterobacterales","Enterobacteriaceae","Escherichia-Shigella","marmotae"
"ASV164","Bacteria","Firmicutes","Clostridia","Clostridiales","Clostridiaceae","Clostridium sensu stricto 1",NA
"ASV165","Bacteria","Firmicutes","Bacilli","Lactobacillales","Streptococcaceae","Streptococcus",NA
"ASV166","Bacteria","Firmicutes","Clostridia","Clostridiales","Clostridiaceae","Clostridium sensu stricto 1",NA
"ASV167","Bacteria","Firmicutes","Negativicutes","Veillonellales-Selenomonadales","Veillonellaceae","Megasphaera","micronuciformis"
"ASV168","Bacteria","Proteobacteria","Gammaproteobacteria","Enterobacterales","Enterobacteriaceae","Escherichia-Shigella","marmotae"
"ASV169","Bacteria","Bacteroidota","Bacteroidia","Bacteroidales","Bacteroidaceae","Bacteroides","fragilis"
"ASV170","Bacteria","Firmicutes","Clostridia","Oscillospirales","Oscillospiraceae","Flavonifractor",NA
"ASV171","Bacteria","Actinobacteriota","Coriobacteriia","Coriobacteriales","Coriobacteriaceae","Collinsella","aerofaciens"
"ASV172","Bacteria","Firmicutes","Clostridia","Lachnospirales","Lachnospiraceae","Blautia",NA
"ASV173","Bacteria","Firmicutes","Clostridia","Lachnospirales","Lachnospiraceae",NA,NA
"ASV174","Bacteria","Firmicutes","Bacilli","Staphylococcales","Staphylococcaceae","Staphylococcus","aureus"
"ASV175","Bacteria","Firmicutes","Clostridia","Lachnospirales","Lachnospiraceae","[Ruminococcus] torques group",NA
"ASV176","Bacteria","Actinobacteriota","Coriobacteriia","Coriobacteriales","Coriobacteriaceae","Collinsella",NA
"ASV177","Bacteria","Proteobacteria","Gammaproteobacteria","Enterobacterales","Enterobacteriaceae","Escherichia-Shigella",NA
"ASV178","Bacteria","Firmicutes","Clostridia","Oscillospirales","Ruminococcaceae",NA,NA
"ASV179","Bacteria","Actinobacteriota","Actinobacteria","Actinomycetales","Actinomycetaceae","Actinomyces",NA
"ASV180","Bacteria","Firmicutes","Bacilli","Lactobacillales","Lactobacillaceae","Lacticaseibacillus",NA
"ASV181","Bacteria","Proteobacteria","Gammaproteobacteria","Enterobacterales","Enterobacteriaceae","Enterobacter","hormaechei"
"ASV182","Bacteria","Bacteroidota","Bacteroidia","Bacteroidales","Bacteroidaceae","Bacteroides","fragilis"
"ASV183","Bacteria","Actinobacteriota","Coriobacteriia","Coriobacteriales","Coriobacteriaceae","Collinsella","aerofaciens"
"ASV184","Bacteria","Firmicutes","Clostridia","Oscillospirales","Ruminococcaceae","Incertae Sedis",NA
"ASV185","Bacteria","Proteobacteria","Gammaproteobacteria","Enterobacterales","Enterobacteriaceae","Escherichia-Shigella","marmotae"
"ASV186","Bacteria","Firmicutes","Negativicutes","Acidaminococcales","Acidaminococcaceae","Phascolarctobacterium",NA
"ASV187","Bacteria","Firmicutes","Clostridia","Lachnospirales","Lachnospiraceae",NA,NA
"ASV188","Bacteria","Firmicutes","Bacilli","Erysipelotrichales","Erysipelotrichaceae","[Clostridium] innocuum group",NA
"ASV189","Bacteria","Actinobacteriota","Actinobacteria","Actinomycetales","Actinomycetaceae","Arcanobacterium",NA
"ASV190","Bacteria","Firmicutes","Bacilli","Erysipelotrichales","Erysipelotrichaceae","[Clostridium] innocuum group",NA
"ASV191","Bacteria","Firmicutes","Negativicutes","Acidaminococcales","Acidaminococcaceae","Phascolarctobacterium","succinatutens"
"ASV192","Bacteria","Bacteroidota","Bacteroidia","Bacteroidales","Bacteroidaceae","Bacteroides","fragilis"
"ASV193","Bacteria","Actinobacteriota","Actinobacteria","Actinomycetales","Actinomycetaceae","Actinomyces",NA
"ASV194","Bacteria","Firmicutes","Clostridia","Lachnospirales","Lachnospiraceae","Hungatella","hathewayi"
"ASV195","Bacteria","Firmicutes","Bacilli","Lactobacillales","Enterococcaceae","Enterococcus",NA
"ASV196","Bacteria","Actinobacteriota","Actinobacteria","Bifidobacteriales","Bifidobacteriaceae","Bifidobacterium",NA
"ASV197","Bacteria","Actinobacteriota","Coriobacteriia","Coriobacteriales","Coriobacteriaceae","Collinsella",NA
"ASV198","Bacteria","Firmicutes","Bacilli","Lactobacillales","Enterococcaceae","Enterococcus",NA
"ASV199","Bacteria","Actinobacteriota","Actinobacteria","Bifidobacteriales","Bifidobacteriaceae","Bifidobacterium","ramosum"
"ASV200","Bacteria","Actinobacteriota","Actinobacteria","Bifidobacteriales","Bifidobacteriaceae","Bifidobacterium",NA
"ASV201","Bacteria","Campylobacterota","Campylobacteria","Campylobacterales","Campylobacteraceae","Campylobacter","gracilis"
"ASV202","Bacteria","Actinobacteriota","Coriobacteriia","Coriobacteriales","Coriobacteriaceae","Collinsella","aerofaciens"
"ASV203","Bacteria","Proteobacteria","Gammaproteobacteria","Enterobacterales","Enterobacteriaceae",NA,NA
"ASV204","Bacteria","Bacteroidota","Bacteroidia","Bacteroidales","Bacteroidaceae","Bacteroides","fragilis"
"ASV205","Bacteria","Proteobacteria","Gammaproteobacteria","Enterobacterales","Enterobacteriaceae","Lelliottia",NA
"ASV206","Bacteria","Proteobacteria","Gammaproteobacteria","Enterobacterales","Enterobacteriaceae",NA,NA
"ASV207","Bacteria","Actinobacteriota","Actinobacteria","Micrococcales","Micrococcaceae","Rothia","mucilaginosa"
"ASV208","Bacteria","Proteobacteria","Gammaproteobacteria","Enterobacterales","Enterobacteriaceae","Klebsiella","aerogenes"
"ASV209","Bacteria","Actinobacteriota","Coriobacteriia","Coriobacteriales","Coriobacteriaceae","Collinsella",NA
"ASV210","Bacteria","Actinobacteriota","Actinobacteria","Bifidobacteriales","Bifidobacteriaceae","Bifidobacterium","breve"
"ASV211","Bacteria","Firmicutes","Clostridia","Peptostreptococcales-Tissierellales","Peptostreptococcaceae",NA,NA
"ASV212","Bacteria","Firmicutes","Clostridia","Lachnospirales","Lachnospiraceae","Hungatella","hathewayi"
"ASV213","Bacteria","Firmicutes","Clostridia","Lachnospirales","Lachnospiraceae",NA,NA
"ASV214","Bacteria","Firmicutes","Clostridia","Lachnospirales","Lachnospiraceae",NA,NA
"ASV215","Bacteria","Firmicutes","Bacilli","Lactobacillales","Enterococcaceae","Enterococcus",NA
"ASV216","Bacteria","Firmicutes","Clostridia","Lachnospirales","Lachnospiraceae","Blautia","wexlerae"
"ASV217","Bacteria","Firmicutes","Bacilli","Lactobacillales","Streptococcaceae","Streptococcus",NA
"ASV218","Bacteria","Firmicutes","Negativicutes","Veillonellales-Selenomonadales","Veillonellaceae","Megasphaera","micronuciformis"
"ASV219","Bacteria","Proteobacteria","Gammaproteobacteria","Enterobacterales","Pasteurellaceae","Haemophilus","parainfluenzae"
"ASV220","Bacteria","Proteobacteria","Gammaproteobacteria","Enterobacterales","Enterobacteriaceae","Escherichia-Shigella","marmotae"
"ASV221","Bacteria","Proteobacteria","Gammaproteobacteria","Pseudomonadales","Pseudomonadaceae","Pseudomonas","umsongensis"
"ASV222","Bacteria","Actinobacteriota","Coriobacteriia","Coriobacteriales","Coriobacteriaceae","Collinsella",NA
"ASV223","Bacteria","Firmicutes","Clostridia","Lachnospirales","Lachnospiraceae","Blautia","wexlerae"
"ASV224","Bacteria","Proteobacteria","Gammaproteobacteria","Enterobacterales",NA,NA,NA
"ASV225","Bacteria","Proteobacteria","Gammaproteobacteria","Enterobacterales",NA,NA,NA
"ASV226","Bacteria","Actinobacteriota","Actinobacteria","Bifidobacteriales","Bifidobacteriaceae","Bifidobacterium","catenulatum"
"ASV227","Bacteria","Firmicutes","Clostridia","Lachnospirales","Lachnospiraceae","Roseburia",NA
"ASV228","Bacteria","Proteobacteria","Gammaproteobacteria","Enterobacterales","Enterobacteriaceae","Klebsiella",NA
"ASV229","Bacteria","Proteobacteria","Alphaproteobacteria","Rhizobiales","Rhizobiaceae","Brucella","melitensis"
"ASV230","Bacteria","Actinobacteriota","Actinobacteria","Bifidobacteriales","Bifidobacteriaceae","Bifidobacterium",NA
"ASV231","Bacteria","Actinobacteriota","Actinobacteria","Bifidobacteriales","Bifidobacteriaceae","Bifidobacterium",NA
"ASV232","Bacteria","Firmicutes","Bacilli","Lactobacillales","Streptococcaceae","Streptococcus","thermophilus"
"ASV233","Bacteria","Actinobacteriota","Actinobacteria","Bifidobacteriales","Bifidobacteriaceae","Bifidobacterium",NA
"ASV234","Bacteria","Firmicutes","Clostridia","Lachnospirales","Lachnospiraceae","Blautia",NA
"ASV235","Bacteria","Bacteroidota","Bacteroidia","Bacteroidales","Bacteroidaceae","Bacteroides","fragilis"
"ASV236","Bacteria","Firmicutes","Bacilli","Lactobacillales","Streptococcaceae","Streptococcus","parasanguinis"
"ASV237","Bacteria","Firmicutes","Clostridia","Lachnospirales","Lachnospiraceae","Blautia",NA
"ASV238","Bacteria","Firmicutes","Clostridia","Oscillospirales","Ruminococcaceae","Incertae Sedis",NA
"ASV239","Bacteria","Actinobacteriota","Actinobacteria","Actinomycetales","Actinomycetaceae","Actinomyces","pacaensis"
"ASV240","Bacteria","Proteobacteria","Gammaproteobacteria","Enterobacterales","Enterobacteriaceae",NA,NA
"ASV241","Bacteria","Bacteroidota","Bacteroidia","Bacteroidales","Bacteroidaceae","Bacteroides","vulgatus"
"ASV242","Bacteria","Bacteroidota","Bacteroidia","Bacteroidales","Bacteroidaceae","Bacteroides",NA
"ASV243","Bacteria","Firmicutes","Clostridia","Lachnospirales","Lachnospiraceae",NA,NA
"ASV244","Bacteria","Firmicutes","Clostridia","Lachnospirales","Lachnospiraceae","Blautia","wexlerae"
"ASV245","Bacteria","Firmicutes","Clostridia","Oscillospirales","Ruminococcaceae","Pygmaiobacter","massiliensis"
"ASV246","Bacteria","Firmicutes","Clostridia","Lachnospirales","Lachnospiraceae","Tyzzerella",NA
"ASV247","Bacteria","Firmicutes","Bacilli","Lactobacillales","Enterococcaceae","Enterococcus",NA
"ASV248","Bacteria","Firmicutes","Bacilli","Lactobacillales","Enterococcaceae","Enterococcus",NA
"ASV249","Bacteria","Proteobacteria","Gammaproteobacteria","Enterobacterales","Enterobacteriaceae",NA,NA
"ASV250","Bacteria","Proteobacteria","Gammaproteobacteria","Enterobacterales","Enterobacteriaceae",NA,NA
"ASV251","Bacteria","Firmicutes","Bacilli","Lactobacillales","Streptococcaceae","Streptococcus","parasanguinis"
"ASV252","Bacteria","Firmicutes","Clostridia","Oscillospirales","Ruminococcaceae","Incertae Sedis",NA
"ASV253","Bacteria","Actinobacteriota","Actinobacteria","Bifidobacteriales","Bifidobacteriaceae","Bifidobacterium",NA
"ASV254","Bacteria","Proteobacteria","Gammaproteobacteria","Enterobacterales","Enterobacteriaceae","Kluyvera",NA
"ASV255","Bacteria","Firmicutes","Clostridia","Peptostreptococcales-Tissierellales","Peptostreptococcaceae","Intestinibacter",NA
"ASV256","Bacteria","Actinobacteriota","Actinobacteria","Bifidobacteriales","Bifidobacteriaceae","Bifidobacterium",NA
"ASV257","Bacteria","Actinobacteriota","Actinobacteria","Actinomycetales","Actinomycetaceae","Actinomyces",NA
"ASV258","Bacteria","Proteobacteria","Gammaproteobacteria","Enterobacterales","Enterobacteriaceae",NA,NA
"ASV259","Bacteria","Actinobacteriota","Actinobacteria","Bifidobacteriales","Bifidobacteriaceae","Bifidobacterium","ramosum"
"ASV260","Bacteria","Firmicutes","Negativicutes","Acidaminococcales","Acidaminococcaceae","Phascolarctobacterium",NA
"ASV261","Bacteria","Proteobacteria","Gammaproteobacteria","Enterobacterales","Enterobacteriaceae",NA,NA
"ASV262","Bacteria","Firmicutes","Clostridia","Lachnospirales","Lachnospiraceae","Blautia",NA
"ASV263","Bacteria","Firmicutes","Clostridia","Clostridiales","Clostridiaceae",NA,NA
"ASV264","Bacteria","Proteobacteria","Gammaproteobacteria","Enterobacterales","Enterobacteriaceae",NA,NA
"ASV265","Bacteria","Firmicutes","Clostridia","Clostridiales","Clostridiaceae","Clostridium sensu stricto 1","baratii"
"ASV266","Bacteria","Proteobacteria","Gammaproteobacteria","Enterobacterales","Enterobacteriaceae",NA,NA
"ASV267","Bacteria","Proteobacteria","Gammaproteobacteria","Enterobacterales","Enterobacteriaceae","Escherichia-Shigella",NA
"ASV268","Bacteria","Actinobacteriota","Coriobacteriia","Coriobacteriales","Coriobacteriaceae","Collinsella","aerofaciens"
"ASV269","Bacteria","Firmicutes","Bacilli","Lactobacillales","Streptococcaceae","Streptococcus","peroris"
"ASV270","Bacteria","Firmicutes","Bacilli","Lactobacillales","Streptococcaceae","Streptococcus","thermophilus"
"ASV271","Bacteria","Bacteroidota","Bacteroidia","Bacteroidales","Bacteroidaceae","Bacteroides","fragilis"
"ASV272","Bacteria","Actinobacteriota","Actinobacteria","Actinomycetales","Actinomycetaceae","Actinomyces","pacaensis"
"ASV273","Bacteria","Actinobacteriota","Actinobacteria","Bifidobacteriales","Bifidobacteriaceae","Bifidobacterium",NA
"ASV274","Bacteria","Bacteroidota","Bacteroidia","Bacteroidales","Bacteroidaceae","Bacteroides",NA
"ASV275","Bacteria","Firmicutes","Clostridia","Lachnospirales","Lachnospiraceae","Blautia",NA
"ASV276","Bacteria","Proteobacteria","Gammaproteobacteria","Enterobacterales","Enterobacteriaceae","Enterobacter",NA
"ASV277","Bacteria","Actinobacteriota","Actinobacteria","Bifidobacteriales","Bifidobacteriaceae","Bifidobacterium",NA
"ASV278","Bacteria","Actinobacteriota","Coriobacteriia","Coriobacteriales","Coriobacteriaceae","Collinsella","aerofaciens"
"ASV279","Bacteria","Proteobacteria","Gammaproteobacteria","Enterobacterales",NA,NA,NA
"ASV280","Bacteria","Firmicutes","Clostridia","Monoglobales","Monoglobaceae","Monoglobus",NA
"ASV281","Bacteria","Proteobacteria","Gammaproteobacteria","Enterobacterales","Enterobacteriaceae",NA,NA
"ASV282","Bacteria","Proteobacteria","Gammaproteobacteria","Enterobacterales","Enterobacteriaceae","Enterobacter",NA
"ASV283","Bacteria","Firmicutes","Clostridia","Clostridiales","Clostridiaceae","Clostridium sensu stricto 1",NA
"ASV284","Bacteria","Proteobacteria","Gammaproteobacteria","Enterobacterales","Enterobacteriaceae",NA,NA
"ASV285","Bacteria","Actinobacteriota","Actinobacteria","Bifidobacteriales","Bifidobacteriaceae","Bifidobacterium","ramosum"
"ASV286","Bacteria","Proteobacteria","Gammaproteobacteria","Enterobacterales","Enterobacteriaceae",NA,NA
"ASV287","Bacteria","Proteobacteria","Gammaproteobacteria","Enterobacterales","Morganellaceae","Proteus","vulgaris"
"ASV288","Bacteria","Bacteroidota","Bacteroidia","Bacteroidales","Bacteroidaceae","Bacteroides","fragilis"
"ASV289","Bacteria","Firmicutes","Bacilli","Lactobacillales","Enterococcaceae","Enterococcus",NA
"ASV290","Bacteria","Actinobacteriota","Actinobacteria","Actinomycetales","Actinomycetaceae","Varibaculum",NA
"ASV291","Bacteria","Firmicutes","Bacilli","Staphylococcales","Staphylococcaceae","Staphylococcus","caprae"
"ASV292","Bacteria","Proteobacteria","Gammaproteobacteria","Enterobacterales","Enterobacteriaceae",NA,NA
"ASV293","Bacteria","Actinobacteriota","Actinobacteria","Bifidobacteriales","Bifidobacteriaceae","Bifidobacterium","longum"
"ASV294","Bacteria","Actinobacteriota","Actinobacteria","Bifidobacteriales","Bifidobacteriaceae","Bifidobacterium","longum"
"ASV295","Bacteria","Actinobacteriota","Actinobacteria","Bifidobacteriales","Bifidobacteriaceae","Bifidobacterium","longum"
"ASV296",NA,NA,NA,NA,NA,NA,NA
"ASV297","Bacteria","Actinobacteriota","Coriobacteriia","Coriobacteriales","Coriobacteriaceae","Collinsella","aerofaciens"
"ASV298","Bacteria","Actinobacteriota","Actinobacteria","Bifidobacteriales","Bifidobacteriaceae","Bifidobacterium",NA
"ASV299","Bacteria","Firmicutes","Clostridia","Lachnospirales","Lachnospiraceae","Hungatella","hathewayi"
"ASV300","Bacteria","Proteobacteria","Gammaproteobacteria","Enterobacterales","Enterobacteriaceae","Enterobacter",NA
"ASV301","Bacteria","Firmicutes","Bacilli","Lactobacillales","Enterococcaceae","Enterococcus","faecalis"
"ASV302","Bacteria","Firmicutes","Clostridia","Clostridiales","Clostridiaceae","Clostridium sensu stricto 1","paraputrificum"
"ASV303","Bacteria","Proteobacteria","Gammaproteobacteria","Enterobacterales","Enterobacteriaceae",NA,NA
"ASV304","Bacteria","Firmicutes","Bacilli","Lactobacillales","Lactobacillaceae","Lactobacillus","gasseri"
"ASV305","Bacteria","Bacteroidota","Bacteroidia","Bacteroidales","Bacteroidaceae","Bacteroides","fragilis"
"ASV306","Bacteria","Bacteroidota","Bacteroidia","Bacteroidales","Bacteroidaceae","Bacteroides","vulgatus"
"ASV307","Bacteria","Proteobacteria","Gammaproteobacteria","Enterobacterales","Enterobacteriaceae","Escherichia-Shigella",NA
"ASV308","Bacteria","Proteobacteria","Gammaproteobacteria","Enterobacterales","Enterobacteriaceae",NA,NA
"ASV309","Bacteria","Proteobacteria","Gammaproteobacteria","Enterobacterales",NA,NA,NA
"ASV310","Bacteria","Firmicutes","Clostridia","Lachnospirales","Lachnospiraceae",NA,NA
"ASV311","Bacteria","Proteobacteria","Gammaproteobacteria","Enterobacterales","Enterobacteriaceae",NA,NA
"ASV312","Bacteria","Firmicutes","Clostridia","Clostridiales","Clostridiaceae","Clostridium sensu stricto 1",NA
"ASV313","Bacteria","Proteobacteria","Gammaproteobacteria","Enterobacterales","Enterobacteriaceae","Enterobacter",NA
"ASV314","Bacteria","Bacteroidota","Bacteroidia","Bacteroidales","Bacteroidaceae","Bacteroides","fragilis"
"ASV315","Bacteria","Actinobacteriota","Actinobacteria","Bifidobacteriales","Bifidobacteriaceae","Bifidobacterium",NA
"ASV316","Bacteria","Firmicutes","Bacilli","Lactobacillales","Lactobacillaceae","Lacticaseibacillus",NA
"ASV317","Bacteria","Firmicutes","Clostridia","Lachnospirales","Lachnospiraceae","Hungatella","hathewayi"
"ASV318","Bacteria","Actinobacteriota","Coriobacteriia","Coriobacteriales","Coriobacteriaceae","Collinsella","aerofaciens"
"ASV319","Bacteria","Proteobacteria","Gammaproteobacteria","Enterobacterales","Enterobacteriaceae",NA,NA
"ASV320","Bacteria","Firmicutes","Clostridia","Lachnospirales","Lachnospiraceae","Blautia","wexlerae"
"ASV321","Bacteria","Proteobacteria","Gammaproteobacteria","Enterobacterales","Enterobacteriaceae",NA,NA
"ASV322","Bacteria","Proteobacteria","Gammaproteobacteria","Enterobacterales","Enterobacteriaceae","Enterobacter","hormaechei"
"ASV323","Bacteria","Proteobacteria","Gammaproteobacteria","Enterobacterales","Enterobacteriaceae","Escherichia-Shigella",NA
"ASV324","Bacteria","Firmicutes","Clostridia","Peptostreptococcales-Tissierellales","Peptostreptococcaceae","Clostridioides","difficile"
"ASV325","Bacteria","Firmicutes","Bacilli","Lactobacillales",NA,NA,NA
"ASV326","Bacteria","Actinobacteriota","Actinobacteria","Bifidobacteriales","Bifidobacteriaceae","Bifidobacterium",NA
"ASV327","Bacteria","Proteobacteria","Gammaproteobacteria","Enterobacterales","Enterobacteriaceae",NA,NA
"ASV328","Bacteria","Firmicutes","Negativicutes","Veillonellales-Selenomonadales","Veillonellaceae","Veillonella","rogosae"
"ASV329","Bacteria","Bacteroidota","Bacteroidia","Bacteroidales","Bacteroidaceae","Bacteroides","vulgatus"
"ASV330","Bacteria","Firmicutes","Bacilli","Lactobacillales","Streptococcaceae","Streptococcus",NA
"ASV331","Bacteria","Firmicutes","Bacilli","Lactobacillales","Lactobacillaceae","Lacticaseibacillus",NA
"ASV332","Bacteria","Proteobacteria","Gammaproteobacteria","Enterobacterales","Enterobacteriaceae",NA,NA
"ASV333","Bacteria","Proteobacteria","Gammaproteobacteria","Enterobacterales","Enterobacteriaceae",NA,NA
"ASV334","Bacteria","Actinobacteriota","Actinobacteria","Bifidobacteriales","Bifidobacteriaceae","Bifidobacterium","longum"
"ASV335","Bacteria","Actinobacteriota","Coriobacteriia","Coriobacteriales","Coriobacteriaceae","Collinsella","aerofaciens"
"ASV336","Bacteria","Bacteroidota","Bacteroidia","Bacteroidales","Bacteroidaceae","Bacteroides","fragilis"
"ASV337","Bacteria","Firmicutes","Bacilli","Lactobacillales","Lactobacillaceae","Lacticaseibacillus",NA
"ASV338","Bacteria","Firmicutes","Bacilli","Lactobacillales","Streptococcaceae","Streptococcus",NA
"ASV339","Bacteria","Firmicutes","Clostridia","Lachnospirales","Lachnospiraceae","Lachnospira",NA
"ASV340","Bacteria","Desulfobacterota","Desulfovibrionia","Desulfovibrionales","Desulfovibrionaceae","Bilophila","wadsworthia"
"ASV341","Bacteria","Firmicutes","Clostridia","Lachnospirales","Lachnospiraceae","Hungatella","hathewayi"
"ASV342","Bacteria","Firmicutes","Negativicutes","Veillonellales-Selenomonadales","Veillonellaceae","Negativicoccus","massiliensis"
"ASV343","Bacteria","Bacteroidota","Bacteroidia","Bacteroidales","Bacteroidaceae","Bacteroides","fragilis"
"ASV344","Bacteria","Proteobacteria","Gammaproteobacteria","Enterobacterales","Enterobacteriaceae",NA,NA
"ASV345","Bacteria","Firmicutes","Clostridia","Peptostreptococcales-Tissierellales","Peptostreptococcaceae","Terrisporobacter",NA
"ASV346","Bacteria","Firmicutes","Bacilli","Lactobacillales","Enterococcaceae","Enterococcus",NA
"ASV347","Bacteria","Actinobacteriota","Coriobacteriia","Coriobacteriales","Coriobacteriaceae","Collinsella","aerofaciens"
"ASV348","Bacteria","Firmicutes","Bacilli","Lactobacillales","Enterococcaceae",NA,NA
"ASV349","Bacteria","Firmicutes","Clostridia","Peptostreptococcales-Tissierellales","Family XI","Anaerococcus","vaginalis"
"ASV350","Bacteria","Proteobacteria","Gammaproteobacteria","Enterobacterales","Enterobacteriaceae",NA,NA
"ASV351","Bacteria","Proteobacteria","Gammaproteobacteria","Enterobacterales","Enterobacteriaceae","Escherichia-Shigella",NA
"ASV352","Bacteria","Actinobacteriota","Actinobacteria","Bifidobacteriales","Bifidobacteriaceae","Bifidobacterium","kashiwanohense"
"ASV353","Bacteria","Actinobacteriota","Actinobacteria","Bifidobacteriales","Bifidobacteriaceae","Bifidobacterium",NA
"ASV354","Bacteria","Actinobacteriota","Actinobacteria","Bifidobacteriales","Bifidobacteriaceae","Bifidobacterium",NA
"ASV355","Bacteria","Actinobacteriota","Coriobacteriia","Coriobacteriales","Eggerthellaceae","Eggerthella",NA
"ASV356","Bacteria","Firmicutes","Bacilli","Lactobacillales","Lactobacillaceae","Lacticaseibacillus",NA
"ASV357","Bacteria","Bacteroidota","Bacteroidia","Bacteroidales","Bacteroidaceae","Bacteroides","stercoris"
"ASV358","Bacteria","Bacteroidota","Bacteroidia","Bacteroidales","Bacteroidaceae","Bacteroides",NA
"ASV359","Bacteria","Firmicutes","Clostridia","Lachnospirales","Lachnospiraceae",NA,NA
"ASV360","Bacteria","Actinobacteriota","Actinobacteria","Bifidobacteriales","Bifidobacteriaceae","Bifidobacterium","ramosum"
"ASV361","Bacteria","Actinobacteriota","Actinobacteria","Bifidobacteriales","Bifidobacteriaceae","Bifidobacterium","ramosum"
"ASV362","Bacteria","Proteobacteria","Gammaproteobacteria","Enterobacterales","Enterobacteriaceae",NA,NA
"ASV363","Bacteria","Proteobacteria","Gammaproteobacteria","Enterobacterales","Enterobacteriaceae",NA,NA
"ASV364","Bacteria","Firmicutes","Bacilli","Lactobacillales","Lactobacillaceae","Lacticaseibacillus",NA
"ASV365","Bacteria","Actinobacteriota","Actinobacteria","Bifidobacteriales","Bifidobacteriaceae","Bifidobacterium","breve"
"ASV366","Bacteria","Firmicutes","Bacilli","Lactobacillales","Enterococcaceae","Enterococcus",NA
"ASV367","Bacteria","Proteobacteria","Gammaproteobacteria","Enterobacterales","Enterobacteriaceae",NA,NA
"ASV368","Bacteria","Firmicutes","Clostridia","Oscillospirales","Ruminococcaceae","Incertae Sedis",NA
"ASV369","Bacteria","Firmicutes","Bacilli","Lactobacillales","Streptococcaceae","Streptococcus",NA
"ASV370","Bacteria","Firmicutes","Clostridia","Peptostreptococcales-Tissierellales","Peptostreptococcaceae",NA,NA
"ASV371","Bacteria","Actinobacteriota","Actinobacteria","Bifidobacteriales","Bifidobacteriaceae","Bifidobacterium","kashiwanohense"
"ASV372","Bacteria","Firmicutes","Clostridia","Peptostreptococcales-Tissierellales","Peptostreptococcaceae","Paeniclostridium","sordellii"
"ASV373","Bacteria","Actinobacteriota","Actinobacteria","Bifidobacteriales","Bifidobacteriaceae","Bifidobacterium","ramosum"
"ASV374","Bacteria","Actinobacteriota","Coriobacteriia","Coriobacteriales","Coriobacteriaceae","Collinsella",NA
"ASV375","Bacteria","Actinobacteriota","Coriobacteriia","Coriobacteriales","Coriobacteriaceae","Collinsella","aerofaciens"
"ASV376","Bacteria","Actinobacteriota","Actinobacteria","Bifidobacteriales","Bifidobacteriaceae","Bifidobacterium",NA
"ASV377","Bacteria","Firmicutes","Clostridia","Lachnospirales","Lachnospiraceae","Blautia",NA
"ASV378","Bacteria","Actinobacteriota","Actinobacteria","Bifidobacteriales","Bifidobacteriaceae","Bifidobacterium",NA
"ASV379","Bacteria","Firmicutes","Bacilli","Lactobacillales","Enterococcaceae","Enterococcus",NA
"ASV380","Bacteria","Firmicutes","Bacilli","Lactobacillales","Enterococcaceae","Enterococcus",NA
"ASV381","Bacteria","Firmicutes","Bacilli","Lactobacillales","Streptococcaceae","Streptococcus",NA
"ASV382","Bacteria","Firmicutes","Clostridia","Lachnospirales","Lachnospiraceae",NA,NA
"ASV383","Bacteria","Firmicutes","Clostridia","Lachnospirales","Lachnospiraceae",NA,NA
"ASV384","Bacteria","Actinobacteriota","Actinobacteria","Bifidobacteriales","Bifidobacteriaceae","Bifidobacterium",NA
"ASV385","Bacteria","Actinobacteriota","Actinobacteria","Actinomycetales","Actinomycetaceae","Varibaculum","cambriense"
"ASV386","Bacteria","Firmicutes","Clostridia","Lachnospirales","Lachnospiraceae","Hungatella","hathewayi"
"ASV387","Bacteria","Firmicutes","Bacilli","Lactobacillales","Enterococcaceae","Enterococcus",NA
"ASV388","Bacteria","Proteobacteria","Gammaproteobacteria","Enterobacterales","Enterobacteriaceae","Escherichia-Shigella","marmotae"
"ASV389","Bacteria","Actinobacteriota","Actinobacteria","Bifidobacteriales","Bifidobacteriaceae","Bifidobacterium","longum"
"ASV390","Bacteria","Actinobacteriota","Actinobacteria","Bifidobacteriales","Bifidobacteriaceae","Bifidobacterium",NA
"ASV391","Bacteria","Actinobacteriota","Actinobacteria","Bifidobacteriales","Bifidobacteriaceae","Bifidobacterium","ramosum"
"ASV392","Bacteria","Bacteroidota","Bacteroidia","Bacteroidales","Bacteroidaceae","Bacteroides","fragilis"
"ASV393","Bacteria","Firmicutes","Bacilli","Lactobacillales","Enterococcaceae","Enterococcus",NA
"ASV394","Bacteria","Bacteroidota","Bacteroidia","Bacteroidales","Bacteroidaceae","Bacteroides","vulgatus"
"ASV395","Bacteria","Firmicutes","Clostridia","Lachnospirales","Lachnospiraceae",NA,NA
"ASV396","Bacteria","Firmicutes","Clostridia","Lachnospirales","Lachnospiraceae","Hungatella",NA
"ASV397","Bacteria","Actinobacteriota","Actinobacteria","Bifidobacteriales","Bifidobacteriaceae","Bifidobacterium",NA
"ASV398","Bacteria","Firmicutes","Clostridia","Clostridiales","Clostridiaceae","Clostridium sensu stricto 1",NA
"ASV399","Bacteria","Firmicutes","Bacilli","Lactobacillales","Lactobacillaceae","Lactobacillus","gasseri"
"ASV400","Bacteria","Actinobacteriota","Coriobacteriia","Coriobacteriales","Coriobacteriaceae","Collinsella","aerofaciens"
"ASV401","Bacteria","Firmicutes","Bacilli","Lactobacillales","Lactobacillaceae","Lacticaseibacillus",NA
"ASV402","Bacteria","Firmicutes","Negativicutes","Veillonellales-Selenomonadales","Veillonellaceae","Megasphaera","micronuciformis"
"ASV403","Bacteria","Firmicutes","Clostridia","Lachnospirales","Lachnospiraceae","Blautia","obeum"
"ASV404","Bacteria","Desulfobacterota","Desulfovibrionia","Desulfovibrionales","Desulfovibrionaceae","Bilophila",NA
"ASV405","Bacteria","Firmicutes","Bacilli","Lactobacillales","Streptococcaceae","Streptococcus","sanguinis"
"ASV406","Bacteria","Actinobacteriota","Actinobacteria","Bifidobacteriales","Bifidobacteriaceae","Bifidobacterium","kashiwanohense"
"ASV407","Bacteria","Actinobacteriota","Actinobacteria","Bifidobacteriales","Bifidobacteriaceae","Bifidobacterium",NA
"ASV408","Bacteria","Firmicutes","Clostridia","Lachnospirales","Lachnospiraceae",NA,NA
"ASV409","Bacteria","Bacteroidota","Bacteroidia","Bacteroidales","Bacteroidaceae","Bacteroides","fragilis"
"ASV410","Bacteria","Proteobacteria","Gammaproteobacteria","Enterobacterales","Enterobacteriaceae","Enterobacter","mori"
"ASV411","Bacteria","Bacteroidota","Bacteroidia","Bacteroidales","Bacteroidaceae","Bacteroides","vulgatus"
"ASV412","Bacteria","Bacteroidota","Bacteroidia","Bacteroidales","Bacteroidaceae","Bacteroides","vulgatus"
"ASV413","Bacteria","Bacteroidota","Bacteroidia","Bacteroidales","Bacteroidaceae","Bacteroides","fragilis"
"ASV414","Bacteria","Bacteroidota","Bacteroidia","Bacteroidales","Bacteroidaceae","Bacteroides","vulgatus"
"ASV415","Bacteria","Proteobacteria","Gammaproteobacteria","Enterobacterales","Enterobacteriaceae","Escherichia-Shigella","marmotae"
"ASV416","Bacteria","Proteobacteria","Gammaproteobacteria","Enterobacterales","Enterobacteriaceae","Escherichia-Shigella","marmotae"
"ASV417","Bacteria","Actinobacteriota","Actinobacteria","Bifidobacteriales","Bifidobacteriaceae","Bifidobacterium",NA
"ASV418","Bacteria","Firmicutes","Bacilli","Lactobacillales","Streptococcaceae","Streptococcus",NA
"ASV419","Bacteria","Firmicutes","Bacilli","Lactobacillales","Streptococcaceae","Streptococcus","peroris"
"ASV420","Bacteria","Bacteroidota","Bacteroidia","Bacteroidales","Bacteroidaceae","Bacteroides","fragilis"
"ASV421","Bacteria","Firmicutes","Clostridia","Oscillospirales","Ruminococcaceae",NA,NA
"ASV422","Bacteria","Proteobacteria","Gammaproteobacteria","Enterobacterales","Enterobacteriaceae",NA,NA
"ASV423","Bacteria","Bacteroidota","Bacteroidia","Bacteroidales","Bacteroidaceae","Bacteroides","fragilis"
"ASV424","Bacteria","Firmicutes","Bacilli","Lactobacillales","Enterococcaceae",NA,NA
"ASV425","Bacteria","Firmicutes","Clostridia","Clostridiales","Clostridiaceae","Clostridium sensu stricto 1",NA
"ASV426","Bacteria","Firmicutes","Bacilli","Lactobacillales","Enterococcaceae","Enterococcus",NA
"ASV427","Bacteria","Firmicutes","Clostridia","Lachnospirales","Lachnospiraceae","Hungatella","hathewayi"
"ASV428","Bacteria","Actinobacteriota","Coriobacteriia","Coriobacteriales","Coriobacteriaceae","Collinsella","aerofaciens"
"ASV429","Bacteria","Firmicutes","Bacilli","Lactobacillales","Streptococcaceae","Streptococcus",NA
"ASV430","Bacteria","Firmicutes","Bacilli","Lactobacillales","Enterococcaceae",NA,NA
"ASV431","Bacteria","Firmicutes","Bacilli","Lactobacillales","Lactobacillaceae","Lacticaseibacillus",NA
"ASV432","Bacteria","Fusobacteriota","Fusobacteriia","Fusobacteriales","Fusobacteriaceae","Fusobacterium","periodonticum"
"ASV433","Bacteria","Firmicutes","Bacilli","Lactobacillales","Enterococcaceae","Enterococcus",NA
"ASV434","Bacteria","Bacteroidota","Bacteroidia","Bacteroidales","Bacteroidaceae","Bacteroides",NA
"ASV435","Bacteria","Bacteroidota","Bacteroidia","Bacteroidales","Bacteroidaceae","Bacteroides","xylanisolvens"
"ASV436","Bacteria","Bacteroidota","Bacteroidia","Bacteroidales","Bacteroidaceae","Bacteroides","ovatus"
"ASV437","Bacteria","Bacteroidota","Bacteroidia","Bacteroidales","Bacteroidaceae","Bacteroides","fragilis"
"ASV438","Bacteria","Proteobacteria","Gammaproteobacteria","Enterobacterales","Enterobacteriaceae","Escherichia-Shigella",NA
"ASV439","Bacteria","Proteobacteria","Gammaproteobacteria","Enterobacterales","Enterobacteriaceae",NA,NA
"ASV440","Bacteria","Firmicutes","Clostridia","Clostridiales","Clostridiaceae","Clostridium sensu stricto 1","baratii"
"ASV441","Bacteria","Proteobacteria","Gammaproteobacteria","Enterobacterales","Enterobacteriaceae","Escherichia-Shigella",NA
"ASV442","Bacteria","Firmicutes","Bacilli","Staphylococcales","Gemellaceae","Gemella","haemolysans"
"ASV443","Bacteria","Firmicutes","Bacilli","Lactobacillales","Enterococcaceae",NA,NA
"ASV444","Bacteria","Proteobacteria","Gammaproteobacteria","Enterobacterales","Enterobacteriaceae",NA,NA
"ASV445","Bacteria","Firmicutes","Clostridia","Lachnospirales","Lachnospiraceae","Hungatella","hathewayi"
"ASV446","Bacteria","Firmicutes","Clostridia","Lachnospirales","Lachnospiraceae","Hungatella","hathewayi"
"ASV447","Bacteria","Firmicutes","Bacilli","Lactobacillales",NA,NA,NA
"ASV448","Bacteria","Firmicutes","Clostridia","Lachnospirales","Lachnospiraceae",NA,NA
"ASV449","Bacteria","Actinobacteriota","Actinobacteria","Bifidobacteriales","Bifidobacteriaceae","Bifidobacterium",NA
"ASV450","Bacteria","Firmicutes","Clostridia","Lachnospirales","Lachnospiraceae",NA,NA
"ASV451","Bacteria","Actinobacteriota","Actinobacteria","Corynebacteriales","Corynebacteriaceae","Corynebacterium","tuberculostearicum"
"ASV452","Bacteria","Proteobacteria","Gammaproteobacteria","Enterobacterales","Enterobacteriaceae","Enterobacter","mori"
"ASV453","Bacteria","Firmicutes","Bacilli","Lactobacillales","Enterococcaceae","Enterococcus",NA
"ASV454","Bacteria","Proteobacteria","Gammaproteobacteria","Enterobacterales","Enterobacteriaceae","Escherichia-Shigella",NA
"ASV455","Bacteria","Bacteroidota","Bacteroidia","Bacteroidales","Bacteroidaceae","Bacteroides",NA
"ASV456","Bacteria","Proteobacteria","Gammaproteobacteria","Enterobacterales","Enterobacteriaceae","Enterobacter","mori"
"ASV457","Bacteria","Actinobacteriota","Actinobacteria","Actinomycetales","Actinomycetaceae","Actinomyces",NA
"ASV458","Bacteria","Firmicutes","Clostridia","Clostridiales","Clostridiaceae","Clostridium sensu stricto 1","perfringens"
"ASV459","Bacteria","Bacteroidota","Bacteroidia","Bacteroidales","Bacteroidaceae","Bacteroides","fragilis"
"ASV460","Bacteria","Bacteroidota","Bacteroidia","Bacteroidales","Bacteroidaceae","Bacteroides","fragilis"
"ASV461","Bacteria","Proteobacteria","Gammaproteobacteria","Enterobacterales","Enterobacteriaceae",NA,NA
"ASV462","Bacteria","Proteobacteria","Gammaproteobacteria","Enterobacterales","Enterobacteriaceae","Enterobacter",NA
"ASV463","Bacteria","Firmicutes","Bacilli","Lactobacillales","Lactobacillaceae","Lacticaseibacillus",NA
"ASV464","Bacteria","Proteobacteria","Gammaproteobacteria","Enterobacterales","Enterobacteriaceae","Escherichia-Shigella",NA
"ASV465","Bacteria","Firmicutes","Bacilli","Lactobacillales","Streptococcaceae","Streptococcus",NA
"ASV466","Bacteria","Firmicutes","Clostridia","Lachnospirales","Lachnospiraceae","Hungatella",NA
"ASV467","Bacteria","Firmicutes","Clostridia","Lachnospirales","Lachnospiraceae","Blautia","wexlerae"
"ASV468","Bacteria","Proteobacteria","Gammaproteobacteria","Enterobacterales","Enterobacteriaceae",NA,NA
"ASV469","Bacteria","Proteobacteria","Gammaproteobacteria","Enterobacterales","Enterobacteriaceae","Buttiauxella","brennerae"
"ASV470","Bacteria","Actinobacteriota","Coriobacteriia","Coriobacteriales","Coriobacteriaceae","Collinsella","aerofaciens"
"ASV471","Bacteria","Actinobacteriota","Actinobacteria","Bifidobacteriales","Bifidobacteriaceae","Bifidobacterium","ramosum"
"ASV472","Bacteria","Proteobacteria","Gammaproteobacteria","Pseudomonadales","Pseudomonadaceae","Pseudomonas","parafulva"
"ASV473","Bacteria","Bacteroidota","Bacteroidia","Bacteroidales","Bacteroidaceae","Bacteroides","vulgatus"
"ASV474","Bacteria","Firmicutes","Clostridia","Lachnospirales","Lachnospiraceae","Blautia",NA
"ASV475","Bacteria","Actinobacteriota","Actinobacteria","Bifidobacteriales","Bifidobacteriaceae","Bifidobacterium","breve"
"ASV476","Bacteria","Firmicutes","Clostridia","Lachnospirales","Lachnospiraceae",NA,NA
"ASV477","Bacteria","Firmicutes","Bacilli","Lactobacillales","Streptococcaceae","Streptococcus",NA
"ASV478","Bacteria","Actinobacteriota","Actinobacteria","Bifidobacteriales","Bifidobacteriaceae","Bifidobacterium",NA
"ASV479","Bacteria","Actinobacteriota","Actinobacteria","Bifidobacteriales","Bifidobacteriaceae","Bifidobacterium","ramosum"
"ASV480","Bacteria","Firmicutes","Clostridia","Lachnospirales","Lachnospiraceae","Lachnoclostridium",NA
"ASV481","Bacteria","Proteobacteria","Gammaproteobacteria","Enterobacterales","Enterobacteriaceae","Salmonella",NA
"ASV482","Bacteria","Firmicutes","Bacilli","Lactobacillales","Streptococcaceae","Streptococcus",NA
"ASV483","Bacteria","Bacteroidota","Bacteroidia","Bacteroidales","Bacteroidaceae","Bacteroides","fragilis"
"ASV484","Bacteria","Firmicutes","Clostridia","Lachnospirales","Lachnospiraceae",NA,NA
"ASV485","Bacteria","Actinobacteriota","Actinobacteria","Bifidobacteriales","Bifidobacteriaceae","Bifidobacterium","kashiwanohense"
"ASV486","Bacteria","Proteobacteria","Gammaproteobacteria","Enterobacterales","Enterobacteriaceae","Escherichia-Shigella",NA
"ASV487","Bacteria","Firmicutes","Clostridia","Lachnospirales","Lachnospiraceae","Blautia","wexlerae"
"ASV488","Bacteria","Firmicutes","Bacilli","Lactobacillales","Streptococcaceae","Streptococcus","vestibularis"
"ASV489","Bacteria","Bacteroidota","Bacteroidia","Bacteroidales","Bacteroidaceae","Bacteroides","vulgatus"
"ASV490","Bacteria","Actinobacteriota","Actinobacteria","Bifidobacteriales","Bifidobacteriaceae","Bifidobacterium","ramosum"
"ASV491","Bacteria","Actinobacteriota","Coriobacteriia","Coriobacteriales","Coriobacteriaceae","Collinsella","aerofaciens"
"ASV492","Bacteria","Proteobacteria","Gammaproteobacteria","Enterobacterales","Enterobacteriaceae","Enterobacter","mori"
"ASV493","Bacteria","Bacteroidota","Bacteroidia","Bacteroidales","Bacteroidaceae","Bacteroides","vulgatus"
"ASV494","Bacteria","Bacteroidota","Bacteroidia","Bacteroidales","Bacteroidaceae","Bacteroides",NA
"ASV495","Bacteria","Firmicutes","Clostridia","Clostridiales","Clostridiaceae","Clostridium sensu stricto 1","colicanis"
"ASV496","Bacteria","Firmicutes","Bacilli","Lactobacillales","Streptococcaceae","Streptococcus",NA
"ASV497","Bacteria","Firmicutes","Clostridia","Lachnospirales","Lachnospiraceae","Hungatella","hathewayi"
"ASV498","Bacteria","Proteobacteria","Gammaproteobacteria","Enterobacterales","Enterobacteriaceae","Atlantibacter",NA
"ASV499","Bacteria","Bacteroidota","Bacteroidia","Bacteroidales","Bacteroidaceae","Bacteroides",NA
"ASV500","Bacteria","Actinobacteriota","Actinobacteria","Bifidobacteriales","Bifidobacteriaceae","Bifidobacterium","kashiwanohense"
"ASV501","Bacteria","Actinobacteriota","Actinobacteria","Bifidobacteriales","Bifidobacteriaceae","Bifidobacterium","ramosum"
"ASV502","Bacteria","Actinobacteriota","Actinobacteria","Bifidobacteriales","Bifidobacteriaceae","Bifidobacterium","ramosum"
"ASV503","Bacteria","Firmicutes","Bacilli","Lactobacillales","P5D1-392",NA,NA
"ASV504","Bacteria","Firmicutes","Clostridia","Peptostreptococcales-Tissierellales","Peptostreptococcaceae","Intestinibacter",NA
"ASV505","Bacteria","Bacteroidota","Bacteroidia","Bacteroidales","Bacteroidaceae","Bacteroides","fragilis"
"ASV506","Bacteria","Actinobacteriota","Coriobacteriia","Coriobacteriales","Coriobacteriaceae","Collinsella",NA
"ASV507","Bacteria","Proteobacteria","Gammaproteobacteria","Enterobacterales","Enterobacteriaceae","Enterobacter","mori"
"ASV508","Bacteria","Actinobacteriota","Actinobacteria","Bifidobacteriales","Bifidobacteriaceae","Bifidobacterium","animalis"
"ASV509","Bacteria","Bacteroidota","Bacteroidia","Bacteroidales","Bacteroidaceae","Bacteroides",NA
"ASV510","Bacteria","Actinobacteriota","Actinobacteria","Actinomycetales","Actinomycetaceae","Actinomyces",NA
"ASV511","Bacteria","Actinobacteriota","Coriobacteriia","Coriobacteriales","Coriobacteriaceae","Collinsella",NA
"ASV512","Bacteria","Firmicutes","Clostridia","Lachnospirales","Lachnospiraceae","Blautia",NA
"ASV513","Bacteria","Proteobacteria","Gammaproteobacteria","Enterobacterales","Enterobacteriaceae",NA,NA
"ASV514","Bacteria","Firmicutes","Bacilli","Lactobacillales","Lactobacillaceae","Lacticaseibacillus",NA
"ASV515","Bacteria","Actinobacteriota","Actinobacteria","Actinomycetales","Actinomycetaceae","Varibaculum",NA
"ASV516","Bacteria","Actinobacteriota","Actinobacteria","Bifidobacteriales","Bifidobacteriaceae","Bifidobacterium","ramosum"
"ASV517","Bacteria","Firmicutes","Bacilli","Lactobacillales","Streptococcaceae","Streptococcus",NA
"ASV518","Bacteria","Firmicutes","Bacilli","Lactobacillales","Enterococcaceae","Enterococcus","faecalis"
"ASV519","Bacteria","Firmicutes","Clostridia","Clostridiales","Clostridiaceae",NA,NA
"ASV520","Bacteria","Bacteroidota","Bacteroidia","Bacteroidales","Bacteroidaceae","Bacteroides","eggerthii"
"ASV521","Bacteria","Bacteroidota","Bacteroidia","Bacteroidales","Bacteroidaceae","Bacteroides",NA
"ASV522","Bacteria","Bacteroidota","Bacteroidia","Bacteroidales","Bacteroidaceae","Bacteroides","fragilis"
"ASV523","Bacteria","Bacteroidota","Bacteroidia","Bacteroidales","Bacteroidaceae","Bacteroides","fragilis"
"ASV524","Bacteria","Firmicutes","Bacilli","Lactobacillales","Enterococcaceae",NA,NA
"ASV525","Bacteria","Firmicutes","Clostridia","Lachnospirales","Lachnospiraceae",NA,NA
"ASV526","Bacteria","Firmicutes","Bacilli","Lactobacillales","Streptococcaceae","Streptococcus",NA
"ASV527","Bacteria","Firmicutes","Clostridia","Lachnospirales","Lachnospiraceae","Blautia",NA
"ASV528","Bacteria","Bacteroidota","Bacteroidia","Bacteroidales","Bacteroidaceae","Bacteroides","fragilis"
"ASV529","Bacteria","Firmicutes","Clostridia","Lachnospirales","Lachnospiraceae","Hungatella","hathewayi"
"ASV530","Bacteria","Campylobacterota","Campylobacteria","Campylobacterales","Campylobacteraceae","Campylobacter","gracilis"
"ASV531","Bacteria","Firmicutes","Negativicutes","Veillonellales-Selenomonadales","Veillonellaceae","Veillonella",NA
"ASV532","Bacteria","Actinobacteriota","Actinobacteria","Micrococcales","Micrococcaceae","Rothia","mucilaginosa"
"ASV533","Bacteria","Actinobacteriota","Actinobacteria","Bifidobacteriales","Bifidobacteriaceae","Bifidobacterium",NA
"ASV534","Bacteria","Actinobacteriota","Actinobacteria","Corynebacteriales","Nocardiaceae","Rhodococcus","erythropolis"
"ASV535","Bacteria","Bacteroidota","Bacteroidia","Bacteroidales","Bacteroidaceae","Bacteroides",NA
"ASV536","Bacteria","Bacteroidota","Bacteroidia","Bacteroidales","Bacteroidaceae","Bacteroides","vulgatus"
"ASV537","Bacteria","Firmicutes","Clostridia","Lachnospirales","Lachnospiraceae","Hungatella","hathewayi"
"ASV538","Bacteria","Firmicutes","Clostridia","Eubacteriales","Eubacteriaceae",NA,NA
"ASV539","Bacteria","Proteobacteria","Gammaproteobacteria","Burkholderiales","Burkholderiaceae","Burkholderia-Caballeronia-Paraburkholderia","stabilis"
"ASV540","Bacteria","Actinobacteriota","Actinobacteria","Bifidobacteriales","Bifidobacteriaceae","Bifidobacterium",NA
"ASV541","Bacteria","Firmicutes","Bacilli","Lactobacillales","Enterococcaceae","Enterococcus",NA
"ASV542","Bacteria","Actinobacteriota","Actinobacteria","Bifidobacteriales","Bifidobacteriaceae","Bifidobacterium","longum"
"ASV543","Bacteria","Cyanobacteria","Cyanobacteriia","Chloroplast",NA,NA,NA
"ASV544","Bacteria","Actinobacteriota","Actinobacteria","Bifidobacteriales","Bifidobacteriaceae","Bifidobacterium",NA
"ASV545","Bacteria","Firmicutes","Bacilli","Lactobacillales","Enterococcaceae","Enterococcus",NA
"ASV546","Bacteria","Firmicutes","Bacilli","Lactobacillales","Streptococcaceae","Streptococcus",NA
"ASV547","Bacteria",NA,NA,NA,NA,NA,NA
"ASV548","Bacteria","Firmicutes","Bacilli","Lactobacillales","Enterococcaceae","Enterococcus",NA
"ASV549","Bacteria","Actinobacteriota","Actinobacteria","Bifidobacteriales","Bifidobacteriaceae","Bifidobacterium","ramosum"
"ASV550","Bacteria","Bacteroidota","Bacteroidia","Bacteroidales","Bacteroidaceae","Bacteroides","fragilis"
"ASV551","Bacteria","Proteobacteria","Gammaproteobacteria","Enterobacterales","Enterobacteriaceae",NA,NA
"ASV552","Bacteria","Actinobacteriota","Actinobacteria","Bifidobacteriales","Bifidobacteriaceae","Bifidobacterium","breve"
"ASV553","Bacteria","Firmicutes","Negativicutes","Veillonellales-Selenomonadales","Veillonellaceae","Anaeroglobus",NA
"ASV554","Bacteria","Proteobacteria","Gammaproteobacteria","Enterobacterales",NA,NA,NA
"ASV555","Bacteria","Bacteroidota","Bacteroidia","Bacteroidales","Bacteroidaceae","Bacteroides",NA
"ASV556","Bacteria","Actinobacteriota","Coriobacteriia","Coriobacteriales","Coriobacteriaceae","Collinsella","aerofaciens"
"ASV557","Bacteria","Bacteroidota","Bacteroidia","Bacteroidales","Bacteroidaceae","Bacteroides","vulgatus"
"ASV558","Bacteria","Firmicutes","Clostridia","Clostridiales","Clostridiaceae","Clostridium sensu stricto 1","paraputrificum"
"ASV559","Bacteria",NA,NA,NA,NA,NA,NA
"ASV560","Bacteria","Firmicutes","Bacilli","Lactobacillales","Enterococcaceae","Enterococcus",NA
"ASV561","Bacteria","Actinobacteriota","Actinobacteria","Bifidobacteriales","Bifidobacteriaceae","Bifidobacterium",NA
"ASV562","Bacteria","Proteobacteria","Gammaproteobacteria","Enterobacterales","Enterobacteriaceae","Escherichia-Shigella",NA
"ASV563","Bacteria","Firmicutes","Clostridia","Lachnospirales","Lachnospiraceae","Hungatella","hathewayi"
"ASV564","Bacteria","Proteobacteria","Gammaproteobacteria","Enterobacterales","Enterobacteriaceae",NA,NA
"ASV565","Bacteria","Bacteroidota","Bacteroidia","Bacteroidales","Bacteroidaceae","Bacteroides","fragilis"
"ASV566","Bacteria","Firmicutes","Negativicutes","Veillonellales-Selenomonadales","Veillonellaceae","Veillonella","ratti"
"ASV567","Bacteria","Actinobacteriota","Coriobacteriia","Coriobacteriales","Coriobacteriaceae","Collinsella","aerofaciens"
"ASV568","Bacteria","Bacteroidota","Bacteroidia","Bacteroidales","Bacteroidaceae","Bacteroides",NA
"ASV569","Bacteria","Actinobacteriota","Actinobacteria","Bifidobacteriales","Bifidobacteriaceae","Bifidobacterium",NA
"ASV570","Bacteria","Bacteroidota","Bacteroidia","Bacteroidales","Bacteroidaceae","Bacteroides","fragilis"
"ASV571","Bacteria","Firmicutes","Bacilli","Lactobacillales","Streptococcaceae","Streptococcus",NA
"ASV572","Bacteria","Firmicutes","Bacilli","Lactobacillales",NA,NA,NA
"ASV573","Bacteria","Proteobacteria","Gammaproteobacteria","Enterobacterales","Enterobacteriaceae","Escherichia-Shigella","marmotae"
"ASV574","Bacteria","Firmicutes","Clostridia","Peptostreptococcales-Tissierellales","Peptostreptococcaceae",NA,NA
"ASV575","Bacteria","Proteobacteria","Gammaproteobacteria","Enterobacterales","Enterobacteriaceae",NA,NA
"ASV576","Bacteria","Firmicutes","Clostridia","Lachnospirales","Lachnospiraceae","Blautia",NA
"ASV577","Bacteria","Firmicutes","Clostridia","Peptostreptococcales-Tissierellales","Family XI","Finegoldia","magna"
"ASV578","Bacteria","Proteobacteria","Gammaproteobacteria",NA,NA,NA,NA
"ASV579","Bacteria","Firmicutes","Clostridia","Lachnospirales","Lachnospiraceae","Blautia",NA
"ASV580","Bacteria","Proteobacteria","Gammaproteobacteria","Enterobacterales","Enterobacteriaceae","Escherichia-Shigella",NA
"ASV581","Bacteria","Actinobacteriota","Actinobacteria","Bifidobacteriales","Bifidobacteriaceae","Bifidobacterium",NA
"ASV582","Bacteria","Firmicutes","Clostridia","Lachnospirales","Lachnospiraceae","Hungatella",NA
"ASV583","Bacteria","Actinobacteriota","Actinobacteria","Actinomycetales","Actinomycetaceae","Actinomyces",NA
"ASV584","Bacteria","Actinobacteriota","Coriobacteriia","Coriobacteriales","Coriobacteriaceae","Collinsella","aerofaciens"
"ASV585","Bacteria","Actinobacteriota","Coriobacteriia","Coriobacteriales","Coriobacteriaceae","Collinsella",NA
"ASV586","Bacteria","Proteobacteria","Gammaproteobacteria","Enterobacterales","Enterobacteriaceae",NA,NA
"ASV587","Bacteria","Firmicutes","Bacilli","Lactobacillales","Lactobacillaceae","Lacticaseibacillus",NA
"ASV588","Bacteria","Actinobacteriota","Actinobacteria","Bifidobacteriales","Bifidobacteriaceae","Bifidobacterium",NA
"ASV589","Bacteria","Proteobacteria","Gammaproteobacteria","Enterobacterales","Enterobacteriaceae",NA,NA
"ASV590","Bacteria","Actinobacteriota","Actinobacteria","Bifidobacteriales","Bifidobacteriaceae","Bifidobacterium","kashiwanohense"
"ASV591","Bacteria","Actinobacteriota","Actinobacteria","Bifidobacteriales","Bifidobacteriaceae","Bifidobacterium",NA
"ASV592","Bacteria","Bacteroidota","Bacteroidia","Bacteroidales","Bacteroidaceae","Bacteroides",NA
"ASV593","Bacteria","Firmicutes","Clostridia","Lachnospirales","Lachnospiraceae","Sellimonas","intestinalis"
"ASV594","Bacteria","Actinobacteriota","Actinobacteria","Bifidobacteriales","Bifidobacteriaceae","Bifidobacterium","breve"
"ASV595","Bacteria","Actinobacteriota","Actinobacteria","Bifidobacteriales","Bifidobacteriaceae","Bifidobacterium",NA
"ASV596","Bacteria","Actinobacteriota","Actinobacteria","Bifidobacteriales","Bifidobacteriaceae","Bifidobacterium","kashiwanohense"
"ASV597","Bacteria","Actinobacteriota","Actinobacteria","Bifidobacteriales","Bifidobacteriaceae","Bifidobacterium",NA
"ASV598","Bacteria","Proteobacteria","Gammaproteobacteria","Enterobacterales","Enterobacteriaceae","Escherichia-Shigella",NA
"ASV599","Bacteria","Proteobacteria","Gammaproteobacteria","Enterobacterales","Enterobacteriaceae","Escherichia-Shigella",NA
"ASV600","Bacteria","Firmicutes","Clostridia","Clostridiales","Clostridiaceae",NA,NA
"ASV601","Bacteria","Actinobacteriota","Actinobacteria","Actinomycetales","Actinomycetaceae","Varibaculum",NA
"ASV602","Bacteria","Firmicutes",NA,NA,NA,NA,NA
"ASV603","Bacteria","Firmicutes","Bacilli","Lactobacillales","Streptococcaceae","Streptococcus","salivarius"
"ASV604","Bacteria","Proteobacteria","Gammaproteobacteria","Enterobacterales","Enterobacteriaceae","Escherichia-Shigella",NA
"ASV605","Bacteria","Proteobacteria","Gammaproteobacteria","Enterobacterales","Enterobacteriaceae","Buttiauxella","brennerae"
"ASV606","Bacteria","Firmicutes","Bacilli","Lactobacillales","Streptococcaceae","Streptococcus","australis"
"ASV607","Bacteria","Proteobacteria","Gammaproteobacteria","Enterobacterales","Enterobacteriaceae","Enterobacter","mori"
"ASV608","Bacteria","Firmicutes","Bacilli","Lactobacillales","Enterococcaceae","Enterococcus",NA
"ASV609","Bacteria","Proteobacteria","Gammaproteobacteria","Enterobacterales","Enterobacteriaceae","Salmonella",NA
"ASV610","Bacteria","Actinobacteriota","Actinobacteria","Bifidobacteriales","Bifidobacteriaceae","Bifidobacterium",NA
"ASV611","Bacteria","Firmicutes","Clostridia","Lachnospirales","Lachnospiraceae","Lachnoclostridium","urinimassiliense"
"ASV612","Bacteria","Firmicutes","Bacilli","Lactobacillales","Streptococcaceae","Streptococcus","vestibularis"
"ASV613","Bacteria","Bacteroidota","Bacteroidia","Bacteroidales","Bacteroidaceae","Bacteroides","fragilis"
"ASV614","Bacteria","Firmicutes","Clostridia","Lachnospirales","Lachnospiraceae","Hungatella","hathewayi"
"ASV615","Bacteria","Actinobacteriota","Actinobacteria","Bifidobacteriales","Bifidobacteriaceae","Bifidobacterium","ramosum"
"ASV616","Bacteria","Bacteroidota","Bacteroidia","Bacteroidales","Bacteroidaceae","Bacteroides","vulgatus"
"ASV617","Bacteria","Actinobacteriota","Actinobacteria","Bifidobacteriales","Bifidobacteriaceae","Bifidobacterium",NA
"ASV618","Bacteria","Proteobacteria","Gammaproteobacteria","Enterobacterales","Enterobacteriaceae",NA,NA
"ASV619","Bacteria","Actinobacteriota","Actinobacteria","Bifidobacteriales","Bifidobacteriaceae","Bifidobacterium","ramosum"
"ASV620","Bacteria","Actinobacteriota","Actinobacteria","Bifidobacteriales","Bifidobacteriaceae","Bifidobacterium",NA
"ASV621","Bacteria","Firmicutes","Clostridia","Lachnospirales","Lachnospiraceae",NA,NA
"ASV622","Bacteria","Actinobacteriota","Actinobacteria","Actinomycetales","Actinomycetaceae","Actinomyces",NA
"ASV623","Bacteria","Firmicutes","Clostridia","Lachnospirales","Lachnospiraceae","Hungatella",NA
"ASV624","Bacteria","Firmicutes","Bacilli","Lactobacillales","Enterococcaceae",NA,NA
"ASV625","Bacteria","Actinobacteriota","Coriobacteriia","Coriobacteriales","Coriobacteriaceae","Collinsella",NA
"ASV626","Bacteria","Actinobacteriota","Actinobacteria","Bifidobacteriales","Bifidobacteriaceae","Bifidobacterium",NA
"ASV627","Bacteria","Firmicutes","Bacilli","Lactobacillales",NA,NA,NA
"ASV628","Bacteria","Firmicutes","Bacilli","Lactobacillales","Streptococcaceae","Streptococcus",NA
"ASV629","Bacteria","Actinobacteriota","Actinobacteria","Bifidobacteriales","Bifidobacteriaceae","Bifidobacterium","breve"
"ASV630","Bacteria","Actinobacteriota","Actinobacteria","Bifidobacteriales","Bifidobacteriaceae","Bifidobacterium","ramosum"
"ASV631","Bacteria","Bacteroidota","Bacteroidia","Bacteroidales","Tannerellaceae","Parabacteroides",NA
"ASV632","Bacteria","Proteobacteria","Gammaproteobacteria","Enterobacterales","Morganellaceae","Morganella","morganii"
"ASV633","Bacteria","Bacteroidota","Bacteroidia","Bacteroidales","Bacteroidaceae","Bacteroides",NA
"ASV634","Bacteria","Proteobacteria","Gammaproteobacteria","Enterobacterales","Enterobacteriaceae","Escherichia-Shigella","marmotae"
"ASV635","Bacteria","Proteobacteria","Gammaproteobacteria","Enterobacterales","Enterobacteriaceae","Escherichia-Shigella",NA
"ASV636","Bacteria","Firmicutes","Bacilli","Lactobacillales","Enterococcaceae","Enterococcus",NA
"ASV637","Bacteria","Actinobacteriota","Actinobacteria","Bifidobacteriales","Bifidobacteriaceae","Bifidobacterium",NA
"ASV638","Bacteria","Firmicutes","Clostridia","Peptostreptococcales-Tissierellales","Peptostreptococcaceae","Romboutsia",NA
"ASV639","Bacteria","Firmicutes","Bacilli","Lactobacillales","Streptococcaceae","Streptococcus",NA
"ASV640","Bacteria","Firmicutes","Clostridia","Lachnospirales","Lachnospiraceae",NA,NA
"ASV641","Bacteria","Firmicutes","Bacilli","Lactobacillales","Streptococcaceae","Streptococcus","dysgalactiae"
"ASV642","Bacteria","Bacteroidota","Bacteroidia","Bacteroidales","Bacteroidaceae","Bacteroides",NA
"ASV643","Bacteria","Bacteroidota","Bacteroidia","Bacteroidales","Bacteroidaceae","Bacteroides","vulgatus"
"ASV644","Bacteria","Proteobacteria","Gammaproteobacteria","Enterobacterales","Enterobacteriaceae",NA,NA
"ASV645","Bacteria","Bacteroidota","Bacteroidia","Bacteroidales","Bacteroidaceae","Bacteroides",NA
"ASV646","Bacteria","Actinobacteriota","Actinobacteria","Bifidobacteriales","Bifidobacteriaceae","Bifidobacterium","ramosum"
"ASV647","Bacteria","Bacteroidota","Bacteroidia","Bacteroidales","Bacteroidaceae","Bacteroides",NA
"ASV648","Bacteria","Firmicutes","Bacilli","Lactobacillales","Lactobacillaceae","Lacticaseibacillus",NA
"ASV649","Bacteria","Firmicutes","Clostridia","Lachnospirales","Lachnospiraceae",NA,NA
"ASV650","Bacteria","Firmicutes","Bacilli","Lactobacillales","Streptococcaceae","Streptococcus","dysgalactiae"
"ASV651","Bacteria","Actinobacteriota","Actinobacteria","Bifidobacteriales","Bifidobacteriaceae","Bifidobacterium","ramosum"
"ASV652","Bacteria","Actinobacteriota","Actinobacteria","Bifidobacteriales","Bifidobacteriaceae","Bifidobacterium",NA
"ASV653","Bacteria","Proteobacteria","Gammaproteobacteria","Enterobacterales","Enterobacteriaceae",NA,NA
"ASV654","Bacteria","Firmicutes","Clostridia","Lachnospirales","Lachnospiraceae","Blautia",NA
"ASV655","Bacteria","Firmicutes","Bacilli","Erysipelotrichales","Erysipelatoclostridiaceae","Erysipelatoclostridium","ramosum"
"ASV656","Bacteria","Actinobacteriota","Actinobacteria","Bifidobacteriales","Bifidobacteriaceae","Bifidobacterium",NA
"ASV657","Bacteria","Firmicutes","Clostridia","Lachnospirales","Lachnospiraceae","Sellimonas","intestinalis"
"ASV658","Bacteria","Firmicutes","Bacilli","Lactobacillales","Streptococcaceae","Streptococcus",NA
"ASV659","Bacteria","Firmicutes","Bacilli","Lactobacillales","Streptococcaceae","Lactococcus","lactis"
"ASV660","Bacteria","Firmicutes","Clostridia","Clostridiales","Clostridiaceae","Clostridium sensu stricto 1","paraputrificum"
"ASV661","Bacteria","Proteobacteria","Gammaproteobacteria","Enterobacterales","Enterobacteriaceae",NA,NA
"ASV662","Bacteria","Bacteroidota","Bacteroidia","Bacteroidales","Bacteroidaceae","Bacteroides",NA
"ASV663","Bacteria","Firmicutes","Clostridia","Clostridiales","Clostridiaceae","Clostridium sensu stricto 1",NA
"ASV664","Bacteria","Proteobacteria","Gammaproteobacteria","Enterobacterales","Enterobacteriaceae",NA,NA
"ASV665","Bacteria","Firmicutes","Clostridia","Lachnospirales","Lachnospiraceae","Anaerostipes",NA
"ASV666","Bacteria","Proteobacteria","Gammaproteobacteria","Enterobacterales","Enterobacteriaceae",NA,NA
"ASV667","Bacteria","Firmicutes","Bacilli","Lactobacillales","Streptococcaceae","Streptococcus",NA
"ASV668","Bacteria","Proteobacteria","Gammaproteobacteria","Enterobacterales","Enterobacteriaceae",NA,NA
"ASV669","Bacteria","Firmicutes","Bacilli","Lactobacillales","Streptococcaceae","Streptococcus",NA
"ASV670","Bacteria","Firmicutes","Bacilli","Lactobacillales","Enterococcaceae","Enterococcus",NA
"ASV671","Bacteria","Firmicutes","Clostridia","Lachnospirales","Lachnospiraceae","Hungatella","hathewayi"
"ASV672","Bacteria","Proteobacteria","Gammaproteobacteria","Enterobacterales",NA,NA,NA
"ASV673","Bacteria","Bacteroidota","Bacteroidia","Bacteroidales","Bacteroidaceae","Bacteroides","vulgatus"
"ASV674","Bacteria","Actinobacteriota","Actinobacteria","Bifidobacteriales","Bifidobacteriaceae","Bifidobacterium",NA
"ASV675","Bacteria","Bacteroidota","Bacteroidia","Bacteroidales","Bacteroidaceae","Bacteroides",NA
"ASV676","Bacteria","Firmicutes","Bacilli","Lactobacillales","Enterococcaceae","Enterococcus",NA
"ASV677","Bacteria","Proteobacteria","Gammaproteobacteria","Enterobacterales","Enterobacteriaceae",NA,NA
"ASV678","Bacteria","Actinobacteriota","Actinobacteria",NA,NA,NA,NA
"ASV679","Bacteria","Firmicutes","Clostridia","Lachnospirales","Lachnospiraceae","Lachnoclostridium",NA
"ASV680","Bacteria","Proteobacteria","Gammaproteobacteria","Enterobacterales","Enterobacteriaceae",NA,NA
"ASV681","Bacteria","Firmicutes","Bacilli","Lactobacillales","Enterococcaceae","Enterococcus",NA
"ASV682","Bacteria","Firmicutes","Clostridia","Lachnospirales","Lachnospiraceae",NA,NA
"ASV683","Bacteria","Proteobacteria","Gammaproteobacteria","Enterobacterales","Enterobacteriaceae",NA,NA
"ASV684","Bacteria","Actinobacteriota","Actinobacteria","Bifidobacteriales","Bifidobacteriaceae","Bifidobacterium","pseudolongum"
"ASV685","Bacteria","Proteobacteria","Gammaproteobacteria","Enterobacterales","Enterobacteriaceae","Klebsiella",NA
"ASV686","Bacteria","Firmicutes","Clostridia","Lachnospirales","Lachnospiraceae","Hungatella","hathewayi"
"ASV687","Bacteria","Actinobacteriota","Actinobacteria","Bifidobacteriales","Bifidobacteriaceae","Bifidobacterium",NA
"ASV688","Bacteria","Actinobacteriota","Coriobacteriia","Coriobacteriales","Coriobacteriaceae","Collinsella",NA
"ASV689","Bacteria","Proteobacteria","Gammaproteobacteria","Enterobacterales","Enterobacteriaceae","Trabulsiella",NA
"ASV690","Bacteria","Firmicutes","Clostridia","Lachnospirales","Lachnospiraceae","Hungatella","hathewayi"
"ASV691","Bacteria","Actinobacteriota","Actinobacteria","Actinomycetales","Actinomycetaceae","Actinomyces",NA
"ASV692","Bacteria","Firmicutes","Clostridia","Lachnospirales","Lachnospiraceae","Blautia",NA
"ASV693","Bacteria","Actinobacteriota","Coriobacteriia","Coriobacteriales","Coriobacteriaceae","Collinsella","aerofaciens"
"ASV694","Bacteria","Firmicutes","Clostridia","Lachnospirales","Lachnospiraceae",NA,NA
"ASV695","Bacteria","Actinobacteriota","Coriobacteriia","Coriobacteriales","Coriobacteriaceae","Collinsella","aerofaciens"
"ASV696","Bacteria","Firmicutes","Bacilli","Lactobacillales","Enterococcaceae","Enterococcus",NA
"ASV697","Bacteria","Actinobacteriota","Actinobacteria","Bifidobacteriales","Bifidobacteriaceae","Bifidobacterium",NA
"ASV698","Bacteria","Proteobacteria","Gammaproteobacteria","Enterobacterales","Enterobacteriaceae",NA,NA
"ASV699","Bacteria","Proteobacteria","Gammaproteobacteria","Enterobacterales","Enterobacteriaceae","Enterobacter","bugandensis"
"ASV700","Bacteria","Proteobacteria","Gammaproteobacteria","Enterobacterales","Enterobacteriaceae",NA,NA
"ASV701","Bacteria","Firmicutes","Bacilli","Lactobacillales","Streptococcaceae","Streptococcus",NA
"ASV702","Bacteria","Bacteroidota","Bacteroidia","Bacteroidales","Bacteroidaceae","Bacteroides","vulgatus"
"ASV703","Bacteria","Actinobacteriota","Actinobacteria","Bifidobacteriales","Bifidobacteriaceae","Bifidobacterium","kashiwanohense"
"ASV704","Bacteria","Actinobacteriota","Actinobacteria","Bifidobacteriales","Bifidobacteriaceae","Bifidobacterium","kashiwanohense"
"ASV705","Bacteria","Firmicutes","Bacilli","Lactobacillales","Enterococcaceae","Enterococcus",NA
"ASV706","Bacteria","Firmicutes","Clostridia","Peptostreptococcales-Tissierellales","Family XI","Peptoniphilus","grossensis"
"ASV707","Bacteria","Actinobacteriota","Actinobacteria","Bifidobacteriales","Bifidobacteriaceae","Bifidobacterium","kashiwanohense"
"ASV708","Bacteria","Actinobacteriota","Actinobacteria","Bifidobacteriales","Bifidobacteriaceae","Bifidobacterium",NA
"ASV709","Bacteria","Firmicutes","Clostridia","Clostridiales","Clostridiaceae",NA,NA
"ASV710","Bacteria","Bacteroidota","Bacteroidia","Bacteroidales","Bacteroidaceae","Bacteroides","xylanisolvens"
"ASV711","Bacteria","Patescibacteria","Saccharimonadia","Saccharimonadales","Saccharimonadaceae","TM7x",NA
"ASV712","Bacteria","Proteobacteria","Gammaproteobacteria","Enterobacterales","Enterobacteriaceae",NA,NA
"ASV713","Bacteria","Firmicutes","Bacilli","Lactobacillales","Enterococcaceae","Enterococcus",NA
"ASV714","Bacteria","Firmicutes","Clostridia","Lachnospirales","Lachnospiraceae","[Ruminococcus] torques group",NA
"ASV715","Bacteria","Actinobacteriota","Actinobacteria","Bifidobacteriales","Bifidobacteriaceae","Bifidobacterium","ramosum"
"ASV716","Bacteria","Actinobacteriota","Coriobacteriia","Coriobacteriales","Eggerthellaceae",NA,NA
"ASV717","Bacteria","Actinobacteriota","Coriobacteriia","Coriobacteriales","Coriobacteriaceae","Collinsella","aerofaciens"
"ASV718","Bacteria","Firmicutes","Bacilli","Lactobacillales","Enterococcaceae","Enterococcus",NA
"ASV719","Bacteria","Firmicutes","Bacilli","Lactobacillales","Enterococcaceae","Enterococcus","faecalis"
"ASV720","Bacteria","Firmicutes","Clostridia","Peptostreptococcales-Tissierellales","Peptostreptococcaceae","Romboutsia",NA
"ASV721","Bacteria","Bacteroidota","Bacteroidia","Bacteroidales","Bacteroidaceae","Bacteroides","vulgatus"
"ASV722","Bacteria","Proteobacteria","Gammaproteobacteria","Enterobacterales","Enterobacteriaceae",NA,NA
"ASV723","Bacteria","Proteobacteria","Gammaproteobacteria","Enterobacterales","Enterobacteriaceae",NA,NA
"ASV724","Bacteria","Proteobacteria","Gammaproteobacteria","Enterobacterales","Enterobacteriaceae","Escherichia-Shigella",NA
"ASV725","Bacteria","Actinobacteriota","Coriobacteriia","Coriobacteriales","Coriobacteriaceae","Collinsella","aerofaciens"
"ASV726","Bacteria","Proteobacteria","Gammaproteobacteria","Enterobacterales","Enterobacteriaceae",NA,NA
"ASV727","Bacteria","Firmicutes","Bacilli","Lactobacillales","Streptococcaceae","Streptococcus",NA
"ASV728","Bacteria","Proteobacteria","Gammaproteobacteria","Enterobacterales","Enterobacteriaceae","Enterobacter",NA
"ASV729","Bacteria","Bacteroidota","Bacteroidia","Bacteroidales","Bacteroidaceae","Bacteroides","vulgatus"
"ASV730","Bacteria","Firmicutes","Clostridia","Lachnospirales","Lachnospiraceae",NA,NA
"ASV731","Bacteria","Firmicutes","Negativicutes","Veillonellales-Selenomonadales","Veillonellaceae","Veillonella","ratti"
"ASV732","Bacteria","Proteobacteria","Gammaproteobacteria","Enterobacterales","Enterobacteriaceae",NA,NA
"ASV733","Bacteria","Firmicutes","Bacilli","Lactobacillales","Lactobacillaceae","Lacticaseibacillus",NA
"ASV734","Bacteria","Firmicutes","Clostridia","Lachnospirales","Lachnospiraceae",NA,NA
"ASV735","Bacteria","Bacteroidota","Bacteroidia","Bacteroidales","Bacteroidaceae","Bacteroides",NA
"ASV736","Bacteria","Proteobacteria","Gammaproteobacteria","Enterobacterales","Enterobacteriaceae",NA,NA
"ASV737","Bacteria","Bacteroidota","Bacteroidia","Bacteroidales","Bacteroidaceae","Bacteroides","vulgatus"
"ASV738","Bacteria","Actinobacteriota","Actinobacteria","Bifidobacteriales","Bifidobacteriaceae","Bifidobacterium",NA
"ASV739","Bacteria","Firmicutes","Bacilli","Lactobacillales","Enterococcaceae","Enterococcus","raffinosus"
"ASV740","Bacteria","Bacteroidota","Bacteroidia","Bacteroidales","Tannerellaceae","Parabacteroides","distasonis"
"ASV741","Bacteria","Bacteroidota","Bacteroidia","Bacteroidales","Bacteroidaceae","Bacteroides",NA
"ASV742","Bacteria","Firmicutes","Bacilli","Lactobacillales","Enterococcaceae","Enterococcus",NA
"ASV743","Bacteria","Firmicutes","Bacilli","Lactobacillales","Streptococcaceae","Streptococcus",NA
"ASV744","Bacteria","Proteobacteria","Gammaproteobacteria","Enterobacterales","Enterobacteriaceae","Escherichia-Shigella",NA
"ASV745","Bacteria","Firmicutes","Bacilli","Lactobacillales","Streptococcaceae","Streptococcus",NA
"ASV746","Bacteria","Actinobacteriota","Coriobacteriia","Coriobacteriales","Coriobacteriaceae","Collinsella","aerofaciens"
"ASV747","Bacteria","Firmicutes","Clostridia","Lachnospirales","Lachnospiraceae",NA,NA
"ASV748","Bacteria","Actinobacteriota","Actinobacteria","Bifidobacteriales","Bifidobacteriaceae","Bifidobacterium",NA
"ASV749","Bacteria","Firmicutes","Clostridia","Lachnospirales","Lachnospiraceae","Anaerostipes","caccae"
"ASV750","Bacteria","Actinobacteriota","Actinobacteria","Actinomycetales","Actinomycetaceae","Actinomyces",NA
"ASV751","Bacteria","Bacteroidota","Bacteroidia","Bacteroidales","Bacteroidaceae","Bacteroides",NA
"ASV752","Bacteria","Proteobacteria","Gammaproteobacteria","Enterobacterales","Enterobacteriaceae","Escherichia-Shigella","marmotae"
"ASV753","Bacteria","Firmicutes","Clostridia","Lachnospirales","Lachnospiraceae",NA,NA
"ASV754","Bacteria","Actinobacteriota","Actinobacteria","Bifidobacteriales","Bifidobacteriaceae","Bifidobacterium",NA
"ASV755","Bacteria","Bacteroidota","Bacteroidia","Bacteroidales","Bacteroidaceae","Bacteroides",NA
"ASV756","Bacteria","Bacteroidota","Bacteroidia","Bacteroidales","Bacteroidaceae","Bacteroides","xylanisolvens"
"ASV757","Bacteria","Firmicutes","Clostridia","Lachnospirales","Lachnospiraceae","Blautia",NA
"ASV758","Bacteria","Firmicutes","Bacilli","Lactobacillales","Lactobacillaceae","Lactobacillus",NA
"ASV759","Bacteria","Bacteroidota","Bacteroidia","Bacteroidales","Bacteroidaceae","Bacteroides","fragilis"
"ASV760","Bacteria","Bacteroidota","Bacteroidia","Bacteroidales","Bacteroidaceae","Bacteroides","xylanisolvens"
"ASV761","Bacteria","Actinobacteriota","Actinobacteria","Bifidobacteriales","Bifidobacteriaceae","Bifidobacterium","longum"
"ASV762","Bacteria","Bacteroidota","Bacteroidia","Bacteroidales","Bacteroidaceae","Bacteroides",NA
"ASV763","Bacteria","Actinobacteriota","Actinobacteria","Bifidobacteriales","Bifidobacteriaceae","Bifidobacterium","ramosum"
"ASV764","Bacteria","Firmicutes","Clostridia","Lachnospirales","Lachnospiraceae",NA,NA
"ASV765","Bacteria",NA,NA,NA,NA,NA,NA
"ASV766","Bacteria","Firmicutes","Bacilli","Lactobacillales",NA,NA,NA
"ASV767","Bacteria","Bacteroidota","Bacteroidia","Bacteroidales","Bacteroidaceae","Bacteroides",NA
"ASV768","Bacteria","Proteobacteria","Gammaproteobacteria","Enterobacterales","Enterobacteriaceae","Cronobacter","malonaticus"
"ASV769","Bacteria","Firmicutes","Bacilli","Lactobacillales","Enterococcaceae","Enterococcus",NA
"ASV770","Bacteria","Firmicutes","Bacilli","Lactobacillales","Streptococcaceae","Streptococcus",NA
"ASV771","Bacteria","Bacteroidota","Bacteroidia","Bacteroidales","Bacteroidaceae","Bacteroides","vulgatus"
"ASV772","Bacteria","Firmicutes","Bacilli","Lactobacillales","Streptococcaceae","Streptococcus",NA
"ASV773","Bacteria","Actinobacteriota","Actinobacteria","Bifidobacteriales","Bifidobacteriaceae","Bifidobacterium","longum"
"ASV774","Bacteria","Actinobacteriota","Actinobacteria","Bifidobacteriales","Bifidobacteriaceae","Bifidobacterium",NA
"ASV775","Bacteria","Proteobacteria","Gammaproteobacteria","Enterobacterales","Enterobacteriaceae",NA,NA
"ASV776","Bacteria","Firmicutes","Clostridia","Lachnospirales","Lachnospiraceae",NA,NA
"ASV777","Bacteria","Bacteroidota","Bacteroidia","Bacteroidales","Bacteroidaceae","Bacteroides",NA
"ASV778","Bacteria","Proteobacteria","Gammaproteobacteria","Enterobacterales","Enterobacteriaceae",NA,NA
"ASV779","Bacteria","Firmicutes","Clostridia","Lachnospirales","Lachnospiraceae","Hungatella","hathewayi"
"ASV780","Bacteria","Proteobacteria","Gammaproteobacteria","Enterobacterales","Enterobacteriaceae",NA,NA
"ASV781","Bacteria","Firmicutes","Bacilli","Lactobacillales","Streptococcaceae","Streptococcus","vestibularis"
"ASV782","Bacteria","Actinobacteriota","Actinobacteria","Bifidobacteriales","Bifidobacteriaceae","Bifidobacterium","ramosum"
"ASV783","Bacteria","Proteobacteria","Gammaproteobacteria","Enterobacterales","Enterobacteriaceae","Escherichia-Shigella","marmotae"
"ASV784","Bacteria","Actinobacteriota","Coriobacteriia","Coriobacteriales","Eggerthellaceae","Eggerthella",NA
"ASV785","Bacteria","Actinobacteriota","Coriobacteriia","Coriobacteriales","Eggerthellaceae","Eggerthella",NA
"ASV786","Bacteria","Firmicutes","Bacilli","Lactobacillales",NA,NA,NA
"ASV787","Bacteria","Firmicutes","Clostridia","Lachnospirales","Lachnospiraceae","Hungatella",NA
"ASV788","Bacteria","Firmicutes","Clostridia","Lachnospirales","Lachnospiraceae","Blautia",NA
"ASV789","Bacteria","Bacteroidota","Bacteroidia","Bacteroidales","Tannerellaceae","Parabacteroides","distasonis"
"ASV790","Bacteria","Bacteroidota","Bacteroidia","Bacteroidales","Tannerellaceae","Parabacteroides","merdae"
"ASV791","Bacteria","Firmicutes","Bacilli","Lactobacillales","Enterococcaceae","Enterococcus","ratti"
"ASV792","Bacteria","Firmicutes","Negativicutes","Veillonellales-Selenomonadales","Veillonellaceae","Anaeroglobus",NA
"ASV793","Bacteria","Actinobacteriota","Actinobacteria","Bifidobacteriales","Bifidobacteriaceae","Bifidobacterium",NA
"ASV794","Bacteria","Firmicutes","Bacilli","Lactobacillales","Enterococcaceae",NA,NA
"ASV795","Bacteria","Bacteroidota","Bacteroidia","Bacteroidales","Bacteroidaceae","Bacteroides","fragilis"
"ASV796","Bacteria","Actinobacteriota","Actinobacteria","Bifidobacteriales","Bifidobacteriaceae","Bifidobacterium",NA
"ASV797","Bacteria","Proteobacteria","Gammaproteobacteria","Enterobacterales","Enterobacteriaceae","Escherichia-Shigella",NA
"ASV798","Bacteria","Proteobacteria","Gammaproteobacteria","Enterobacterales","Enterobacteriaceae",NA,NA
"ASV799","Bacteria","Firmicutes","Bacilli","Lactobacillales","Lactobacillaceae","Lactobacillus",NA
"ASV800","Bacteria","Actinobacteriota","Actinobacteria","Bifidobacteriales","Bifidobacteriaceae","Bifidobacterium",NA
"ASV801","Bacteria","Proteobacteria","Gammaproteobacteria","Enterobacterales","Enterobacteriaceae",NA,NA
"ASV802","Bacteria","Bacteroidota","Bacteroidia","Bacteroidales","Bacteroidaceae","Bacteroides",NA
"ASV803","Bacteria","Actinobacteriota","Actinobacteria","Actinomycetales","Actinomycetaceae","Actinomyces",NA
"ASV804","Bacteria","Firmicutes","Clostridia","Lachnospirales","Lachnospiraceae",NA,NA
"ASV805","Bacteria","Actinobacteriota","Coriobacteriia","Coriobacteriales","Coriobacteriaceae","Collinsella",NA
"ASV806","Bacteria","Actinobacteriota","Actinobacteria","Bifidobacteriales","Bifidobacteriaceae","Bifidobacterium","longum"
"ASV807","Bacteria","Firmicutes","Bacilli","Lactobacillales","Enterococcaceae","Enterococcus","hermanniensis"
"ASV808","Bacteria","Bacteroidota","Bacteroidia","Bacteroidales","Bacteroidaceae","Bacteroides","fragilis"
"ASV809","Bacteria","Actinobacteriota","Coriobacteriia","Coriobacteriales","Coriobacteriaceae","Collinsella","aerofaciens"
"ASV810","Bacteria","Actinobacteriota","Actinobacteria","Bifidobacteriales","Bifidobacteriaceae","Bifidobacterium",NA
"ASV811","Bacteria","Desulfobacterota","Desulfovibrionia","Desulfovibrionales","Desulfovibrionaceae","Bilophila","wadsworthia"
"ASV812","Bacteria","Firmicutes","Clostridia","Lachnospirales","Lachnospiraceae",NA,NA
"ASV813","Bacteria","Firmicutes","Clostridia","Lachnospirales","Lachnospiraceae","Lachnospira",NA
"ASV814","Bacteria","Proteobacteria","Gammaproteobacteria","Enterobacterales","Enterobacteriaceae","Enterobacter","mori"
"ASV815","Bacteria","Actinobacteriota","Coriobacteriia","Coriobacteriales","Coriobacteriaceae","Collinsella","aerofaciens"
"ASV816","Bacteria","Bacteroidota","Bacteroidia","Bacteroidales","Bacteroidaceae","Bacteroides",NA
"ASV817","Bacteria","Firmicutes","Bacilli","Lactobacillales","Enterococcaceae","Enterococcus",NA
"ASV818","Bacteria","Firmicutes","Negativicutes","Veillonellales-Selenomonadales","Veillonellaceae","Veillonella","ratti"
"ASV819","Bacteria","Proteobacteria","Gammaproteobacteria","Enterobacterales","Enterobacteriaceae","Buttiauxella","brennerae"
"ASV820","Bacteria","Firmicutes","Bacilli","Lactobacillales","Streptococcaceae","Streptococcus","pneumoniae"
"ASV821","Bacteria","Actinobacteriota","Actinobacteria","Bifidobacteriales","Bifidobacteriaceae","Bifidobacterium","kashiwanohense"
"ASV822","Bacteria","Proteobacteria","Gammaproteobacteria","Enterobacterales","Enterobacteriaceae","Escherichia-Shigella","marmotae"
"ASV823","Bacteria","Firmicutes","Clostridia","Lachnospirales","Lachnospiraceae","Hungatella","hathewayi"
"ASV824","Bacteria","Firmicutes","Bacilli","Lactobacillales","Lactobacillaceae","Lacticaseibacillus",NA
"ASV825","Bacteria","Actinobacteriota","Coriobacteriia","Coriobacteriales","Coriobacteriaceae","Collinsella","aerofaciens"
"ASV826","Bacteria","Firmicutes","Clostridia","Lachnospirales","Lachnospiraceae",NA,NA
"ASV827","Bacteria","Proteobacteria","Gammaproteobacteria","Enterobacterales","Enterobacteriaceae","Buttiauxella","brennerae"
"ASV828","Bacteria","Proteobacteria","Gammaproteobacteria","Enterobacterales","Enterobacteriaceae",NA,NA
"ASV829","Bacteria","Firmicutes","Bacilli","Lactobacillales","Enterococcaceae","Enterococcus",NA
"ASV830","Bacteria","Proteobacteria","Gammaproteobacteria","Enterobacterales",NA,NA,NA
"ASV831","Bacteria","Actinobacteriota","Actinobacteria","Actinomycetales","Actinomycetaceae","Actinomyces",NA
"ASV832","Bacteria","Actinobacteriota","Coriobacteriia","Coriobacteriales","Coriobacteriaceae","Collinsella","aerofaciens"
"ASV833","Bacteria","Actinobacteriota","Actinobacteria","Bifidobacteriales","Bifidobacteriaceae","Bifidobacterium",NA
"ASV834","Bacteria","Proteobacteria","Gammaproteobacteria","Enterobacterales","Enterobacteriaceae",NA,NA
"ASV835","Bacteria","Firmicutes","Bacilli","Erysipelotrichales","Erysipelatoclostridiaceae","Erysipelatoclostridium","ramosum"
"ASV836","Bacteria","Proteobacteria","Gammaproteobacteria","Enterobacterales","Enterobacteriaceae",NA,NA
"ASV837","Bacteria","Firmicutes","Clostridia","Lachnospirales","Lachnospiraceae","Hungatella","hathewayi"
"ASV838","Bacteria","Firmicutes","Bacilli","Lactobacillales","Streptococcaceae","Streptococcus",NA
"ASV839","Bacteria","Bacteroidota","Bacteroidia","Bacteroidales","Bacteroidaceae","Bacteroides","vulgatus"
"ASV840","Bacteria","Firmicutes","Clostridia","Lachnospirales","Lachnospiraceae","[Ruminococcus] torques group",NA
"ASV841","Bacteria","Actinobacteriota","Coriobacteriia","Coriobacteriales","Eggerthellaceae","Eggerthella","lenta"
"ASV842","Bacteria","Proteobacteria","Gammaproteobacteria","Enterobacterales","Enterobacteriaceae",NA,NA
"ASV843","Bacteria","Actinobacteriota","Coriobacteriia","Coriobacteriales","Coriobacteriaceae","Collinsella",NA
"ASV844","Bacteria","Bacteroidota","Bacteroidia","Bacteroidales",NA,NA,NA
"ASV845","Bacteria","Firmicutes","Bacilli","Lactobacillales","Enterococcaceae",NA,NA
"ASV846","Bacteria","Proteobacteria","Gammaproteobacteria","Enterobacterales","Enterobacteriaceae",NA,NA
"ASV847","Bacteria","Bacteroidota","Bacteroidia","Bacteroidales","Bacteroidaceae","Bacteroides","fragilis"
"ASV848","Bacteria","Actinobacteriota","Actinobacteria","Bifidobacteriales","Bifidobacteriaceae","Bifidobacterium",NA
"ASV849","Bacteria","Firmicutes","Clostridia","Clostridiales","Clostridiaceae","Clostridium sensu stricto 1",NA
"ASV850","Bacteria","Actinobacteriota","Actinobacteria","Bifidobacteriales","Bifidobacteriaceae","Bifidobacterium","animalis"
"ASV851","Bacteria","Firmicutes","Clostridia","Lachnospirales","Lachnospiraceae",NA,NA
"ASV852","Bacteria","Firmicutes","Clostridia","Oscillospirales","Ruminococcaceae",NA,NA
"ASV853","Bacteria","Actinobacteriota","Actinobacteria","Bifidobacteriales","Bifidobacteriaceae","Bifidobacterium",NA
"ASV854","Bacteria","Bacteroidota","Bacteroidia","Bacteroidales","Bacteroidaceae","Bacteroides",NA
"ASV855","Bacteria","Firmicutes","Bacilli","Lactobacillales","Enterococcaceae","Enterococcus",NA
"ASV856","Bacteria","Firmicutes","Clostridia","Lachnospirales","Lachnospiraceae","[Ruminococcus] torques group",NA
"ASV857","Bacteria","Actinobacteriota","Actinobacteria","Corynebacteriales","Corynebacteriaceae","Corynebacterium",NA
"ASV858","Bacteria","Firmicutes","Bacilli","Lactobacillales","Streptococcaceae","Streptococcus",NA
"ASV859","Bacteria","Firmicutes","Bacilli","Lactobacillales","Streptococcaceae","Streptococcus","thermophilus"
"ASV860","Bacteria","Firmicutes","Clostridia","Lachnospirales","Lachnospiraceae",NA,NA
"ASV861","Bacteria","Proteobacteria","Gammaproteobacteria","Enterobacterales","Enterobacteriaceae",NA,NA
"ASV862","Bacteria","Actinobacteriota","Actinobacteria","Bifidobacteriales","Bifidobacteriaceae","Bifidobacterium",NA
"ASV863","Bacteria","Firmicutes","Bacilli","Lactobacillales",NA,NA,NA
"ASV864","Bacteria","Actinobacteriota","Actinobacteria","Bifidobacteriales","Bifidobacteriaceae","Bifidobacterium","bifidum"
"ASV865","Bacteria","Firmicutes","Bacilli","Lactobacillales",NA,NA,NA
"ASV866","Bacteria","Firmicutes","Bacilli","Lactobacillales","Streptococcaceae","Lactococcus",NA
"ASV867","Bacteria","Proteobacteria","Gammaproteobacteria","Enterobacterales","Enterobacteriaceae",NA,NA
"ASV868","Bacteria","Actinobacteriota","Actinobacteria","Actinomycetales","Actinomycetaceae","Varibaculum","cambriense"
"ASV869","Bacteria","Actinobacteriota","Coriobacteriia","Coriobacteriales","Coriobacteriaceae","Collinsella","aerofaciens"
"ASV870","Bacteria","Actinobacteriota","Actinobacteria","Bifidobacteriales","Bifidobacteriaceae","Bifidobacterium","breve"
"ASV871","Bacteria","Firmicutes","Bacilli","Lactobacillales","Lactobacillaceae","Lacticaseibacillus",NA
"ASV872","Bacteria","Actinobacteriota","Coriobacteriia","Coriobacteriales","Coriobacteriaceae","Collinsella",NA
"ASV873","Bacteria","Proteobacteria","Gammaproteobacteria","Enterobacterales","Enterobacteriaceae",NA,NA
"ASV874","Bacteria","Firmicutes","Clostridia","Lachnospirales","Lachnospiraceae",NA,NA
"ASV875","Bacteria","Actinobacteriota","Actinobacteria","Actinomycetales","Actinomycetaceae","Actinomyces","lingnae"
"ASV876","Bacteria","Actinobacteriota","Coriobacteriia","Coriobacteriales","Coriobacteriaceae","Collinsella","aerofaciens"
"ASV877","Bacteria","Firmicutes","Bacilli","Lactobacillales","Streptococcaceae","Streptococcus",NA
"ASV878","Bacteria","Actinobacteriota","Actinobacteria","Actinomycetales","Actinomycetaceae","Actinomyces",NA
"ASV879","Bacteria","Firmicutes","Bacilli","Lactobacillales","Lactobacillaceae","Lacticaseibacillus",NA
"ASV880","Bacteria","Firmicutes","Clostridia","Lachnospirales","Lachnospiraceae","Hungatella","hathewayi"
"ASV881","Bacteria","Actinobacteriota","Actinobacteria","Bifidobacteriales","Bifidobacteriaceae","Bifidobacterium","longum"
"ASV882","Bacteria","Actinobacteriota","Actinobacteria","Bifidobacteriales","Bifidobacteriaceae","Bifidobacterium",NA
"ASV883","Bacteria","Bacteroidota","Bacteroidia","Bacteroidales","Bacteroidaceae","Bacteroides","vulgatus"
"ASV884","Bacteria","Bacteroidota","Bacteroidia","Bacteroidales","Bacteroidaceae","Bacteroides",NA
"ASV885","Bacteria","Actinobacteriota","Actinobacteria","Bifidobacteriales","Bifidobacteriaceae","Bifidobacterium",NA
"ASV886","Bacteria","Firmicutes","Clostridia","Clostridiales","Clostridiaceae","Clostridium sensu stricto 1","perfringens"
"ASV887","Bacteria","Proteobacteria","Gammaproteobacteria","Enterobacterales","Enterobacteriaceae",NA,NA
"ASV888","Bacteria","Firmicutes","Clostridia","Lachnospirales","Lachnospiraceae","Lachnobacterium","bovis"
"ASV889","Bacteria","Firmicutes","Bacilli","Lactobacillales","Streptococcaceae","Streptococcus","thermophilus"
"ASV890","Bacteria","Bacteroidota","Bacteroidia","Bacteroidales","Bacteroidaceae","Bacteroides","fragilis"
"ASV891","Bacteria","Proteobacteria","Gammaproteobacteria","Enterobacterales","Enterobacteriaceae","Enterobacter","mori"
"ASV892","Bacteria","Actinobacteriota","Actinobacteria","Bifidobacteriales","Bifidobacteriaceae","Bifidobacterium",NA
"ASV893","Bacteria","Actinobacteriota","Actinobacteria","Bifidobacteriales","Bifidobacteriaceae","Bifidobacterium","longum"
"ASV894","Bacteria","Firmicutes","Clostridia","Lachnospirales","Lachnospiraceae",NA,NA
"ASV895","Bacteria","Proteobacteria","Gammaproteobacteria","Enterobacterales","Pasteurellaceae","Haemophilus",NA
"ASV896","Bacteria","Proteobacteria","Gammaproteobacteria","Enterobacterales","Enterobacteriaceae",NA,NA
"ASV897","Bacteria","Actinobacteriota","Actinobacteria","Bifidobacteriales","Bifidobacteriaceae","Bifidobacterium",NA
"ASV898","Bacteria","Firmicutes","Bacilli","Lactobacillales","Enterococcaceae",NA,NA
"ASV899","Bacteria","Firmicutes","Bacilli","Lactobacillales","Enterococcaceae","Enterococcus",NA
"ASV900","Bacteria","Bacteroidota","Bacteroidia","Bacteroidales","Bacteroidaceae","Bacteroides","kribbi"
"ASV901","Bacteria","Actinobacteriota","Coriobacteriia","Coriobacteriales","Coriobacteriaceae","Collinsella",NA
"ASV902","Bacteria","Firmicutes","Clostridia","Lachnospirales","Lachnospiraceae","Hungatella","hathewayi"
"ASV903","Bacteria","Patescibacteria","Saccharimonadia","Saccharimonadales","Saccharimonadaceae",NA,NA
"ASV904","Bacteria","Actinobacteriota","Actinobacteria","Bifidobacteriales","Bifidobacteriaceae","Bifidobacterium","animalis"
"ASV905","Bacteria","Firmicutes","Clostridia","Lachnospirales","Lachnospiraceae",NA,NA
"ASV906","Bacteria","Firmicutes","Clostridia","Lachnospirales","Lachnospiraceae",NA,NA
"ASV907","Bacteria","Firmicutes","Clostridia","Lachnospirales","Lachnospiraceae","Blautia",NA
"ASV908","Bacteria","Bacteroidota","Bacteroidia","Bacteroidales","Bacteroidaceae","Bacteroides","xylanisolvens"
"ASV909","Bacteria","Proteobacteria","Gammaproteobacteria","Enterobacterales","Enterobacteriaceae","Escherichia-Shigella",NA
"ASV910","Bacteria","Bacteroidota","Bacteroidia","Bacteroidales","Bacteroidaceae","Bacteroides","fragilis"
"ASV911","Bacteria","Proteobacteria","Gammaproteobacteria","Enterobacterales","Enterobacteriaceae","Escherichia-Shigella",NA
"ASV912","Bacteria","Actinobacteriota","Actinobacteria","Bifidobacteriales","Bifidobacteriaceae","Bifidobacterium",NA
"ASV913","Bacteria","Firmicutes","Clostridia","Eubacteriales","Eubacteriaceae",NA,NA
"ASV914","Bacteria","Proteobacteria","Gammaproteobacteria","Enterobacterales","Enterobacteriaceae",NA,NA
"ASV915","Bacteria","Proteobacteria","Gammaproteobacteria","Enterobacterales",NA,NA,NA
"ASV916","Bacteria","Bacteroidota","Bacteroidia","Bacteroidales","Bacteroidaceae","Bacteroides","kribbi"
"ASV917","Bacteria","Firmicutes","Bacilli","Erysipelotrichales","Erysipelatoclostridiaceae","Erysipelatoclostridium","ramosum"
"ASV918","Bacteria","Proteobacteria","Gammaproteobacteria","Enterobacterales","Enterobacteriaceae","Enterobacter",NA
"ASV919","Bacteria","Firmicutes","Clostridia","Lachnospirales","Lachnospiraceae",NA,NA
"ASV920","Bacteria","Bacteroidota","Bacteroidia","Bacteroidales","Bacteroidaceae","Bacteroides",NA
"ASV921","Bacteria","Bacteroidota","Bacteroidia","Bacteroidales","Tannerellaceae","Parabacteroides","distasonis"
"ASV922","Bacteria","Firmicutes","Clostridia","Lachnospirales","Lachnospiraceae",NA,NA
"ASV923","Bacteria","Actinobacteriota","Actinobacteria","Bifidobacteriales","Bifidobacteriaceae","Bifidobacterium",NA
"ASV924","Bacteria","Firmicutes","Bacilli","Lactobacillales","Enterococcaceae",NA,NA
"ASV925","Bacteria","Firmicutes","Bacilli","Erysipelotrichales","Erysipelotrichaceae","[Clostridium] innocuum group","innocuum"
"ASV926","Bacteria","Actinobacteriota","Actinobacteria","Actinomycetales","Actinomycetaceae","Actinomyces",NA
"ASV927","Bacteria","Proteobacteria","Gammaproteobacteria","Enterobacterales","Enterobacteriaceae",NA,NA
"ASV928","Bacteria","Bacteroidota","Bacteroidia","Bacteroidales",NA,NA,NA
"ASV929","Bacteria","Firmicutes","Clostridia","Lachnospirales","Lachnospiraceae",NA,NA
"ASV930","Bacteria","Firmicutes","Clostridia","Lachnospirales","Lachnospiraceae","Blautia",NA
"ASV931","Bacteria","Firmicutes","Bacilli","Lactobacillales","Enterococcaceae","Enterococcus",NA
"ASV932","Bacteria","Firmicutes","Clostridia","Lachnospirales","Lachnospiraceae",NA,NA
"ASV933","Bacteria","Firmicutes","Bacilli","Lactobacillales","Enterococcaceae","Enterococcus",NA
"ASV934","Bacteria","Proteobacteria","Gammaproteobacteria","Enterobacterales","Enterobacteriaceae",NA,NA
"ASV935","Bacteria","Actinobacteriota","Coriobacteriia","Coriobacteriales","Eggerthellaceae","Eggerthella",NA
"ASV936","Bacteria","Actinobacteriota","Actinobacteria","Bifidobacteriales","Bifidobacteriaceae","Bifidobacterium",NA
"ASV937","Bacteria","Actinobacteriota","Coriobacteriia","Coriobacteriales",NA,NA,NA
"ASV938","Bacteria","Proteobacteria","Gammaproteobacteria","Enterobacterales","Enterobacteriaceae",NA,NA
"ASV939","Bacteria","Bacteroidota","Bacteroidia","Bacteroidales","Tannerellaceae","Parabacteroides","distasonis"
"ASV940","Bacteria","Firmicutes","Bacilli","Lactobacillales","Enterococcaceae","Enterococcus",NA
"ASV941","Bacteria","Bacteroidota","Bacteroidia","Bacteroidales","Bacteroidaceae","Bacteroides","kribbi"
"ASV942","Bacteria","Firmicutes","Clostridia","Clostridiales","Clostridiaceae","Sarcina",NA
"ASV943","Bacteria","Firmicutes","Clostridia","Lachnospirales","Lachnospiraceae","Blautia",NA
"ASV944","Bacteria","Firmicutes","Bacilli","Lactobacillales","Enterococcaceae","Enterococcus",NA
"ASV945","Bacteria","Actinobacteriota","Actinobacteria","Bifidobacteriales","Bifidobacteriaceae","Bifidobacterium","breve"
"ASV946","Bacteria","Firmicutes","Clostridia","Lachnospirales","Lachnospiraceae",NA,NA
"ASV947","Bacteria","Bacteroidota","Bacteroidia","Bacteroidales","Tannerellaceae","Parabacteroides",NA
"ASV948","Bacteria","Firmicutes","Clostridia","Lachnospirales","Lachnospiraceae",NA,NA
"ASV949","Bacteria","Actinobacteriota","Coriobacteriia","Coriobacteriales","Coriobacteriaceae","Collinsella","aerofaciens"
"ASV950","Bacteria","Firmicutes","Clostridia","Lachnospirales","Lachnospiraceae",NA,NA
"ASV951","Bacteria","Actinobacteriota","Actinobacteria","Actinomycetales","Actinomycetaceae","Varibaculum",NA
"ASV952","Bacteria","Firmicutes","Clostridia","Peptostreptococcales-Tissierellales","Peptostreptococcaceae",NA,NA
"ASV953","Bacteria","Firmicutes","Clostridia","Lachnospirales","Lachnospiraceae",NA,NA
"ASV954","Bacteria","Proteobacteria","Gammaproteobacteria","Enterobacterales","Enterobacteriaceae",NA,NA
"ASV955","Bacteria","Firmicutes","Bacilli","Erysipelotrichales","Erysipelatoclostridiaceae","Erysipelatoclostridium","ramosum"
"ASV956","Bacteria","Bacteroidota","Bacteroidia","Bacteroidales","Tannerellaceae","Parabacteroides",NA
"ASV957","Bacteria","Firmicutes","Bacilli","Lactobacillales","Enterococcaceae","Enterococcus",NA
"ASV958","Bacteria","Firmicutes","Clostridia","Clostridiales","Clostridiaceae","Clostridium sensu stricto 1",NA
"ASV959","Bacteria","Actinobacteriota","Actinobacteria","Bifidobacteriales","Bifidobacteriaceae","Bifidobacterium","ramosum"
"ASV960","Bacteria","Bacteroidota","Bacteroidia","Bacteroidales","Bacteroidaceae","Bacteroides",NA
"ASV961","Bacteria","Actinobacteriota","Actinobacteria","Bifidobacteriales","Bifidobacteriaceae","Bifidobacterium",NA
"ASV962","Bacteria","Firmicutes","Clostridia","Lachnospirales","Lachnospiraceae",NA,NA
"ASV963","Bacteria","Proteobacteria","Gammaproteobacteria","Enterobacterales","Enterobacteriaceae","Enterobacter",NA
"ASV964","Bacteria","Actinobacteriota","Actinobacteria","Bifidobacteriales","Bifidobacteriaceae","Bifidobacterium",NA
"ASV965","Bacteria","Actinobacteriota","Coriobacteriia","Coriobacteriales","Coriobacteriaceae","Collinsella","aerofaciens"
"ASV966","Bacteria","Firmicutes","Bacilli","Lactobacillales","Enterococcaceae","Enterococcus",NA
"ASV967","Bacteria","Bacteroidota","Bacteroidia","Bacteroidales","Bacteroidaceae","Bacteroides",NA
"ASV968","Bacteria","Proteobacteria","Gammaproteobacteria","Enterobacterales","Enterobacteriaceae",NA,NA
"ASV969","Bacteria","Proteobacteria","Gammaproteobacteria","Enterobacterales","Enterobacteriaceae",NA,NA
"ASV970","Bacteria","Proteobacteria","Gammaproteobacteria","Enterobacterales","Enterobacteriaceae",NA,NA
"ASV971","Bacteria","Actinobacteriota","Coriobacteriia","Coriobacteriales","Coriobacteriaceae","Collinsella","aerofaciens"
"ASV972","Bacteria","Firmicutes","Bacilli","Lactobacillales","Enterococcaceae","Enterococcus",NA
"ASV973","Bacteria","Firmicutes","Clostridia","Clostridiales","Clostridiaceae","Clostridium sensu stricto 1",NA
"ASV974","Bacteria","Proteobacteria","Gammaproteobacteria","Enterobacterales","Enterobacteriaceae","Escherichia-Shigella",NA
"ASV975","Bacteria","Actinobacteriota","Coriobacteriia","Coriobacteriales","Coriobacteriaceae","Collinsella","aerofaciens"
"ASV976","Bacteria","Actinobacteriota","Actinobacteria","Bifidobacteriales","Bifidobacteriaceae","Bifidobacterium",NA
"ASV977","Bacteria","Bacteroidota","Bacteroidia","Bacteroidales","Bacteroidaceae","Bacteroides","fragilis"
"ASV978","Bacteria","Actinobacteriota","Actinobacteria","Bifidobacteriales","Bifidobacteriaceae","Bifidobacterium",NA
"ASV979","Bacteria","Firmicutes","Clostridia","Eubacteriales","Eubacteriaceae","Eubacterium","callanderi"
"ASV980","Bacteria","Actinobacteriota","Coriobacteriia","Coriobacteriales","Eggerthellaceae",NA,NA
"ASV981","Bacteria","Actinobacteriota","Coriobacteriia","Coriobacteriales","Coriobacteriaceae","Collinsella","aerofaciens"
"ASV982","Bacteria","Proteobacteria","Gammaproteobacteria","Enterobacterales","Enterobacteriaceae",NA,NA
"ASV983","Bacteria","Firmicutes","Bacilli","Lactobacillales","Streptococcaceae","Streptococcus","vestibularis"
"ASV984","Bacteria","Fusobacteriota","Fusobacteriia","Fusobacteriales","Fusobacteriaceae","Fusobacterium",NA
"ASV985","Bacteria","Actinobacteriota","Actinobacteria","Actinomycetales","Actinomycetaceae","Actinomyces",NA
"ASV986","Bacteria","Proteobacteria","Gammaproteobacteria","Enterobacterales","Enterobacteriaceae","Enterobacter",NA
"ASV987","Bacteria","Proteobacteria","Gammaproteobacteria","Enterobacterales","Enterobacteriaceae",NA,NA
"ASV988","Bacteria","Actinobacteriota","Actinobacteria","Actinomycetales","Actinomycetaceae","Actinomyces","graevenitzii"
"ASV989","Bacteria","Firmicutes","Bacilli","Lactobacillales","Enterococcaceae","Enterococcus",NA
"ASV990","Bacteria","Bacteroidota","Bacteroidia","Bacteroidales","Bacteroidaceae","Bacteroides","xylanisolvens"
"ASV991","Bacteria","Fusobacteriota","Fusobacteriia","Fusobacteriales","Fusobacteriaceae","Fusobacterium","nucleatum"
"ASV992","Bacteria","Bacteroidota","Bacteroidia","Bacteroidales","Tannerellaceae","Parabacteroides","distasonis"
"ASV993","Bacteria","Bacteroidota","Bacteroidia","Bacteroidales","Bacteroidaceae","Bacteroides","vulgatus"
"ASV994","Bacteria","Firmicutes","Bacilli","Lactobacillales","Lactobacillaceae","Lacticaseibacillus",NA
"ASV995","Bacteria","Bacteroidota","Bacteroidia","Bacteroidales","Bacteroidaceae","Bacteroides",NA
"ASV996","Bacteria","Firmicutes","Bacilli","Lactobacillales","Enterococcaceae","Enterococcus","faecalis"
"ASV997","Bacteria","Actinobacteriota","Actinobacteria","Actinomycetales","Actinomycetaceae","Varibaculum","cambriense"
"ASV998","Bacteria","Bacteroidota","Bacteroidia","Bacteroidales","Bacteroidaceae","Bacteroides","fragilis"
"ASV999","Bacteria","Proteobacteria","Gammaproteobacteria","Enterobacterales","Enterobacteriaceae",NA,NA
"ASV1000","Bacteria","Actinobacteriota","Coriobacteriia","Coriobacteriales","Coriobacteriaceae","Collinsella","aerofaciens"
"ASV1001","Bacteria","Firmicutes","Clostridia","Lachnospirales","Lachnospiraceae",NA,NA
"ASV1002","Bacteria","Actinobacteriota","Coriobacteriia","Coriobacteriales","Coriobacteriaceae","Collinsella",NA
"ASV1003","Bacteria","Firmicutes","Clostridia","Lachnospirales","Lachnospiraceae","Blautia",NA
"ASV1004","Bacteria","Firmicutes","Bacilli","Lactobacillales",NA,NA,NA
"ASV1005","Bacteria","Proteobacteria","Gammaproteobacteria","Enterobacterales","Enterobacteriaceae","Enterobacter",NA
"ASV1006","Bacteria","Bacteroidota","Bacteroidia","Bacteroidales","Bacteroidaceae","Bacteroides","fragilis"
"ASV1007","Bacteria","Proteobacteria","Gammaproteobacteria","Enterobacterales","Enterobacteriaceae",NA,NA
"ASV1008","Bacteria","Actinobacteriota","Actinobacteria","Bifidobacteriales","Bifidobacteriaceae","Bifidobacterium",NA
"ASV1009","Bacteria","Proteobacteria","Gammaproteobacteria","Enterobacterales","Enterobacteriaceae",NA,NA
"ASV1010","Bacteria","Bacteroidota","Bacteroidia","Bacteroidales","Bacteroidaceae","Bacteroides",NA
"ASV1011","Bacteria","Actinobacteriota","Actinobacteria","Bifidobacteriales","Bifidobacteriaceae","Bifidobacterium","ramosum"
"ASV1012","Bacteria","Firmicutes","Bacilli","Lactobacillales","Lactobacillaceae","Lacticaseibacillus",NA
"ASV1013","Bacteria","Actinobacteriota","Actinobacteria","Bifidobacteriales","Bifidobacteriaceae","Bifidobacterium","ramosum"
"ASV1014","Bacteria","Actinobacteriota","Actinobacteria","Bifidobacteriales","Bifidobacteriaceae","Bifidobacterium",NA
"ASV1015","Bacteria","Bacteroidota","Bacteroidia","Bacteroidales","Tannerellaceae","Parabacteroides","distasonis"
"ASV1016","Bacteria","Firmicutes","Bacilli","Lactobacillales","Enterococcaceae","Enterococcus",NA
"ASV1017","Bacteria","Bacteroidota","Bacteroidia","Bacteroidales","Tannerellaceae","Parabacteroides","merdae"
"ASV1018","Bacteria","Firmicutes","Clostridia","Lachnospirales","Lachnospiraceae","Blautia","wexlerae"
"ASV1019","Bacteria","Actinobacteriota","Actinobacteria","Bifidobacteriales","Bifidobacteriaceae","Bifidobacterium",NA
"ASV1020","Bacteria","Proteobacteria","Gammaproteobacteria","Enterobacterales",NA,NA,NA
"ASV1021","Bacteria","Firmicutes","Clostridia","Lachnospirales","Lachnospiraceae","Blautia",NA
"ASV1022","Bacteria","Firmicutes","Bacilli","Lactobacillales","Streptococcaceae","Streptococcus",NA
"ASV1023","Bacteria","Firmicutes","Clostridia","Lachnospirales","Lachnospiraceae",NA,NA
"ASV1024","Bacteria","Actinobacteriota","Actinobacteria","Bifidobacteriales","Bifidobacteriaceae","Bifidobacterium","breve"
"ASV1025","Bacteria","Actinobacteriota","Actinobacteria","Bifidobacteriales","Bifidobacteriaceae","Bifidobacterium",NA
"ASV1026","Bacteria","Actinobacteriota","Actinobacteria","Bifidobacteriales","Bifidobacteriaceae","Bifidobacterium",NA
"ASV1027","Bacteria","Firmicutes","Clostridia","Lachnospirales","Lachnospiraceae",NA,NA
"ASV1028","Bacteria","Firmicutes","Negativicutes","Veillonellales-Selenomonadales","Veillonellaceae","Veillonella",NA
"ASV1029","Bacteria","Actinobacteriota","Coriobacteriia","Coriobacteriales","Coriobacteriaceae","Collinsella","aerofaciens"
"ASV1030","Bacteria","Firmicutes","Bacilli","Lactobacillales","Streptococcaceae","Streptococcus",NA
"ASV1031","Bacteria","Firmicutes","Bacilli","Lactobacillales","Enterococcaceae","Enterococcus","ratti"
"ASV1032","Bacteria","Firmicutes","Clostridia","Lachnospirales","Lachnospiraceae",NA,NA
"ASV1033","Bacteria","Firmicutes","Clostridia","Lachnospirales","Lachnospiraceae","Blautia",NA
"ASV1034","Bacteria","Actinobacteriota","Actinobacteria","Bifidobacteriales","Bifidobacteriaceae","Bifidobacterium",NA
"ASV1035","Bacteria","Actinobacteriota","Actinobacteria","Bifidobacteriales","Bifidobacteriaceae","Bifidobacterium","longum"
"ASV1036","Bacteria","Proteobacteria","Gammaproteobacteria","Enterobacterales","Enterobacteriaceae","Escherichia-Shigella",NA
"ASV1037","Bacteria","Actinobacteriota","Coriobacteriia","Coriobacteriales","Coriobacteriaceae","Collinsella",NA
"ASV1038","Bacteria","Actinobacteriota","Actinobacteria","Bifidobacteriales","Bifidobacteriaceae","Bifidobacterium",NA
"ASV1039","Bacteria","Bacteroidota","Bacteroidia","Bacteroidales","Bacteroidaceae","Bacteroides","vulgatus"
"ASV1040","Bacteria","Actinobacteriota","Actinobacteria","Actinomycetales","Actinomycetaceae","Actinomyces",NA
"ASV1041","Bacteria","Actinobacteriota","Actinobacteria","Actinomycetales","Actinomycetaceae","Actinomyces","graevenitzii"
"ASV1042","Bacteria","Firmicutes","Clostridia","Lachnospirales","Lachnospiraceae",NA,NA
"ASV1043","Bacteria","Firmicutes","Clostridia","Lachnospirales","Lachnospiraceae","Blautia",NA
"ASV1044","Bacteria","Actinobacteriota","Actinobacteria","Bifidobacteriales","Bifidobacteriaceae","Bifidobacterium","kashiwanohense"
"ASV1045","Bacteria","Bacteroidota","Bacteroidia","Bacteroidales","Bacteroidaceae","Bacteroides",NA
"ASV1046","Bacteria","Firmicutes","Bacilli","Lactobacillales","Streptococcaceae","Streptococcus",NA
"ASV1047","Bacteria","Firmicutes","Clostridia","Lachnospirales","Lachnospiraceae","Hungatella","hathewayi"
"ASV1048","Bacteria","Firmicutes","Clostridia","Peptostreptococcales-Tissierellales","Peptostreptococcaceae","Romboutsia",NA
"ASV1049","Bacteria","Bacteroidota","Bacteroidia","Bacteroidales","Bacteroidaceae","Bacteroides",NA
"ASV1050","Bacteria","Actinobacteriota","Actinobacteria","Bifidobacteriales","Bifidobacteriaceae","Bifidobacterium","animalis"
"ASV1051","Bacteria","Firmicutes","Clostridia","Lachnospirales","Lachnospiraceae","Hungatella",NA
"ASV1052","Bacteria","Firmicutes","Clostridia","Clostridiales","Clostridiaceae","Clostridium sensu stricto 1",NA
"ASV1053","Bacteria","Firmicutes","Bacilli","Lactobacillales","Enterococcaceae","Enterococcus","hermanniensis"
"ASV1054","Bacteria","Actinobacteriota","Actinobacteria","Bifidobacteriales","Bifidobacteriaceae","Bifidobacterium","ramosum"
"ASV1055","Bacteria","Actinobacteriota","Coriobacteriia","Coriobacteriales","Coriobacteriaceae","Collinsella","aerofaciens"
"ASV1056","Bacteria","Firmicutes","Clostridia","Lachnospirales","Lachnospiraceae",NA,NA
"ASV1057","Bacteria","Actinobacteriota","Actinobacteria","Bifidobacteriales","Bifidobacteriaceae","Bifidobacterium",NA
"ASV1058","Bacteria","Proteobacteria","Gammaproteobacteria","Enterobacterales","Enterobacteriaceae",NA,NA
"ASV1059","Bacteria","Firmicutes","Clostridia","Oscillospirales","Oscillospiraceae","Flavonifractor","plautii"
"ASV1060","Bacteria","Proteobacteria","Gammaproteobacteria","Enterobacterales","Morganellaceae","Morganella",NA
"ASV1061","Bacteria","Actinobacteriota","Actinobacteria","Bifidobacteriales","Bifidobacteriaceae","Bifidobacterium","kashiwanohense"
"ASV1062","Bacteria","Firmicutes","Clostridia","Lachnospirales","Lachnospiraceae",NA,NA
"ASV1063","Bacteria","Bacteroidota","Bacteroidia","Bacteroidales","Bacteroidaceae","Bacteroides","fragilis"
"ASV1064","Bacteria","Actinobacteriota","Actinobacteria","Bifidobacteriales","Bifidobacteriaceae","Bifidobacterium","scardovii"
"ASV1065","Bacteria","Firmicutes","Clostridia","Lachnospirales","Lachnospiraceae","Hungatella","hathewayi"
"ASV1066","Bacteria","Firmicutes","Clostridia","Clostridiales","Clostridiaceae","Clostridium sensu stricto 1","moniliforme"
"ASV1067","Bacteria","Firmicutes","Bacilli","Lactobacillales","Enterococcaceae","Enterococcus",NA
"ASV1068","Bacteria","Actinobacteriota","Actinobacteria","Bifidobacteriales","Bifidobacteriaceae","Bifidobacterium",NA
"ASV1069","Bacteria","Actinobacteriota","Actinobacteria","Bifidobacteriales","Bifidobacteriaceae","Bifidobacterium","ramosum"
"ASV1070","Bacteria","Bacteroidota","Bacteroidia","Bacteroidales","Bacteroidaceae","Bacteroides","kribbi"
"ASV1071","Bacteria","Firmicutes","Bacilli","Lactobacillales","Enterococcaceae","Enterococcus",NA
"ASV1072","Bacteria","Proteobacteria","Gammaproteobacteria","Enterobacterales","Enterobacteriaceae","Escherichia-Shigella",NA
"ASV1073","Bacteria","Bacteroidota","Bacteroidia","Bacteroidales","Tannerellaceae","Parabacteroides",NA
"ASV1074","Bacteria","Firmicutes","Clostridia",NA,NA,NA,NA
"ASV1075","Bacteria","Actinobacteriota","Actinobacteria","Bifidobacteriales","Bifidobacteriaceae","Bifidobacterium",NA
"ASV1076","Bacteria","Actinobacteriota","Coriobacteriia","Coriobacteriales","Coriobacteriaceae","Collinsella","aerofaciens"
"ASV1077","Bacteria","Firmicutes","Bacilli","Lactobacillales","Enterococcaceae","Enterococcus","faecalis"
"ASV1078","Bacteria","Firmicutes","Bacilli","Lactobacillales","Streptococcaceae","Streptococcus",NA
"ASV1079","Bacteria","Verrucomicrobiota","Verrucomicrobiae","Verrucomicrobiales","Akkermansiaceae","Akkermansia","muciniphila"
"ASV1080","Bacteria","Proteobacteria","Gammaproteobacteria","Enterobacterales","Enterobacteriaceae",NA,NA
"ASV1081","Bacteria","Firmicutes","Clostridia","Clostridiales","Clostridiaceae",NA,NA
"ASV1082","Bacteria","Bacteroidota","Bacteroidia","Bacteroidales","Prevotellaceae","Prevotella","bivia"
"ASV1083","Bacteria","Firmicutes","Bacilli","Lactobacillales","Enterococcaceae","Enterococcus",NA
"ASV1084","Bacteria","Actinobacteriota","Actinobacteria","Bifidobacteriales","Bifidobacteriaceae","Bifidobacterium",NA
"ASV1085","Bacteria","Firmicutes","Bacilli","Lactobacillales","Enterococcaceae","Enterococcus","faecalis"
"ASV1086","Bacteria","Firmicutes","Clostridia","Lachnospirales","Lachnospiraceae","Hungatella","hathewayi"
"ASV1087","Bacteria","Bacteroidota","Bacteroidia","Bacteroidales","Tannerellaceae","Parabacteroides","distasonis"
"ASV1088","Bacteria","Firmicutes","Clostridia","Lachnospirales","Lachnospiraceae","Blautia",NA
"ASV1089","Bacteria","Actinobacteriota","Actinobacteria","Bifidobacteriales","Bifidobacteriaceae","Bifidobacterium","ramosum"
"ASV1090","Bacteria","Firmicutes","Bacilli","Lactobacillales","Streptococcaceae","Streptococcus","pneumoniae"
"ASV1091","Bacteria","Bacteroidota","Bacteroidia","Bacteroidales","Bacteroidaceae","Bacteroides",NA
"ASV1092","Bacteria","Proteobacteria","Gammaproteobacteria","Enterobacterales","Enterobacteriaceae",NA,NA
"ASV1093","Bacteria","Actinobacteriota","Actinobacteria","Bifidobacteriales","Bifidobacteriaceae","Bifidobacterium","kashiwanohense"
"ASV1094","Bacteria","Firmicutes","Clostridia","Oscillospirales","Oscillospiraceae","Intestinimonas",NA
"ASV1095","Bacteria","Actinobacteriota","Actinobacteria","Bifidobacteriales","Bifidobacteriaceae","Bifidobacterium",NA
"ASV1096","Bacteria","Firmicutes","Bacilli","Lactobacillales","Enterococcaceae","Enterococcus",NA
"ASV1097","Bacteria","Firmicutes","Clostridia","Lachnospirales","Lachnospiraceae","Hungatella","hathewayi"
"ASV1098","Bacteria","Bacteroidota","Bacteroidia","Bacteroidales","Bacteroidaceae","Bacteroides","fragilis"
"ASV1099","Bacteria","Firmicutes","Bacilli","Lactobacillales","Streptococcaceae","Streptococcus","vestibularis"
"ASV1100","Bacteria","Verrucomicrobiota","Verrucomicrobiae","Verrucomicrobiales","Akkermansiaceae","Akkermansia","muciniphila"
"ASV1101","Bacteria","Bacteroidota","Bacteroidia","Bacteroidales","Bacteroidaceae","Bacteroides",NA
"ASV1102","Bacteria","Firmicutes","Clostridia","Lachnospirales","Lachnospiraceae","Hungatella","hathewayi"
"ASV1103","Bacteria","Proteobacteria","Gammaproteobacteria","Enterobacterales","Pasteurellaceae","Haemophilus","parainfluenzae"
"ASV1104","Bacteria","Actinobacteriota","Actinobacteria","Bifidobacteriales","Bifidobacteriaceae","Bifidobacterium",NA
"ASV1105","Bacteria","Firmicutes","Clostridia","Lachnospirales","Lachnospiraceae","Blautia",NA
"ASV1106","Bacteria","Firmicutes","Clostridia","Lachnospirales","Lachnospiraceae","Anaerostipes","caccae"
"ASV1107","Bacteria","Firmicutes","Bacilli","Lactobacillales","Enterococcaceae","Enterococcus",NA
"ASV1108","Bacteria","Bacteroidota","Bacteroidia","Bacteroidales","Bacteroidaceae","Bacteroides",NA
"ASV1109","Bacteria","Actinobacteriota","Actinobacteria","Bifidobacteriales","Bifidobacteriaceae","Bifidobacterium","breve"
"ASV1110","Bacteria","Firmicutes","Clostridia","Lachnospirales","Lachnospiraceae","Blautia",NA
"ASV1111","Bacteria","Actinobacteriota","Actinobacteria","Bifidobacteriales","Bifidobacteriaceae","Bifidobacterium","kashiwanohense"
"ASV1112","Bacteria","Proteobacteria","Gammaproteobacteria","Enterobacterales","Enterobacteriaceae","Escherichia-Shigella",NA
"ASV1113","Bacteria","Actinobacteriota","Actinobacteria","Bifidobacteriales","Bifidobacteriaceae","Bifidobacterium","ramosum"
"ASV1114","Bacteria","Firmicutes","Clostridia","Lachnospirales","Lachnospiraceae","Hungatella","hathewayi"
"ASV1115","Bacteria","Actinobacteriota","Coriobacteriia","Coriobacteriales","Coriobacteriaceae","Collinsella","aerofaciens"
"ASV1116","Bacteria","Bacteroidota","Bacteroidia","Bacteroidales","Bacteroidaceae","Bacteroides","xylanisolvens"
"ASV1117","Bacteria","Firmicutes","Clostridia","Lachnospirales","Lachnospiraceae",NA,NA
"ASV1118","Bacteria","Firmicutes","Clostridia","Lachnospirales","Lachnospiraceae",NA,NA
"ASV1119","Bacteria","Proteobacteria","Gammaproteobacteria","Enterobacterales","Enterobacteriaceae","Escherichia-Shigella",NA
"ASV1120","Bacteria","Bacteroidota","Bacteroidia","Bacteroidales","Bacteroidaceae","Bacteroides","vulgatus"
"ASV1121","Bacteria","Firmicutes","Bacilli","Lactobacillales","Enterococcaceae","Enterococcus",NA
"ASV1122","Bacteria","Actinobacteriota","Actinobacteria","Bifidobacteriales","Bifidobacteriaceae","Bifidobacterium","ramosum"
"ASV1123","Bacteria","Firmicutes","Clostridia","Peptostreptococcales-Tissierellales","Peptostreptococcaceae",NA,NA
"ASV1124","Bacteria","Actinobacteriota","Actinobacteria","Actinomycetales","Actinomycetaceae","Varibaculum",NA
"ASV1125","Bacteria","Firmicutes","Clostridia","Lachnospirales","Lachnospiraceae","Hungatella",NA
"ASV1126","Bacteria","Firmicutes","Clostridia","Lachnospirales","Lachnospiraceae","Blautia","wexlerae"
"ASV1127","Bacteria","Firmicutes","Bacilli","Lactobacillales","Enterococcaceae","Enterococcus",NA
"ASV1128","Bacteria","Actinobacteriota","Actinobacteria","Bifidobacteriales","Bifidobacteriaceae","Bifidobacterium",NA
"ASV1129","Bacteria","Proteobacteria","Gammaproteobacteria","Enterobacterales","Enterobacteriaceae","Escherichia-Shigella",NA
"ASV1130","Bacteria","Actinobacteriota","Coriobacteriia","Coriobacteriales","Coriobacteriaceae","Collinsella","aerofaciens"
"ASV1131","Bacteria","Bacteroidota","Bacteroidia","Bacteroidales","Tannerellaceae","Parabacteroides",NA
"ASV1132","Bacteria",NA,NA,NA,NA,NA,NA
"ASV1133","Bacteria","Firmicutes","Bacilli","Lactobacillales","Streptococcaceae","Streptococcus","pneumoniae"
"ASV1134","Bacteria","Proteobacteria","Gammaproteobacteria","Enterobacterales","Enterobacteriaceae",NA,NA
"ASV1135","Bacteria","Proteobacteria","Gammaproteobacteria","Enterobacterales","Enterobacteriaceae",NA,NA
"ASV1136","Bacteria","Bacteroidota","Bacteroidia","Bacteroidales","Bacteroidaceae","Bacteroides","vulgatus"
"ASV1137","Bacteria","Actinobacteriota","Actinobacteria","Bifidobacteriales","Bifidobacteriaceae","Bifidobacterium","ramosum"
"ASV1138","Bacteria","Firmicutes","Bacilli","Lactobacillales","Streptococcaceae","Streptococcus","vestibularis"
"ASV1139","Bacteria","Actinobacteriota","Coriobacteriia","Coriobacteriales","Coriobacteriaceae","Collinsella","aerofaciens"
"ASV1140","Bacteria","Firmicutes","Clostridia","Clostridiales","Clostridiaceae","Sarcina",NA
"ASV1141","Bacteria","Actinobacteriota","Actinobacteria","Bifidobacteriales","Bifidobacteriaceae","Bifidobacterium","ramosum"
"ASV1142","Bacteria","Firmicutes","Clostridia","Clostridiales","Clostridiaceae","Sarcina",NA
"ASV1143","Bacteria","Firmicutes","Bacilli","Erysipelotrichales","Erysipelotrichaceae","[Clostridium] innocuum group",NA
"ASV1144","Bacteria","Actinobacteriota","Actinobacteria","Bifidobacteriales","Bifidobacteriaceae","Bifidobacterium",NA
"ASV1145","Bacteria","Fusobacteriota","Fusobacteriia","Fusobacteriales","Fusobacteriaceae","Fusobacterium","nucleatum"
"ASV1146","Bacteria","Firmicutes","Bacilli","Lactobacillales","Enterococcaceae",NA,NA
"ASV1147","Bacteria","Firmicutes","Bacilli","Lactobacillales","Streptococcaceae","Streptococcus","vestibularis"
"ASV1148","Bacteria","Firmicutes","Clostridia","Lachnospirales","Lachnospiraceae",NA,NA
"ASV1149","Bacteria","Firmicutes","Bacilli","Lactobacillales","Enterococcaceae","Enterococcus",NA
"ASV1150","Bacteria","Bacteroidota","Bacteroidia","Bacteroidales","Bacteroidaceae","Bacteroides","fragilis"
"ASV1151","Bacteria","Actinobacteriota","Actinobacteria","Bifidobacteriales","Bifidobacteriaceae","Bifidobacterium",NA
"ASV1152","Bacteria","Actinobacteriota","Actinobacteria","Actinomycetales","Actinomycetaceae","Actinomyces",NA
"ASV1153","Bacteria","Proteobacteria","Gammaproteobacteria","Enterobacterales","Enterobacteriaceae",NA,NA
"ASV1154","Bacteria","Actinobacteriota","Coriobacteriia","Coriobacteriales","Coriobacteriaceae","Collinsella",NA
"ASV1155","Bacteria","Firmicutes","Bacilli","Lactobacillales","Streptococcaceae","Streptococcus","thermophilus"
"ASV1156","Bacteria","Actinobacteriota","Actinobacteria","Bifidobacteriales","Bifidobacteriaceae","Bifidobacterium","ramosum"
"ASV1157","Bacteria","Actinobacteriota","Actinobacteria","Actinomycetales","Actinomycetaceae","Varibaculum","cambriense"
"ASV1158","Bacteria","Proteobacteria","Gammaproteobacteria","Enterobacterales",NA,NA,NA
"ASV1159","Bacteria","Bacteroidota","Bacteroidia","Bacteroidales","Bacteroidaceae","Bacteroides","fragilis"
"ASV1160","Bacteria","Actinobacteriota","Actinobacteria","Bifidobacteriales","Bifidobacteriaceae","Bifidobacterium",NA
"ASV1161","Bacteria","Proteobacteria","Gammaproteobacteria","Enterobacterales","Enterobacteriaceae","Escherichia-Shigella",NA
"ASV1162","Bacteria","Proteobacteria","Gammaproteobacteria","Enterobacterales","Enterobacteriaceae","Escherichia-Shigella",NA
"ASV1163","Bacteria","Proteobacteria","Gammaproteobacteria","Enterobacterales","Enterobacteriaceae","Escherichia-Shigella",NA
"ASV1164","Bacteria","Bacteroidota","Bacteroidia","Bacteroidales","Bacteroidaceae","Bacteroides",NA
"ASV1165","Bacteria","Firmicutes","Clostridia","Clostridiales","Clostridiaceae","Clostridium sensu stricto 1",NA
"ASV1166","Bacteria","Bacteroidota","Bacteroidia","Bacteroidales","Bacteroidaceae","Bacteroides",NA
"ASV1167","Bacteria","Firmicutes","Bacilli","Lactobacillales","Streptococcaceae","Streptococcus",NA
"ASV1168","Bacteria","Firmicutes","Bacilli","Lactobacillales","Streptococcaceae","Streptococcus","thermophilus"
"ASV1169","Bacteria","Actinobacteriota","Coriobacteriia","Coriobacteriales","Coriobacteriaceae","Collinsella",NA
"ASV1170","Bacteria","Firmicutes","Bacilli","Erysipelotrichales","Erysipelatoclostridiaceae","Erysipelatoclostridium","ramosum"
"ASV1171","Bacteria","Bacteroidota","Bacteroidia","Bacteroidales","Bacteroidaceae","Bacteroides",NA
"ASV1172","Bacteria","Firmicutes","Bacilli","Lactobacillales","Streptococcaceae","Streptococcus",NA
"ASV1173","Bacteria","Firmicutes","Bacilli","Lactobacillales","Enterococcaceae","Enterococcus",NA
"ASV1174","Bacteria","Actinobacteriota",NA,NA,NA,NA,NA
"ASV1175","Bacteria","Firmicutes","Negativicutes","Acidaminococcales","Acidaminococcaceae","Phascolarctobacterium","faecium"
"ASV1176","Bacteria","Firmicutes","Bacilli","Lactobacillales","Enterococcaceae","Enterococcus",NA
"ASV1177","Bacteria","Firmicutes","Bacilli","Lactobacillales","Enterococcaceae","Enterococcus","faecalis"
"ASV1178","Bacteria","Firmicutes","Bacilli","Lactobacillales","Enterococcaceae","Enterococcus",NA
"ASV1179","Bacteria","Bacteroidota","Bacteroidia","Bacteroidales","Bacteroidaceae","Bacteroides","xylanisolvens"
"ASV1180","Bacteria","Actinobacteriota","Actinobacteria","Bifidobacteriales","Bifidobacteriaceae","Bifidobacterium",NA
"ASV1181","Bacteria","Actinobacteriota","Actinobacteria","Bifidobacteriales","Bifidobacteriaceae","Bifidobacterium",NA
"ASV1182","Bacteria","Proteobacteria","Gammaproteobacteria","Enterobacterales","Enterobacteriaceae",NA,NA
"ASV1183","Bacteria","Proteobacteria","Gammaproteobacteria","Enterobacterales","Enterobacteriaceae","Escherichia-Shigella",NA
"ASV1184","Bacteria","Firmicutes","Clostridia","Oscillospirales","Oscillospiraceae","Flavonifractor",NA
"ASV1185","Bacteria","Firmicutes","Bacilli","Bacillales","Bacillaceae","Bacillus","thermoamylovorans"
"ASV1186","Bacteria","Firmicutes","Clostridia","Lachnospirales","Lachnospiraceae",NA,NA
"ASV1187","Bacteria","Firmicutes","Bacilli","Lactobacillales","Enterococcaceae","Enterococcus",NA
"ASV1188","Bacteria","Firmicutes","Bacilli","Lactobacillales",NA,NA,NA
"ASV1189","Bacteria","Bacteroidota","Bacteroidia","Bacteroidales","Bacteroidaceae","Bacteroides","vulgatus"
"ASV1190","Bacteria","Proteobacteria","Gammaproteobacteria","Enterobacterales","Enterobacteriaceae","Atlantibacter",NA
"ASV1191","Bacteria","Firmicutes","Negativicutes","Veillonellales-Selenomonadales","Veillonellaceae","Megasphaera","micronuciformis"
"ASV1192","Bacteria","Firmicutes","Negativicutes","Veillonellales-Selenomonadales","Veillonellaceae","Veillonella","ratti"
"ASV1193","Bacteria","Proteobacteria","Gammaproteobacteria","Enterobacterales",NA,NA,NA
"ASV1194","Bacteria","Actinobacteriota","Actinobacteria","Bifidobacteriales","Bifidobacteriaceae","Bifidobacterium",NA
"ASV1195","Bacteria","Firmicutes","Clostridia","Clostridiales","Clostridiaceae",NA,NA
"ASV1196","Bacteria","Proteobacteria","Gammaproteobacteria","Enterobacterales","Enterobacteriaceae",NA,NA
"ASV1197","Bacteria","Proteobacteria","Gammaproteobacteria","Enterobacterales","Enterobacteriaceae",NA,NA
"ASV1198","Bacteria","Actinobacteriota","Actinobacteria","Bifidobacteriales","Bifidobacteriaceae","Bifidobacterium","longum"
"ASV1199","Bacteria","Firmicutes","Clostridia","Oscillospirales","Ruminococcaceae","Caproiciproducens","galactitolivorans"
"ASV1200","Bacteria","Actinobacteriota","Actinobacteria","Bifidobacteriales","Bifidobacteriaceae","Bifidobacterium",NA
"ASV1201","Bacteria","Firmicutes","Clostridia","Eubacteriales","Eubacteriaceae",NA,NA
"ASV1202","Bacteria","Firmicutes","Bacilli","Lactobacillales","Enterococcaceae","Enterococcus","faecalis"
"ASV1203","Bacteria","Proteobacteria","Gammaproteobacteria","Enterobacterales","Enterobacteriaceae","Atlantibacter",NA
"ASV1204","Bacteria","Firmicutes","Bacilli","Lactobacillales","Enterococcaceae","Enterococcus",NA
"ASV1205","Bacteria","Firmicutes","Bacilli","Lactobacillales","Lactobacillaceae","Lacticaseibacillus",NA
"ASV1206","Bacteria","Firmicutes","Clostridia","Clostridiales","Clostridiaceae",NA,NA
"ASV1207","Bacteria","Firmicutes","Clostridia","Lachnospirales","Lachnospiraceae",NA,NA
"ASV1208","Bacteria","Firmicutes","Clostridia","Lachnospirales","Lachnospiraceae",NA,NA
"ASV1209","Bacteria","Actinobacteriota","Actinobacteria","Micrococcales","Micrococcaceae","Rothia","mucilaginosa"
"ASV1210","Bacteria","Bacteroidota","Bacteroidia","Bacteroidales","Bacteroidaceae","Bacteroides","eggerthii"
"ASV1211","Bacteria","Firmicutes","Clostridia","Clostridiales","Clostridiaceae","Clostridium sensu stricto 1","paraputrificum"
"ASV1212","Bacteria","Proteobacteria","Gammaproteobacteria","Enterobacterales",NA,NA,NA
"ASV1213","Bacteria","Actinobacteriota","Actinobacteria","Bifidobacteriales","Bifidobacteriaceae","Bifidobacterium",NA
"ASV1214","Bacteria","Actinobacteriota","Actinobacteria","Bifidobacteriales","Bifidobacteriaceae","Bifidobacterium",NA
"ASV1215","Bacteria","Firmicutes","Clostridia","Eubacteriales","Eubacteriaceae","Eubacterium","callanderi"
"ASV1216","Bacteria","Bacteroidota","Bacteroidia","Bacteroidales","Bacteroidaceae","Bacteroides",NA
"ASV1217","Bacteria","Actinobacteriota","Actinobacteria","Bifidobacteriales","Bifidobacteriaceae","Bifidobacterium","ramosum"
"ASV1218","Bacteria","Bacteroidota","Bacteroidia","Bacteroidales",NA,NA,NA
"ASV1219","Bacteria","Actinobacteriota","Actinobacteria","Bifidobacteriales","Bifidobacteriaceae","Bifidobacterium",NA
"ASV1220","Bacteria","Actinobacteriota","Actinobacteria","Bifidobacteriales","Bifidobacteriaceae","Bifidobacterium","ramosum"
"ASV1221","Bacteria","Actinobacteriota","Actinobacteria","Bifidobacteriales","Bifidobacteriaceae","Bifidobacterium",NA
"ASV1222","Bacteria","Firmicutes","Bacilli","Lactobacillales","Enterococcaceae",NA,NA
"ASV1223","Bacteria","Actinobacteriota","Actinobacteria","Actinomycetales","Actinomycetaceae","Varibaculum","cambriense"
"ASV1224","Bacteria","Firmicutes","Clostridia","Lachnospirales","Lachnospiraceae",NA,NA
"ASV1225","Bacteria","Proteobacteria","Gammaproteobacteria","Enterobacterales","Enterobacteriaceae",NA,NA
"ASV1226","Bacteria","Firmicutes","Clostridia","Lachnospirales","Lachnospiraceae","Blautia",NA
"ASV1227","Bacteria","Firmicutes","Bacilli","Lactobacillales","Lactobacillaceae","Lacticaseibacillus",NA
"ASV1228","Bacteria","Firmicutes","Bacilli","Lactobacillales","Enterococcaceae","Enterococcus","faecalis"
"ASV1229","Bacteria","Bacteroidota","Bacteroidia","Bacteroidales","Bacteroidaceae","Bacteroides","fragilis"
"ASV1230","Bacteria","Actinobacteriota","Coriobacteriia","Coriobacteriales","Eggerthellaceae",NA,NA
"ASV1231","Bacteria","Actinobacteriota","Actinobacteria","Bifidobacteriales","Bifidobacteriaceae","Bifidobacterium",NA
"ASV1232","Bacteria","Firmicutes","Clostridia","Lachnospirales","Lachnospiraceae",NA,NA
"ASV1233","Bacteria","Firmicutes","Clostridia","Lachnospirales","Lachnospiraceae","Blautia",NA
"ASV1234","Bacteria","Bacteroidota","Bacteroidia","Bacteroidales","Bacteroidaceae","Bacteroides","vulgatus"
"ASV1235","Bacteria","Actinobacteriota","Actinobacteria","Actinomycetales","Actinomycetaceae","Actinomyces",NA
"ASV1236","Bacteria","Actinobacteriota","Actinobacteria","Bifidobacteriales","Bifidobacteriaceae","Bifidobacterium","catenulatum"
"ASV1237","Bacteria","Bacteroidota","Bacteroidia","Bacteroidales","Bacteroidaceae","Bacteroides","fragilis"
"ASV1238","Bacteria","Firmicutes","Bacilli","Erysipelotrichales","Erysipelotrichaceae","[Clostridium] innocuum group","innocuum"
"ASV1239","Bacteria","Firmicutes","Clostridia","Lachnospirales","Lachnospiraceae",NA,NA
"ASV1240","Bacteria","Bacteroidota","Bacteroidia","Bacteroidales","Dysgonomonadaceae","Dysgonomonas","capnocytophagoides"
"ASV1241","Bacteria","Firmicutes","Clostridia","Lachnospirales","Lachnospiraceae","Hungatella","hathewayi"
"ASV1242","Bacteria","Firmicutes","Negativicutes","Veillonellales-Selenomonadales","Veillonellaceae","Veillonella",NA
"ASV1243","Bacteria","Actinobacteriota","Actinobacteria","Bifidobacteriales","Bifidobacteriaceae","Bifidobacterium",NA
"ASV1244","Bacteria","Firmicutes","Bacilli","Lactobacillales","Enterococcaceae",NA,NA
"ASV1245","Bacteria","Proteobacteria","Gammaproteobacteria","Enterobacterales","Erwiniaceae",NA,NA
"ASV1246","Bacteria","Bacteroidota","Bacteroidia","Bacteroidales","Bacteroidaceae","Bacteroides",NA
"ASV1247","Bacteria","Proteobacteria","Gammaproteobacteria","Enterobacterales",NA,NA,NA
"ASV1248","Bacteria","Proteobacteria","Gammaproteobacteria","Enterobacterales",NA,NA,NA
"ASV1249","Bacteria","Firmicutes","Bacilli","Lactobacillales","Enterococcaceae","Enterococcus","faecalis"
"ASV1250","Bacteria","Bacteroidota","Bacteroidia","Bacteroidales","Bacteroidaceae","Bacteroides",NA
"ASV1251","Bacteria","Actinobacteriota","Coriobacteriia","Coriobacteriales","Coriobacteriaceae","Collinsella","aerofaciens"
"ASV1252","Bacteria","Bacteroidota","Bacteroidia","Bacteroidales","Bacteroidaceae","Bacteroides","vulgatus"
"ASV1253","Bacteria","Firmicutes","Clostridia","Clostridiales","Clostridiaceae","Clostridium sensu stricto 1",NA
"ASV1254","Bacteria","Firmicutes","Bacilli","Lactobacillales",NA,NA,NA
"ASV1255","Bacteria","Firmicutes","Clostridia","Lachnospirales","Lachnospiraceae","Hungatella","hathewayi"
"ASV1256","Bacteria","Proteobacteria","Gammaproteobacteria","Enterobacterales","Enterobacteriaceae",NA,NA
"ASV1257","Bacteria","Bacteroidota","Bacteroidia","Bacteroidales","Bacteroidaceae","Bacteroides","vulgatus"
"ASV1258","Bacteria","Bacteroidota","Bacteroidia","Bacteroidales","Bacteroidaceae","Bacteroides","vulgatus"
"ASV1259","Bacteria","Proteobacteria","Gammaproteobacteria","Enterobacterales","Enterobacteriaceae",NA,NA
"ASV1260","Bacteria","Proteobacteria","Gammaproteobacteria","Enterobacterales","Enterobacteriaceae","Escherichia-Shigella",NA
"ASV1261","Bacteria","Firmicutes","Clostridia","Lachnospirales","Lachnospiraceae","Hungatella",NA
"ASV1262","Bacteria","Firmicutes","Bacilli","Lactobacillales","Enterococcaceae","Enterococcus",NA
"ASV1263","Bacteria","Actinobacteriota","Actinobacteria","Bifidobacteriales","Bifidobacteriaceae","Bifidobacterium","breve"
"ASV1264","Bacteria","Actinobacteriota","Actinobacteria","Bifidobacteriales","Bifidobacteriaceae","Bifidobacterium","breve"
"ASV1265","Bacteria","Bacteroidota","Bacteroidia","Bacteroidales","Bacteroidaceae","Bacteroides","xylanisolvens"
"ASV1266","Bacteria","Fusobacteriota","Fusobacteriia","Fusobacteriales","Fusobacteriaceae","Fusobacterium",NA
"ASV1267","Bacteria","Actinobacteriota","Actinobacteria","Bifidobacteriales","Bifidobacteriaceae","Bifidobacterium","longum"
"ASV1268","Bacteria","Firmicutes","Clostridia","Lachnospirales","Lachnospiraceae","Hungatella","hathewayi"
"ASV1269","Bacteria","Actinobacteriota","Actinobacteria","Bifidobacteriales","Bifidobacteriaceae","Bifidobacterium","longum"
"ASV1270","Bacteria","Bacteroidota","Bacteroidia","Bacteroidales","Bacteroidaceae","Bacteroides","fragilis"
"ASV1271","Bacteria","Proteobacteria","Gammaproteobacteria","Enterobacterales","Enterobacteriaceae",NA,NA
"ASV1272","Bacteria","Proteobacteria","Gammaproteobacteria","Enterobacterales","Enterobacteriaceae","Buttiauxella","brennerae"
"ASV1273","Bacteria","Actinobacteriota","Actinobacteria","Bifidobacteriales","Bifidobacteriaceae","Bifidobacterium","longum"
"ASV1274","Bacteria","Bacteroidota","Bacteroidia","Bacteroidales",NA,NA,NA
"ASV1275","Bacteria","Firmicutes","Clostridia","Lachnospirales","Lachnospiraceae","Blautia","wexlerae"
"ASV1276","Bacteria","Proteobacteria","Gammaproteobacteria","Enterobacterales","Enterobacteriaceae",NA,NA
"ASV1277","Bacteria","Actinobacteriota","Coriobacteriia","Coriobacteriales","Eggerthellaceae","Eggerthella","lenta"
"ASV1278","Bacteria","Actinobacteriota","Coriobacteriia","Coriobacteriales","Coriobacteriaceae","Collinsella","aerofaciens"
"ASV1279","Bacteria","Firmicutes","Clostridia","Clostridiales","Clostridiaceae","Clostridium sensu stricto 1",NA
"ASV1280","Bacteria","Firmicutes","Clostridia","Lachnospirales","Lachnospiraceae",NA,NA
"ASV1281","Bacteria","Actinobacteriota","Actinobacteria","Bifidobacteriales","Bifidobacteriaceae","Bifidobacterium",NA
"ASV1282","Bacteria","Firmicutes","Clostridia","Clostridiales","Clostridiaceae","Clostridium sensu stricto 1",NA
"ASV1283","Bacteria","Actinobacteriota","Actinobacteria","Bifidobacteriales","Bifidobacteriaceae","Bifidobacterium","scardovii"
"ASV1284","Bacteria","Bacteroidota","Bacteroidia","Bacteroidales","Bacteroidaceae","Bacteroides","xylanisolvens"
"ASV1285","Bacteria","Actinobacteriota","Actinobacteria","Actinomycetales","Actinomycetaceae","Actinomyces","pacaensis"
"ASV1286","Bacteria","Proteobacteria","Gammaproteobacteria","Enterobacterales","Enterobacteriaceae",NA,NA
"ASV1287","Bacteria","Actinobacteriota","Actinobacteria","Bifidobacteriales","Bifidobacteriaceae","Bifidobacterium",NA
"ASV1288","Bacteria","Firmicutes","Clostridia","Lachnospirales","Lachnospiraceae","Lachnospiraceae NK4A136 group",NA
"ASV1289","Bacteria","Actinobacteriota","Actinobacteria","Bifidobacteriales","Bifidobacteriaceae","Bifidobacterium",NA
"ASV1290","Bacteria","Actinobacteriota","Actinobacteria","Bifidobacteriales","Bifidobacteriaceae","Bifidobacterium","longum"
"ASV1291","Bacteria","Firmicutes","Bacilli","Lactobacillales","Streptococcaceae","Streptococcus","vestibularis"
"ASV1292","Bacteria","Bacteroidota","Bacteroidia","Bacteroidales","Bacteroidaceae","Bacteroides",NA
"ASV1293","Bacteria","Firmicutes","Bacilli","Lactobacillales","Enterococcaceae","Enterococcus",NA
"ASV1294","Bacteria","Firmicutes","Bacilli","Lactobacillales","Streptococcaceae","Streptococcus",NA
"ASV1295","Bacteria","Actinobacteriota","Actinobacteria","Bifidobacteriales","Bifidobacteriaceae","Bifidobacterium","kashiwanohense"
"ASV1296","Bacteria","Bacteroidota","Bacteroidia","Bacteroidales","Bacteroidaceae","Bacteroides","fragilis"
"ASV1297","Bacteria","Firmicutes","Negativicutes","Veillonellales-Selenomonadales","Veillonellaceae","Anaeroglobus",NA
"ASV1298","Bacteria","Bacteroidota","Bacteroidia","Bacteroidales","Bacteroidaceae","Bacteroides","kribbi"
"ASV1299","Bacteria","Firmicutes","Bacilli","Lactobacillales","Enterococcaceae","Enterococcus",NA
"ASV1300","Bacteria","Firmicutes","Clostridia","Monoglobales","Monoglobaceae","Monoglobus",NA
"ASV1301","Bacteria",NA,NA,NA,NA,NA,NA
"ASV1302","Bacteria","Bacteroidota","Bacteroidia","Bacteroidales","Bacteroidaceae","Bacteroides",NA
"ASV1303","Bacteria","Actinobacteriota","Actinobacteria","Bifidobacteriales","Bifidobacteriaceae","Bifidobacterium",NA
"ASV1304","Bacteria","Actinobacteriota","Coriobacteriia","Coriobacteriales","Coriobacteriaceae","Collinsella","aerofaciens"
"ASV1305","Bacteria","Bacteroidota","Bacteroidia","Bacteroidales","Tannerellaceae","Parabacteroides","distasonis"
"ASV1306","Bacteria","Firmicutes","Bacilli","Lactobacillales","Enterococcaceae","Enterococcus","faecalis"
"ASV1307","Bacteria","Firmicutes","Clostridia","Lachnospirales","Lachnospiraceae",NA,NA
"ASV1308","Bacteria","Proteobacteria","Gammaproteobacteria","Enterobacterales","Enterobacteriaceae","Klebsiella","granulomatis"
"ASV1309","Bacteria","Proteobacteria","Gammaproteobacteria","Enterobacterales","Enterobacteriaceae","Raoultella",NA
"ASV1310","Bacteria","Firmicutes","Clostridia","Lachnospirales","Lachnospiraceae",NA,NA
"ASV1311","Bacteria","Actinobacteriota","Coriobacteriia","Coriobacteriales","Coriobacteriaceae","Collinsella","aerofaciens"
"ASV1312","Bacteria","Firmicutes","Clostridia","Lachnospirales","Lachnospiraceae","Hungatella","hathewayi"
"ASV1313","Bacteria","Firmicutes","Clostridia","Lachnospirales","Lachnospiraceae","Lachnoclostridium",NA
"ASV1314","Bacteria","Bacteroidota","Bacteroidia","Bacteroidales",NA,NA,NA
"ASV1315","Bacteria","Firmicutes","Bacilli","Lactobacillales","Enterococcaceae","Enterococcus","hermanniensis"
"ASV1316","Bacteria","Actinobacteriota","Actinobacteria","Bifidobacteriales","Bifidobacteriaceae","Bifidobacterium",NA
"ASV1317","Bacteria","Proteobacteria","Gammaproteobacteria","Enterobacterales","Enterobacteriaceae",NA,NA
"ASV1318","Bacteria","Actinobacteriota","Coriobacteriia","Coriobacteriales","Coriobacteriaceae","Collinsella","aerofaciens"
"ASV1319","Bacteria","Firmicutes","Bacilli","Erysipelotrichales","Erysipelatoclostridiaceae","Erysipelatoclostridium","ramosum"
"ASV1320","Bacteria","Firmicutes","Bacilli","Erysipelotrichales","Erysipelotrichaceae","Turicibacter",NA
"ASV1321","Bacteria","Bacteroidota","Bacteroidia","Bacteroidales","Bacteroidaceae","Bacteroides","kribbi"
"ASV1322","Bacteria","Firmicutes","Clostridia","Oscillospirales","Ruminococcaceae","Incertae Sedis",NA
"ASV1323","Bacteria","Firmicutes","Bacilli","Lactobacillales","Enterococcaceae","Enterococcus",NA
"ASV1324","Bacteria","Actinobacteriota","Actinobacteria","Bifidobacteriales","Bifidobacteriaceae","Bifidobacterium",NA
"ASV1325","Bacteria",NA,NA,NA,NA,NA,NA
"ASV1326","Bacteria","Proteobacteria","Gammaproteobacteria","Enterobacterales","Enterobacteriaceae",NA,NA
"ASV1327","Bacteria","Bacteroidota","Bacteroidia","Bacteroidales","Bacteroidaceae","Bacteroides",NA
"ASV1328","Bacteria","Actinobacteriota","Actinobacteria","Bifidobacteriales","Bifidobacteriaceae","Bifidobacterium","longum"
"ASV1329","Bacteria","Firmicutes","Clostridia","Eubacteriales","Eubacteriaceae","Eubacterium","callanderi"
"ASV1330","Bacteria","Actinobacteriota","Actinobacteria","Bifidobacteriales","Bifidobacteriaceae","Bifidobacterium",NA
"ASV1331","Bacteria","Bacteroidota","Bacteroidia","Bacteroidales","Bacteroidaceae","Bacteroides","fragilis"
"ASV1332","Bacteria","Desulfobacterota","Desulfovibrionia","Desulfovibrionales","Desulfovibrionaceae","Bilophila",NA
"ASV1333","Bacteria","Firmicutes","Clostridia","Lachnospirales","Lachnospiraceae",NA,NA
"ASV1334","Bacteria","Firmicutes","Clostridia","Lachnospirales","Lachnospiraceae",NA,NA
"ASV1335","Bacteria","Actinobacteriota","Actinobacteria","Actinomycetales","Actinomycetaceae","Varibaculum",NA
"ASV1336","Bacteria","Firmicutes","Bacilli","Lactobacillales","Enterococcaceae","Enterococcus",NA
"ASV1337","Bacteria","Actinobacteriota","Actinobacteria","Bifidobacteriales","Bifidobacteriaceae","Bifidobacterium",NA
"ASV1338","Bacteria","Firmicutes","Clostridia","Lachnospirales","Lachnospiraceae",NA,NA
"ASV1339","Bacteria","Proteobacteria","Gammaproteobacteria","Enterobacterales","Enterobacteriaceae","Buttiauxella","brennerae"
"ASV1340","Bacteria","Firmicutes","Bacilli","Lactobacillales","Streptococcaceae","Streptococcus","thermophilus"
"ASV1341","Bacteria","Actinobacteriota","Actinobacteria","Actinomycetales","Actinomycetaceae","Arcanobacterium",NA
"ASV1342","Bacteria","Firmicutes","Bacilli","Lactobacillales","Enterococcaceae","Enterococcus",NA
"ASV1343","Bacteria","Bacteroidota","Bacteroidia","Bacteroidales","Prevotellaceae","Prevotella","timonensis"
"ASV1344","Bacteria","Firmicutes","Bacilli","Bacillales","Bacillaceae","Bacillus","thermoamylovorans"
"ASV1345","Bacteria","Firmicutes","Bacilli","Lactobacillales","Enterococcaceae","Enterococcus",NA
"ASV1346","Bacteria","Firmicutes","Clostridia","Lachnospirales","Lachnospiraceae",NA,NA
"ASV1347","Bacteria","Actinobacteriota","Actinobacteria","Actinomycetales","Actinomycetaceae","Actinomyces","pacaensis"
"ASV1348","Bacteria","Actinobacteriota","Coriobacteriia","Coriobacteriales","Coriobacteriaceae","Collinsella","aerofaciens"
"ASV1349","Bacteria","Actinobacteriota","Actinobacteria","Bifidobacteriales","Bifidobacteriaceae","Bifidobacterium",NA
"ASV1350","Bacteria","Bacteroidota","Bacteroidia","Bacteroidales","Bacteroidaceae","Bacteroides",NA
"ASV1351","Bacteria","Desulfobacterota","Desulfovibrionia","Desulfovibrionales","Desulfovibrionaceae","Bilophila",NA
"ASV1352","Bacteria","Actinobacteriota","Actinobacteria","Bifidobacteriales","Bifidobacteriaceae",NA,NA
"ASV1353","Bacteria","Firmicutes","Clostridia","Lachnospirales","Lachnospiraceae","Hungatella",NA
"ASV1354","Bacteria","Actinobacteriota","Actinobacteria","Bifidobacteriales","Bifidobacteriaceae","Bifidobacterium",NA
"ASV1355","Bacteria","Fusobacteriota","Fusobacteriia","Fusobacteriales","Fusobacteriaceae","Fusobacterium","nucleatum"
"ASV1356","Bacteria","Actinobacteriota","Actinobacteria","Bifidobacteriales","Bifidobacteriaceae","Bifidobacterium","ramosum"
"ASV1357","Bacteria","Proteobacteria","Gammaproteobacteria","Enterobacterales","Enterobacteriaceae",NA,NA
"ASV1358","Bacteria","Firmicutes","Bacilli","Lactobacillales","Enterococcaceae","Enterococcus",NA
"ASV1359","Bacteria","Bacteroidota","Bacteroidia","Bacteroidales","Bacteroidaceae","Bacteroides","fragilis"
"ASV1360","Bacteria","Firmicutes","Bacilli","Lactobacillales","Lactobacillaceae","Lacticaseibacillus",NA
"ASV1361","Bacteria","Firmicutes","Bacilli","Erysipelotrichales","Erysipelotrichaceae","[Clostridium] innocuum group","innocuum"
"ASV1362","Bacteria","Firmicutes","Bacilli","Lactobacillales","Streptococcaceae","Streptococcus","sanguinis"
"ASV1363","Bacteria","Firmicutes","Bacilli","Lactobacillales","Enterococcaceae","Enterococcus","faecalis"
"ASV1364","Bacteria",NA,NA,NA,NA,NA,NA
"ASV1365","Bacteria","Firmicutes","Clostridia","Clostridiales","Clostridiaceae","Clostridium sensu stricto 1","paraputrificum"
"ASV1366","Bacteria","Actinobacteriota","Actinobacteria","Bifidobacteriales","Bifidobacteriaceae","Bifidobacterium",NA
"ASV1367","Bacteria","Proteobacteria","Gammaproteobacteria","Enterobacterales","Enterobacteriaceae","Buttiauxella",NA
"ASV1368","Bacteria","Actinobacteriota","Actinobacteria","Actinomycetales","Actinomycetaceae","Varibaculum","cambriense"
"ASV1369","Bacteria","Actinobacteriota","Actinobacteria","Bifidobacteriales","Bifidobacteriaceae","Bifidobacterium",NA
"ASV1370","Bacteria","Bacteroidota","Bacteroidia","Bacteroidales","Bacteroidaceae","Bacteroides",NA
"ASV1371","Bacteria","Proteobacteria","Gammaproteobacteria","Enterobacterales","Enterobacteriaceae",NA,NA
"ASV1372","Bacteria","Bacteroidota","Bacteroidia","Bacteroidales","Bacteroidaceae","Bacteroides","faecis"
"ASV1373","Bacteria","Bacteroidota","Bacteroidia","Bacteroidales","Bacteroidaceae","Bacteroides","kribbi"
"ASV1374","Bacteria","Firmicutes","Clostridia","Lachnospirales","Lachnospiraceae","Blautia","wexlerae"
"ASV1375","Bacteria","Firmicutes","Bacilli","Lactobacillales","Streptococcaceae",NA,NA
"ASV1376","Bacteria","Firmicutes","Negativicutes","Veillonellales-Selenomonadales","Veillonellaceae","Anaeroglobus",NA
"ASV1377","Bacteria","Firmicutes","Bacilli","Lactobacillales","Enterococcaceae","Enterococcus",NA
"ASV1378","Bacteria","Actinobacteriota","Actinobacteria","Actinomycetales","Actinomycetaceae","Actinomyces",NA
"ASV1379","Bacteria","Bacteroidota","Bacteroidia","Bacteroidales","Bacteroidaceae","Bacteroides","kribbi"
"ASV1380","Bacteria","Proteobacteria","Gammaproteobacteria","Enterobacterales","Enterobacteriaceae",NA,NA
"ASV1381","Bacteria","Proteobacteria","Gammaproteobacteria","Enterobacterales",NA,NA,NA
"ASV1382","Bacteria","Firmicutes","Clostridia","Lachnospirales","Lachnospiraceae","Hungatella","hathewayi"
"ASV1383","Bacteria","Bacteroidota","Bacteroidia","Bacteroidales","Tannerellaceae","Parabacteroides",NA
"ASV1384","Bacteria","Firmicutes","Clostridia","Lachnospirales","Lachnospiraceae","Blautia",NA
"ASV1385","Bacteria","Actinobacteriota","Actinobacteria","Bifidobacteriales","Bifidobacteriaceae","Bifidobacterium",NA
"ASV1386","Bacteria","Firmicutes","Clostridia","Lachnospirales","Lachnospiraceae",NA,NA
"ASV1387","Bacteria","Firmicutes","Clostridia","Lachnospirales","Lachnospiraceae","Lachnoclostridium",NA
"ASV1388","Bacteria","Firmicutes","Clostridia","Eubacteriales","Eubacteriaceae","Eubacterium","callanderi"
"ASV1389","Bacteria","Proteobacteria","Gammaproteobacteria","Enterobacterales",NA,NA,NA
"ASV1390","Bacteria","Firmicutes","Bacilli","Lactobacillales","Streptococcaceae","Streptococcus","vestibularis"
"ASV1391","Bacteria","Firmicutes","Bacilli","Lactobacillales","Lactobacillaceae","Pediococcus",NA
"ASV1392","Bacteria","Proteobacteria","Gammaproteobacteria","Enterobacterales","Morganellaceae","Morganella","morganii"
"ASV1393","Bacteria","Actinobacteriota","Coriobacteriia","Coriobacteriales","Coriobacteriaceae","Collinsella","aerofaciens"
"ASV1394","Bacteria","Actinobacteriota","Actinobacteria","Bifidobacteriales","Bifidobacteriaceae","Bifidobacterium","ramosum"
"ASV1395","Bacteria","Bacteroidota","Bacteroidia","Bacteroidales","Bacteroidaceae","Bacteroides","fragilis"
"ASV1396","Bacteria","Bacteroidota","Bacteroidia","Bacteroidales","Tannerellaceae","Parabacteroides",NA
"ASV1397","Bacteria","Actinobacteriota","Actinobacteria","Bifidobacteriales","Bifidobacteriaceae","Bifidobacterium","bifidum"
"ASV1398","Bacteria","Proteobacteria","Gammaproteobacteria","Enterobacterales","Enterobacteriaceae",NA,NA
"ASV1399","Bacteria","Firmicutes","Bacilli","Staphylococcales","Staphylococcaceae","Staphylococcus","phage"
"ASV1400","Bacteria","Actinobacteriota","Actinobacteria","Bifidobacteriales","Bifidobacteriaceae","Bifidobacterium","bifidum"
"ASV1401","Bacteria","Actinobacteriota","Actinobacteria","Bifidobacteriales","Bifidobacteriaceae","Bifidobacterium",NA
"ASV1402","Bacteria","Actinobacteriota","Actinobacteria","Bifidobacteriales","Bifidobacteriaceae","Bifidobacterium","ramosum"
"ASV1403","Bacteria","Firmicutes","Clostridia","Lachnospirales","Lachnospiraceae",NA,NA
"ASV1404","Bacteria","Bacteroidota","Bacteroidia","Bacteroidales","Bacteroidaceae","Bacteroides","vulgatus"
"ASV1405","Bacteria","Actinobacteriota","Actinobacteria","Bifidobacteriales","Bifidobacteriaceae","Bifidobacterium","ramosum"
"ASV1406","Bacteria","Firmicutes","Clostridia","Oscillospirales","Oscillospiraceae","Flavonifractor",NA
"ASV1407","Bacteria","Firmicutes","Bacilli","Lactobacillales",NA,NA,NA
"ASV1408","Bacteria","Firmicutes","Clostridia","Lachnospirales","Lachnospiraceae",NA,NA
"ASV1409","Bacteria","Firmicutes","Clostridia","Clostridiales","Clostridiaceae","Clostridium sensu stricto 1",NA
"ASV1410","Bacteria","Firmicutes","Clostridia","Clostridiales","Clostridiaceae",NA,NA
"ASV1411","Bacteria","Actinobacteriota","Actinobacteria","Actinomycetales","Actinomycetaceae","Varibaculum","cambriense"
"ASV1412","Bacteria","Actinobacteriota","Actinobacteria","Bifidobacteriales","Bifidobacteriaceae","Bifidobacterium",NA
"ASV1413","Bacteria","Firmicutes","Clostridia","Lachnospirales","Lachnospiraceae",NA,NA
"ASV1414","Bacteria","Firmicutes","Clostridia","Lachnospirales","Lachnospiraceae",NA,NA
"ASV1415","Bacteria","Firmicutes","Clostridia","Lachnospirales","Lachnospiraceae",NA,NA
"ASV1416","Bacteria","Fusobacteriota","Fusobacteriia","Fusobacteriales","Fusobacteriaceae","Fusobacterium",NA
"ASV1417","Bacteria","Actinobacteriota","Coriobacteriia","Coriobacteriales","Coriobacteriaceae","Collinsella",NA
"ASV1418","Bacteria","Firmicutes","Clostridia","Clostridiales","Clostridiaceae","Clostridium sensu stricto 1","paraputrificum"
"ASV1419","Bacteria","Firmicutes","Bacilli","Lactobacillales","Streptococcaceae","Streptococcus",NA
"ASV1420","Bacteria","Firmicutes","Bacilli","Erysipelotrichales","Erysipelatoclostridiaceae","Erysipelatoclostridium","ramosum"
"ASV1421","Bacteria","Firmicutes","Bacilli","Lactobacillales",NA,NA,NA
"ASV1422","Bacteria","Firmicutes","Clostridia","Lachnospirales","Lachnospiraceae",NA,NA
"ASV1423","Bacteria","Bacteroidota","Bacteroidia","Bacteroidales","Tannerellaceae","Parabacteroides",NA
"ASV1424","Bacteria","Firmicutes","Clostridia","Eubacteriales","Eubacteriaceae","Eubacterium","callanderi"
"ASV1425","Bacteria","Proteobacteria","Gammaproteobacteria","Enterobacterales","Enterobacteriaceae","Enterobacter",NA
"ASV1426","Bacteria","Firmicutes","Clostridia","Clostridiales","Clostridiaceae","Clostridium sensu stricto 1",NA
"ASV1427","Bacteria","Actinobacteriota","Coriobacteriia","Coriobacteriales","Coriobacteriaceae","Collinsella",NA
"ASV1428","Bacteria","Firmicutes","Bacilli","Lactobacillales","Enterococcaceae","Enterococcus",NA
"ASV1429","Bacteria","Firmicutes","Bacilli","Lactobacillales",NA,NA,NA
"ASV1430","Bacteria","Proteobacteria","Gammaproteobacteria","Enterobacterales","Enterobacteriaceae",NA,NA
"ASV1431","Bacteria","Actinobacteriota","Actinobacteria","Bifidobacteriales","Bifidobacteriaceae","Bifidobacterium","kashiwanohense"
"ASV1432","Bacteria","Firmicutes","Clostridia","Lachnospirales","Lachnospiraceae",NA,NA
"ASV1433","Bacteria","Firmicutes","Clostridia","Peptostreptococcales-Tissierellales","Peptostreptococcaceae",NA,NA
"ASV1434","Bacteria","Bacteroidota","Bacteroidia","Bacteroidales","Tannerellaceae","Parabacteroides","distasonis"
"ASV1435","Bacteria","Firmicutes","Bacilli","Lactobacillales","Enterococcaceae","Enterococcus",NA
"ASV1436","Bacteria","Firmicutes","Clostridia","Eubacteriales","Eubacteriaceae","Eubacterium","callanderi"
"ASV1437","Bacteria","Bacteroidota","Bacteroidia","Bacteroidales","Bacteroidaceae","Bacteroides","kribbi"
"ASV1438","Bacteria","Actinobacteriota","Actinobacteria","Bifidobacteriales","Bifidobacteriaceae","Bifidobacterium","ramosum"
"ASV1439","Bacteria","Actinobacteriota","Coriobacteriia","Coriobacteriales",NA,NA,NA
"ASV1440","Bacteria","Actinobacteriota","Actinobacteria","Actinomycetales","Actinomycetaceae","Actinomyces",NA
"ASV1441","Bacteria","Proteobacteria","Gammaproteobacteria","Enterobacterales","Enterobacteriaceae","Escherichia-Shigella",NA
"ASV1442","Bacteria","Firmicutes","Clostridia","Lachnospirales","Lachnospiraceae",NA,NA
"ASV1443","Bacteria","Firmicutes","Clostridia","Eubacteriales","Eubacteriaceae","Eubacterium","callanderi"
"ASV1444","Bacteria","Actinobacteriota","Coriobacteriia","Coriobacteriales","Coriobacteriaceae","Collinsella","aerofaciens"
"ASV1445","Bacteria","Firmicutes","Clostridia","Lachnospirales","Lachnospiraceae","Sellimonas",NA
"ASV1446","Bacteria","Actinobacteriota","Actinobacteria","Bifidobacteriales","Bifidobacteriaceae","Bifidobacterium",NA
"ASV1447","Bacteria","Firmicutes","Clostridia","Lachnospirales","Lachnospiraceae","Anaerostipes","caccae"
"ASV1448","Bacteria","Proteobacteria","Gammaproteobacteria","Enterobacterales","Enterobacteriaceae",NA,NA
"ASV1449","Bacteria","Firmicutes","Clostridia","Lachnospirales","Lachnospiraceae",NA,NA
"ASV1450","Bacteria","Actinobacteriota","Actinobacteria","Actinomycetales","Actinomycetaceae","Actinomyces","pacaensis"
"ASV1451","Bacteria","Bacteroidota","Bacteroidia","Bacteroidales","Bacteroidaceae","Bacteroides",NA
"ASV1452","Bacteria","Firmicutes","Clostridia","Lachnospirales","Lachnospiraceae","Blautia",NA
"ASV1453","Bacteria","Firmicutes","Clostridia","Lachnospirales","Lachnospiraceae",NA,NA
"ASV1454","Bacteria","Bacteroidota","Bacteroidia","Bacteroidales","Bacteroidaceae","Bacteroides","vulgatus"
"ASV1455","Bacteria","Actinobacteriota","Actinobacteria","Bifidobacteriales","Bifidobacteriaceae","Bifidobacterium",NA
"ASV1456","Bacteria","Actinobacteriota","Actinobacteria","Bifidobacteriales","Bifidobacteriaceae","Bifidobacterium","kashiwanohense"
"ASV1457","Bacteria","Firmicutes","Clostridia","Lachnospirales","Lachnospiraceae",NA,NA
"ASV1458","Bacteria","Firmicutes","Clostridia","Lachnospirales","Lachnospiraceae","Blautia",NA
"ASV1459","Bacteria","Bacteroidota","Bacteroidia","Bacteroidales","Bacteroidaceae","Bacteroides",NA
"ASV1460","Bacteria","Firmicutes","Bacilli","Staphylococcales","Staphylococcaceae","Staphylococcus","haemolyticus"
"ASV1461","Bacteria","Firmicutes","Clostridia","Lachnospirales","Lachnospiraceae","Hungatella","hathewayi"
"ASV1462","Bacteria","Actinobacteriota","Actinobacteria","Bifidobacteriales","Bifidobacteriaceae","Bifidobacterium",NA
"ASV1463","Bacteria","Actinobacteriota","Coriobacteriia","Coriobacteriales","Coriobacteriaceae","Collinsella","aerofaciens"
"ASV1464","Bacteria","Actinobacteriota","Coriobacteriia","Coriobacteriales","Coriobacteriaceae","Collinsella","aerofaciens"
"ASV1465","Bacteria","Actinobacteriota","Actinobacteria","Bifidobacteriales","Bifidobacteriaceae","Bifidobacterium","ramosum"
"ASV1466","Bacteria","Actinobacteriota","Actinobacteria","Bifidobacteriales","Bifidobacteriaceae","Bifidobacterium","longum"
"ASV1467","Bacteria","Bacteroidota","Bacteroidia","Bacteroidales","Bacteroidaceae","Bacteroides",NA
"ASV1468","Bacteria","Firmicutes","Clostridia","Clostridiales","Clostridiaceae","Clostridium sensu stricto 1",NA
"ASV1469","Bacteria","Proteobacteria","Gammaproteobacteria","Enterobacterales","Enterobacteriaceae","Klebsiella",NA
"ASV1470","Bacteria","Actinobacteriota","Actinobacteria","Bifidobacteriales","Bifidobacteriaceae","Bifidobacterium",NA
"ASV1471","Bacteria","Firmicutes","Clostridia","Lachnospirales","Lachnospiraceae",NA,NA
"ASV1472","Bacteria","Actinobacteriota","Coriobacteriia","Coriobacteriales","Coriobacteriaceae","Collinsella","aerofaciens"
"ASV1473","Bacteria","Firmicutes","Clostridia","Lachnospirales","Lachnospiraceae","Blautia","wexlerae"
"ASV1474","Bacteria","Proteobacteria","Gammaproteobacteria","Enterobacterales",NA,NA,NA
"ASV1475","Bacteria","Proteobacteria","Gammaproteobacteria","Enterobacterales","Enterobacteriaceae",NA,NA
"ASV1476","Bacteria","Firmicutes","Clostridia","Lachnospirales","Lachnospiraceae","Hungatella","hathewayi"
"ASV1477","Bacteria","Proteobacteria","Gammaproteobacteria","Enterobacterales","Enterobacteriaceae",NA,NA
"ASV1478","Bacteria","Firmicutes","Bacilli","Lactobacillales","Streptococcaceae","Streptococcus",NA
"ASV1479","Bacteria","Actinobacteriota","Coriobacteriia","Coriobacteriales","Coriobacteriaceae","Collinsella","massiliensis"
"ASV1480","Bacteria","Actinobacteriota","Actinobacteria","Actinomycetales","Actinomycetaceae","Varibaculum","cambriense"
"ASV1481","Bacteria","Proteobacteria","Gammaproteobacteria","Enterobacterales","Enterobacteriaceae","Enterobacter",NA
"ASV1482","Bacteria","Firmicutes","Clostridia","Clostridiales","Clostridiaceae","Sarcina",NA
"ASV1483","Bacteria","Bacteroidota","Bacteroidia","Bacteroidales","Bacteroidaceae","Bacteroides",NA
"ASV1484","Bacteria","Firmicutes","Clostridia","Lachnospirales","Lachnospiraceae","Blautia",NA
"ASV1485","Bacteria",NA,NA,NA,NA,NA,NA
"ASV1486","Bacteria","Firmicutes","Bacilli","Lactobacillales","Enterococcaceae","Enterococcus",NA
"ASV1487","Bacteria","Firmicutes","Bacilli","Lactobacillales","Enterococcaceae","Enterococcus",NA
"ASV1488","Bacteria","Firmicutes","Bacilli","Lactobacillales","Streptococcaceae","Streptococcus",NA
"ASV1489","Bacteria","Proteobacteria","Gammaproteobacteria","Enterobacterales","Enterobacteriaceae","Enterobacter",NA
"ASV1490","Bacteria","Actinobacteriota","Actinobacteria","Bifidobacteriales","Bifidobacteriaceae","Bifidobacterium","longum"
"ASV1491","Bacteria","Firmicutes","Bacilli","Lactobacillales","Enterococcaceae","Enterococcus","faecalis"
"ASV1492","Bacteria","Bacteroidota","Bacteroidia","Bacteroidales","Bacteroidaceae","Bacteroides","fragilis"
"ASV1493","Bacteria","Proteobacteria","Gammaproteobacteria","Enterobacterales","Enterobacteriaceae",NA,NA
"ASV1494","Bacteria","Firmicutes","Negativicutes","Veillonellales-Selenomonadales","Veillonellaceae","Veillonella",NA
"ASV1495","Bacteria","Firmicutes","Clostridia","Peptostreptococcales-Tissierellales","Peptostreptococcaceae","Intestinibacter","bartlettii"
"ASV1496","Bacteria","Firmicutes","Bacilli","Lactobacillales","Enterococcaceae","Enterococcus",NA
"ASV1497","Bacteria","Firmicutes","Clostridia","Lachnospirales","Lachnospiraceae",NA,NA
"ASV1498","Bacteria","Firmicutes","Clostridia","Lachnospirales","Lachnospiraceae","[Ruminococcus] torques group",NA
"ASV1499","Bacteria","Firmicutes","Bacilli","Lactobacillales","Streptococcaceae","Streptococcus",NA
"ASV1500","Bacteria","Actinobacteriota","Coriobacteriia","Coriobacteriales","Coriobacteriaceae","Collinsella",NA
"ASV1501","Bacteria","Proteobacteria","Gammaproteobacteria","Enterobacterales","Enterobacteriaceae","Buttiauxella","brennerae"
"ASV1502","Bacteria","Firmicutes","Clostridia","Lachnospirales","Lachnospiraceae","Blautia",NA
"ASV1503","Bacteria","Proteobacteria","Gammaproteobacteria","Enterobacterales","Enterobacteriaceae",NA,NA
"ASV1504","Bacteria","Actinobacteriota","Actinobacteria","Bifidobacteriales","Bifidobacteriaceae","Bifidobacterium","longum"
"ASV1505","Bacteria","Actinobacteriota","Coriobacteriia","Coriobacteriales","Coriobacteriaceae","Collinsella","aerofaciens"
"ASV1506","Bacteria","Actinobacteriota","Actinobacteria","Actinomycetales","Actinomycetaceae","Actinomyces","suimastitidis"
"ASV1507","Bacteria","Actinobacteriota","Actinobacteria","Bifidobacteriales","Bifidobacteriaceae","Bifidobacterium",NA
"ASV1508","Bacteria","Bacteroidota","Bacteroidia","Bacteroidales","Bacteroidaceae","Bacteroides","faecis"
"ASV1509","Bacteria","Firmicutes","Bacilli","Erysipelotrichales","Erysipelatoclostridiaceae","Erysipelatoclostridium",NA
"ASV1510","Bacteria","Actinobacteriota","Actinobacteria","Actinomycetales","Actinomycetaceae","Varibaculum",NA
"ASV1511","Bacteria","Actinobacteriota","Actinobacteria","Bifidobacteriales","Bifidobacteriaceae","Bifidobacterium","breve"
"ASV1512","Bacteria","Proteobacteria","Gammaproteobacteria","Enterobacterales","Enterobacteriaceae",NA,NA
"ASV1513","Bacteria","Proteobacteria","Gammaproteobacteria","Enterobacterales","Enterobacteriaceae",NA,NA
"ASV1514","Bacteria","Proteobacteria","Gammaproteobacteria","Enterobacterales",NA,NA,NA
"ASV1515","Bacteria","Firmicutes","Clostridia","Lachnospirales","Lachnospiraceae","Hungatella",NA
"ASV1516","Bacteria","Firmicutes","Clostridia","Lachnospirales","Lachnospiraceae",NA,NA
"ASV1517","Bacteria","Bacteroidota","Bacteroidia","Bacteroidales","Bacteroidaceae","Bacteroides",NA
"ASV1518","Bacteria","Firmicutes","Bacilli","Lactobacillales","Enterococcaceae","Enterococcus",NA
"ASV1519","Bacteria","Firmicutes","Clostridia","Lachnospirales","Lachnospiraceae",NA,NA
"ASV1520","Bacteria","Actinobacteriota","Actinobacteria","Actinomycetales","Actinomycetaceae","Actinomyces",NA
"ASV1521","Bacteria","Actinobacteriota","Actinobacteria","Actinomycetales","Actinomycetaceae","Actinomyces",NA
"ASV1522","Bacteria","Actinobacteriota","Coriobacteriia","Coriobacteriales","Coriobacteriaceae","Collinsella",NA
"ASV1523","Bacteria","Firmicutes","Bacilli","Lactobacillales","Enterococcaceae","Enterococcus",NA
"ASV1524","Bacteria","Proteobacteria","Gammaproteobacteria","Enterobacterales","Enterobacteriaceae",NA,NA
"ASV1525","Bacteria","Bacteroidota","Bacteroidia","Bacteroidales","Tannerellaceae","Parabacteroides","distasonis"
"ASV1526","Bacteria","Actinobacteriota","Coriobacteriia","Coriobacteriales",NA,NA,NA
"ASV1527","Bacteria","Firmicutes","Bacilli","Lactobacillales","Enterococcaceae",NA,NA
"ASV1528","Bacteria","Firmicutes","Clostridia","Eubacteriales","Eubacteriaceae",NA,NA
"ASV1529","Bacteria","Firmicutes","Clostridia","Lachnospirales","Lachnospiraceae","Blautia",NA
"ASV1530","Bacteria","Bacteroidota","Bacteroidia",NA,NA,NA,NA
"ASV1531","Bacteria","Proteobacteria","Gammaproteobacteria","Enterobacterales","Enterobacteriaceae","Atlantibacter",NA
"ASV1532","Bacteria","Firmicutes","Clostridia","Lachnospirales","Lachnospiraceae","Blautia","wexlerae"
"ASV1533","Bacteria","Actinobacteriota","Coriobacteriia","Coriobacteriales","Coriobacteriaceae","Collinsella",NA
"ASV1534","Bacteria","Proteobacteria","Gammaproteobacteria","Enterobacterales","Enterobacteriaceae","Escherichia-Shigella",NA
"ASV1535","Bacteria","Firmicutes","Clostridia","Lachnospirales","Lachnospiraceae",NA,NA
"ASV1536","Bacteria","Firmicutes","Bacilli","Lactobacillales","Enterococcaceae","Enterococcus",NA
"ASV1537","Bacteria","Firmicutes","Negativicutes","Veillonellales-Selenomonadales","Veillonellaceae","Veillonella","ratti"
"ASV1538","Bacteria","Actinobacteriota","Actinobacteria","Bifidobacteriales","Bifidobacteriaceae","Bifidobacterium","longum"
"ASV1539","Bacteria","Firmicutes","Clostridia","Lachnospirales","Lachnospiraceae",NA,NA
"ASV1540","Bacteria","Bacteroidota","Bacteroidia","Bacteroidales","Bacteroidaceae","Bacteroides","vulgatus"
"ASV1541","Bacteria","Firmicutes","Clostridia","Clostridiales","Clostridiaceae",NA,NA
"ASV1542","Bacteria","Actinobacteriota","Coriobacteriia","Coriobacteriales","Coriobacteriaceae","Collinsella","aerofaciens"
"ASV1543","Bacteria","Firmicutes","Bacilli","Erysipelotrichales","Erysipelotrichaceae","Turicibacter",NA
"ASV1544","Bacteria","Actinobacteriota","Coriobacteriia","Coriobacteriales","Coriobacteriaceae","Collinsella",NA
"ASV1545","Bacteria","Firmicutes","Bacilli","Lactobacillales","Enterococcaceae","Enterococcus",NA
"ASV1546","Bacteria","Proteobacteria","Gammaproteobacteria","Enterobacterales","Enterobacteriaceae","Buttiauxella","brennerae"
"ASV1547","Bacteria","Bacteroidota","Bacteroidia","Bacteroidales","Tannerellaceae","Parabacteroides",NA
"ASV1548","Bacteria","Actinobacteriota","Actinobacteria","Bifidobacteriales","Bifidobacteriaceae","Bifidobacterium",NA
"ASV1549","Bacteria","Proteobacteria","Gammaproteobacteria","Enterobacterales","Enterobacteriaceae",NA,NA
"ASV1550","Bacteria","Bacteroidota","Bacteroidia","Bacteroidales","Bacteroidaceae","Bacteroides","kribbi"
"ASV1551","Bacteria","Proteobacteria","Gammaproteobacteria","Enterobacterales","Enterobacteriaceae",NA,NA
"ASV1552","Bacteria","Actinobacteriota","Actinobacteria","Actinomycetales","Actinomycetaceae","Varibaculum","cambriense"
"ASV1553","Bacteria","Firmicutes","Clostridia","Lachnospirales","Lachnospiraceae","Blautia","wexlerae"
"ASV1554","Bacteria","Actinobacteriota","Coriobacteriia","Coriobacteriales","Eggerthellaceae","Eggerthella","lenta"
"ASV1555","Bacteria","Firmicutes","Clostridia","Lachnospirales","Lachnospiraceae",NA,NA
"ASV1556","Bacteria","Proteobacteria","Gammaproteobacteria","Burkholderiales","Burkholderiaceae","Burkholderia-Caballeronia-Paraburkholderia",NA
"ASV1557","Bacteria","Firmicutes","Clostridia","Lachnospirales","Lachnospiraceae",NA,NA
"ASV1558","Bacteria","Actinobacteriota","Actinobacteria","Bifidobacteriales","Bifidobacteriaceae","Bifidobacterium","ramosum"
"ASV1559","Bacteria","Actinobacteriota","Actinobacteria","Bifidobacteriales","Bifidobacteriaceae","Bifidobacterium",NA
"ASV1560","Bacteria","Firmicutes","Clostridia","Clostridiales","Clostridiaceae","Clostridium sensu stricto 1",NA
"ASV1561","Bacteria","Actinobacteriota","Actinobacteria","Bifidobacteriales","Bifidobacteriaceae","Bifidobacterium","globosum"
"ASV1562","Bacteria","Actinobacteriota","Actinobacteria","Bifidobacteriales","Bifidobacteriaceae","Bifidobacterium","bifidum"
"ASV1563","Bacteria","Firmicutes","Bacilli","Lactobacillales","Enterococcaceae","Enterococcus",NA
"ASV1564","Bacteria","Actinobacteriota","Actinobacteria","Bifidobacteriales","Bifidobacteriaceae","Bifidobacterium",NA
"ASV1565","Bacteria","Firmicutes","Bacilli","Lactobacillales","Lactobacillaceae","Lacticaseibacillus",NA
"ASV1566","Bacteria","Actinobacteriota","Actinobacteria","Bifidobacteriales","Bifidobacteriaceae","Bifidobacterium","bifidum"
"ASV1567","Bacteria","Proteobacteria","Gammaproteobacteria","Enterobacterales","Enterobacteriaceae",NA,NA
"ASV1568","Bacteria","Firmicutes","Bacilli","Lactobacillales","Streptococcaceae","Streptococcus","vestibularis"
"ASV1569","Bacteria","Firmicutes","Clostridia","Lachnospirales","Lachnospiraceae","Hungatella","hathewayi"
"ASV1570","Bacteria","Firmicutes","Bacilli","Lactobacillales","Lactobacillaceae",NA,NA
"ASV1571","Bacteria","Desulfobacterota","Desulfovibrionia","Desulfovibrionales","Desulfovibrionaceae","Bilophila","wadsworthia"
"ASV1572","Bacteria","Actinobacteriota","Actinobacteria","Bifidobacteriales","Bifidobacteriaceae","Bifidobacterium","ramosum"
"ASV1573","Bacteria","Actinobacteriota","Actinobacteria","Bifidobacteriales","Bifidobacteriaceae","Bifidobacterium",NA
"ASV1574","Bacteria","Actinobacteriota","Coriobacteriia","Coriobacteriales","Coriobacteriaceae","Collinsella","aerofaciens"
"ASV1575","Bacteria","Firmicutes","Clostridia","Eubacteriales","Eubacteriaceae","Eubacterium","callanderi"
"ASV1576","Bacteria","Actinobacteriota","Actinobacteria","Bifidobacteriales","Bifidobacteriaceae","Bifidobacterium","animalis"
"ASV1577","Bacteria","Firmicutes","Bacilli","Lactobacillales","Lactobacillaceae","Lactiplantibacillus",NA
"ASV1578","Bacteria","Bacteroidota","Bacteroidia","Bacteroidales","Bacteroidaceae","Bacteroides",NA
"ASV1579","Bacteria","Firmicutes","Bacilli","Lactobacillales","Enterococcaceae",NA,NA
"ASV1580","Bacteria","Proteobacteria","Gammaproteobacteria","Enterobacterales","Enterobacteriaceae","Escherichia-Shigella",NA
"ASV1581","Bacteria","Firmicutes","Clostridia","Eubacteriales","Eubacteriaceae","Eubacterium","callanderi"
"ASV1582","Bacteria","Actinobacteriota","Actinobacteria","Bifidobacteriales","Bifidobacteriaceae","Bifidobacterium",NA
"ASV1583","Bacteria","Proteobacteria","Gammaproteobacteria","Enterobacterales",NA,NA,NA
"ASV1584","Bacteria","Firmicutes","Bacilli","Lactobacillales","Streptococcaceae","Streptococcus","vestibularis"
"ASV1585","Bacteria","Firmicutes","Clostridia","Lachnospirales","Lachnospiraceae","Hungatella","hathewayi"
"ASV1586","Bacteria","Bacteroidota","Bacteroidia","Bacteroidales","Bacteroidaceae","Bacteroides","fragilis"
"ASV1587","Bacteria","Bacteroidota","Bacteroidia","Bacteroidales","Bacteroidaceae","Bacteroides","fragilis"
"ASV1588","Bacteria","Firmicutes","Clostridia","Lachnospirales","Lachnospiraceae",NA,NA
"ASV1589","Bacteria","Proteobacteria","Gammaproteobacteria","Enterobacterales","Enterobacteriaceae","Escherichia-Shigella",NA
"ASV1590","Bacteria","Firmicutes","Negativicutes","Acidaminococcales","Acidaminococcaceae","Phascolarctobacterium","faecium"
"ASV1591","Bacteria","Firmicutes","Clostridia","Lachnospirales","Lachnospiraceae",NA,NA
"ASV1592","Bacteria","Actinobacteriota","Actinobacteria","Bifidobacteriales","Bifidobacteriaceae","Bifidobacterium",NA
"ASV1593","Bacteria","Firmicutes","Clostridia","Lachnospirales","Lachnospiraceae","Blautia","wexlerae"
"ASV1594","Bacteria","Firmicutes","Bacilli","Lactobacillales","Streptococcaceae","Streptococcus",NA
"ASV1595","Bacteria","Firmicutes","Bacilli","Lactobacillales","Enterococcaceae","Enterococcus",NA
"ASV1596","Bacteria","Firmicutes","Bacilli","Lactobacillales","Streptococcaceae","Streptococcus","thermophilus"
"ASV1597","Bacteria","Actinobacteriota","Actinobacteria","Actinomycetales","Actinomycetaceae","Varibaculum","cambriense"
"ASV1598","Bacteria","Firmicutes","Bacilli","Lactobacillales",NA,NA,NA
"ASV1599","Bacteria","Actinobacteriota","Actinobacteria","Bifidobacteriales","Bifidobacteriaceae","Bifidobacterium",NA
"ASV1600","Bacteria","Firmicutes","Clostridia","Lachnospirales","Lachnospiraceae","[Ruminococcus] gnavus group",NA
"ASV1601","Bacteria","Firmicutes","Clostridia","Clostridiales","Clostridiaceae","Clostridium sensu stricto 1",NA
"ASV1602","Bacteria","Actinobacteriota","Coriobacteriia","Coriobacteriales","Coriobacteriaceae","Collinsella",NA
"ASV1603","Bacteria","Firmicutes","Bacilli","Lactobacillales",NA,NA,NA
"ASV1604","Bacteria","Firmicutes","Clostridia","Clostridiales","Clostridiaceae","Clostridium sensu stricto 1",NA
"ASV1605","Bacteria","Firmicutes","Bacilli","Lactobacillales","Enterococcaceae","Enterococcus",NA
"ASV1606","Bacteria","Actinobacteriota","Actinobacteria","Bifidobacteriales","Bifidobacteriaceae","Bifidobacterium","scardovii"
"ASV1607","Bacteria","Firmicutes","Clostridia","Lachnospirales","Lachnospiraceae","Blautia","wexlerae"
"ASV1608","Bacteria","Actinobacteriota","Actinobacteria","Bifidobacteriales","Bifidobacteriaceae","Bifidobacterium",NA
"ASV1609","Bacteria","Actinobacteriota","Actinobacteria","Bifidobacteriales","Bifidobacteriaceae","Bifidobacterium",NA
"ASV1610","Bacteria","Actinobacteriota","Coriobacteriia","Coriobacteriales","Coriobacteriaceae","Collinsella","aerofaciens"
"ASV1611","Bacteria","Bacteroidota","Bacteroidia","Bacteroidales","Tannerellaceae","Parabacteroides","merdae"
"ASV1612","Bacteria","Firmicutes","Clostridia","Lachnospirales","Lachnospiraceae",NA,NA
"ASV1613","Bacteria","Bacteroidota","Bacteroidia","Bacteroidales","Bacteroidaceae","Bacteroides","kribbi"
"ASV1614","Bacteria","Proteobacteria","Gammaproteobacteria","Enterobacterales",NA,NA,NA
"ASV1615","Bacteria","Proteobacteria","Gammaproteobacteria","Enterobacterales","Enterobacteriaceae",NA,NA
"ASV1616","Bacteria","Firmicutes","Clostridia","Lachnospirales","Lachnospiraceae","Blautia",NA
"ASV1617","Bacteria","Actinobacteriota","Actinobacteria","Bifidobacteriales","Bifidobacteriaceae","Bifidobacterium","ramosum"
"ASV1618","Bacteria","Actinobacteriota","Actinobacteria","Bifidobacteriales","Bifidobacteriaceae","Bifidobacterium",NA
"ASV1619","Bacteria","Actinobacteriota","Coriobacteriia","Coriobacteriales","Coriobacteriaceae","Collinsella","aerofaciens"
"ASV1620","Bacteria","Firmicutes","Bacilli","Lactobacillales","Enterococcaceae","Enterococcus",NA
"ASV1621","Bacteria","Actinobacteriota","Actinobacteria","Bifidobacteriales","Bifidobacteriaceae","Bifidobacterium","longum"
"ASV1622","Bacteria","Bacteroidota","Bacteroidia","Bacteroidales","Bacteroidaceae","Bacteroides","xylanisolvens"
"ASV1623","Bacteria","Firmicutes","Clostridia","Lachnospirales","Lachnospiraceae","Blautia",NA
"ASV1624","Bacteria","Bacteroidota","Bacteroidia","Bacteroidales","Dysgonomonadaceae","Dysgonomonas","capnocytophagoides"
"ASV1625","Bacteria","Firmicutes","Clostridia","Lachnospirales","Lachnospiraceae",NA,NA
"ASV1626","Bacteria","Firmicutes","Bacilli","Erysipelotrichales","Erysipelatoclostridiaceae","Erysipelatoclostridium","ramosum"
"ASV1627","Bacteria","Actinobacteriota","Actinobacteria","Bifidobacteriales","Bifidobacteriaceae","Bifidobacterium",NA
"ASV1628","Bacteria","Firmicutes","Bacilli","Lactobacillales","Streptococcaceae","Lactococcus","lactis"
"ASV1629","Bacteria","Firmicutes","Clostridia","Lachnospirales","Lachnospiraceae","Lachnospiraceae FE2018 group",NA
"ASV1630","Bacteria","Firmicutes","Clostridia","Oscillospirales","Ruminococcaceae","Caproiciproducens",NA
"ASV1631","Bacteria","Firmicutes","Bacilli","Lactobacillales","Enterococcaceae","Enterococcus","faecalis"
"ASV1632","Bacteria","Proteobacteria","Gammaproteobacteria","Enterobacterales","Enterobacteriaceae",NA,NA
"ASV1633","Bacteria","Firmicutes","Bacilli","Lactobacillales","Streptococcaceae","Streptococcus",NA
"ASV1634","Bacteria","Bacteroidota","Bacteroidia","Bacteroidales","Tannerellaceae","Parabacteroides",NA
"ASV1635","Bacteria","Bacteroidota","Bacteroidia","Bacteroidales","Bacteroidaceae","Bacteroides","vulgatus"
"ASV1636","Bacteria","Firmicutes","Clostridia","Lachnospirales","Lachnospiraceae","Blautia",NA
"ASV1637","Bacteria","Actinobacteriota","Coriobacteriia","Coriobacteriales","Eggerthellaceae","Eggerthella",NA
"ASV1638","Bacteria","Firmicutes","Clostridia","Lachnospirales","Lachnospiraceae","Anaerostipes",NA
"ASV1639","Bacteria","Bacteroidota","Bacteroidia","Bacteroidales","Bacteroidaceae","Bacteroides",NA
"ASV1640","Bacteria","Actinobacteriota","Actinobacteria","Bifidobacteriales","Bifidobacteriaceae","Bifidobacterium","bifidum"
"ASV1641","Bacteria","Proteobacteria","Gammaproteobacteria","Enterobacterales","Enterobacteriaceae",NA,NA
"ASV1642","Bacteria","Actinobacteriota","Coriobacteriia","Coriobacteriales","Eggerthellaceae",NA,NA
"ASV1643","Bacteria","Firmicutes","Bacilli","Erysipelotrichales","Erysipelotrichaceae","[Clostridium] innocuum group",NA
"ASV1644","Bacteria","Bacteroidota","Bacteroidia","Bacteroidales","Bacteroidaceae","Bacteroides","vulgatus"
"ASV1645","Bacteria","Actinobacteriota","Actinobacteria","Actinomycetales","Actinomycetaceae","Varibaculum",NA
"ASV1646","Bacteria","Firmicutes","Clostridia","Clostridiales","Clostridiaceae","Clostridium sensu stricto 1",NA
"ASV1647","Bacteria","Bacteroidota","Bacteroidia","Bacteroidales","Bacteroidaceae","Bacteroides","fragilis"
"ASV1648","Bacteria","Firmicutes","Bacilli","Lactobacillales","Enterococcaceae","Enterococcus",NA
"ASV1649","Bacteria","Proteobacteria","Gammaproteobacteria","Enterobacterales","Erwiniaceae",NA,NA
"ASV1650","Bacteria","Firmicutes","Clostridia","Lachnospirales","Lachnospiraceae","Sellimonas",NA
"ASV1651","Bacteria","Proteobacteria","Gammaproteobacteria","Enterobacterales","Enterobacteriaceae",NA,NA
"ASV1652","Bacteria","Proteobacteria","Gammaproteobacteria","Enterobacterales",NA,NA,NA
"ASV1653","Bacteria","Actinobacteriota","Actinobacteria","Bifidobacteriales","Bifidobacteriaceae","Bifidobacterium",NA
"ASV1654","Bacteria","Actinobacteriota","Actinobacteria","Bifidobacteriales","Bifidobacteriaceae","Bifidobacterium",NA
"ASV1655","Bacteria","Firmicutes","Clostridia","Clostridiales","Clostridiaceae",NA,NA
"ASV1656","Bacteria","Actinobacteriota","Actinobacteria","Bifidobacteriales","Bifidobacteriaceae","Bifidobacterium",NA
"ASV1657","Bacteria","Firmicutes","Bacilli","Lactobacillales","Carnobacteriaceae","Granulicatella",NA
"ASV1658","Bacteria","Firmicutes","Clostridia","Lachnospirales","Lachnospiraceae","Blautia","wexlerae"
"ASV1659","Bacteria","Actinobacteriota","Actinobacteria","Bifidobacteriales","Bifidobacteriaceae","Bifidobacterium","breve"
"ASV1660","Bacteria","Proteobacteria","Gammaproteobacteria","Enterobacterales","Enterobacteriaceae",NA,NA
"ASV1661","Bacteria","Fusobacteriota","Fusobacteriia","Fusobacteriales","Fusobacteriaceae","Fusobacterium",NA
"ASV1662","Bacteria","Firmicutes","Bacilli","Lactobacillales","Enterococcaceae","Enterococcus","faecalis"
"ASV1663","Bacteria","Firmicutes","Clostridia","Lachnospirales","Lachnospiraceae",NA,NA
"ASV1664","Bacteria","Proteobacteria","Gammaproteobacteria","Enterobacterales","Enterobacteriaceae","Klebsiella",NA
"ASV1665","Bacteria","Firmicutes","Bacilli","Lactobacillales","Streptococcaceae","Streptococcus","vestibularis"
"ASV1666","Bacteria","Proteobacteria","Gammaproteobacteria","Enterobacterales","Pasteurellaceae","Haemophilus",NA
"ASV1667","Bacteria","Actinobacteriota","Actinobacteria","Bifidobacteriales","Bifidobacteriaceae","Bifidobacterium",NA
"ASV1668","Bacteria","Firmicutes","Clostridia","Lachnospirales","Lachnospiraceae","[Eubacterium] fissicatena group",NA
"ASV1669","Bacteria","Firmicutes","Clostridia","Lachnospirales","Lachnospiraceae","Hungatella","hathewayi"
"ASV1670","Bacteria","Actinobacteriota","Actinobacteria","Bifidobacteriales","Bifidobacteriaceae","Bifidobacterium","ramosum"
"ASV1671","Bacteria","Firmicutes","Clostridia","Lachnospirales","Lachnospiraceae","Sellimonas",NA
"ASV1672","Bacteria","Proteobacteria","Gammaproteobacteria","Enterobacterales","Enterobacteriaceae",NA,NA
"ASV1673","Bacteria","Proteobacteria","Gammaproteobacteria","Enterobacterales","Enterobacteriaceae",NA,NA
"ASV1674","Bacteria","Actinobacteriota","Coriobacteriia","Coriobacteriales","Coriobacteriaceae","Collinsella","aerofaciens"
"ASV1675","Bacteria","Firmicutes","Bacilli","Erysipelotrichales","Erysipelatoclostridiaceae","Erysipelatoclostridium","ramosum"
"ASV1676","Bacteria","Firmicutes","Clostridia","Lachnospirales","Lachnospiraceae",NA,NA
"ASV1677","Bacteria","Actinobacteriota","Actinobacteria","Bifidobacteriales","Bifidobacteriaceae","Bifidobacterium",NA
"ASV1678","Bacteria","Actinobacteriota","Actinobacteria","Bifidobacteriales","Bifidobacteriaceae","Bifidobacterium",NA
"ASV1679","Bacteria","Firmicutes","Bacilli","Lactobacillales","Enterococcaceae","Enterococcus",NA
"ASV1680","Bacteria","Proteobacteria","Gammaproteobacteria","Enterobacterales","Enterobacteriaceae",NA,NA
"ASV1681","Bacteria","Proteobacteria","Gammaproteobacteria","Enterobacterales",NA,NA,NA
"ASV1682","Bacteria","Proteobacteria","Gammaproteobacteria","Enterobacterales","Enterobacteriaceae",NA,NA
"ASV1683","Bacteria","Proteobacteria","Gammaproteobacteria","Enterobacterales",NA,NA,NA
"ASV1684","Bacteria","Actinobacteriota","Actinobacteria","Bifidobacteriales","Bifidobacteriaceae","Bifidobacterium",NA
"ASV1685","Bacteria","Proteobacteria","Gammaproteobacteria","Enterobacterales","Enterobacteriaceae",NA,NA
"ASV1686","Bacteria","Firmicutes","Bacilli","Lactobacillales","Streptococcaceae","Streptococcus",NA
"ASV1687","Bacteria","Bacteroidota","Bacteroidia","Bacteroidales","Bacteroidaceae","Bacteroides","fragilis"
"ASV1688","Bacteria","Firmicutes","Clostridia","Lachnospirales","Lachnospiraceae","Sellimonas",NA
"ASV1689","Bacteria","Bacteroidota","Bacteroidia","Bacteroidales","Bacteroidaceae","Bacteroides","kribbi"
"ASV1690","Bacteria","Firmicutes","Clostridia","Lachnospirales","Lachnospiraceae","Sellimonas",NA
"ASV1691","Bacteria","Firmicutes","Clostridia","Clostridiales","Clostridiaceae","Clostridium sensu stricto 1",NA
"ASV1692","Bacteria","Actinobacteriota","Actinobacteria","Bifidobacteriales","Bifidobacteriaceae","Bifidobacterium",NA
"ASV1693","Bacteria","Firmicutes","Clostridia","Clostridiales","Clostridiaceae","Sarcina",NA
"ASV1694","Bacteria","Proteobacteria","Gammaproteobacteria","Enterobacterales",NA,NA,NA
"ASV1695","Bacteria","Bacteroidota","Bacteroidia","Bacteroidales","Tannerellaceae","Parabacteroides",NA
"ASV1696","Bacteria","Proteobacteria","Gammaproteobacteria","Enterobacterales","Enterobacteriaceae",NA,NA
"ASV1697","Bacteria","Firmicutes","Negativicutes","Veillonellales-Selenomonadales","Veillonellaceae","Anaeroglobus",NA
"ASV1698","Bacteria","Actinobacteriota","Actinobacteria","Bifidobacteriales","Bifidobacteriaceae","Bifidobacterium",NA
"ASV1699","Bacteria","Firmicutes","Clostridia","Lachnospirales","Lachnospiraceae","Sellimonas","intestinalis"
"ASV1700","Bacteria","Bacteroidota","Bacteroidia","Bacteroidales","Bacteroidaceae","Bacteroides",NA
"ASV1701","Bacteria","Firmicutes","Bacilli","Lactobacillales","Streptococcaceae","Streptococcus",NA
"ASV1702","Bacteria","Firmicutes","Bacilli","Lactobacillales","Streptococcaceae","Streptococcus",NA
"ASV1703","Bacteria","Firmicutes","Negativicutes","Veillonellales-Selenomonadales","Veillonellaceae",NA,NA
"ASV1704","Bacteria","Firmicutes","Clostridia","Lachnospirales","Lachnospiraceae","Hungatella","hathewayi"
"ASV1705","Bacteria","Firmicutes","Clostridia","Lachnospirales","Lachnospiraceae",NA,NA
"ASV1706","Bacteria","Actinobacteriota","Actinobacteria","Bifidobacteriales","Bifidobacteriaceae","Bifidobacterium","bifidum"
"ASV1707","Bacteria","Firmicutes","Bacilli","Lactobacillales","Enterococcaceae","Enterococcus","faecalis"
"ASV1708","Bacteria","Actinobacteriota","Actinobacteria","Bifidobacteriales","Bifidobacteriaceae","Bifidobacterium",NA
"ASV1709","Bacteria","Firmicutes","Clostridia","Oscillospirales","Ruminococcaceae","Incertae Sedis",NA
"ASV1710","Bacteria","Bacteroidota","Bacteroidia","Bacteroidales","Bacteroidaceae","Bacteroides",NA
"ASV1711","Bacteria","Firmicutes","Bacilli","Lactobacillales","Enterococcaceae",NA,NA
"ASV1712","Bacteria","Proteobacteria","Gammaproteobacteria","Enterobacterales","Enterobacteriaceae",NA,NA
"ASV1713","Bacteria","Actinobacteriota","Coriobacteriia","Coriobacteriales","Coriobacteriaceae","Collinsella",NA
"ASV1714","Bacteria","Actinobacteriota","Actinobacteria","Bifidobacteriales","Bifidobacteriaceae","Bifidobacterium","breve"
"ASV1715","Bacteria",NA,NA,NA,NA,NA,NA
"ASV1716","Bacteria","Bacteroidota","Bacteroidia","Bacteroidales","Bacteroidaceae","Bacteroides","fragilis"
"ASV1717","Bacteria","Proteobacteria","Gammaproteobacteria","Pseudomonadales","Pseudomonadaceae","Pseudomonas","rhodesiae"
"ASV1718","Bacteria","Firmicutes","Clostridia","Clostridiales","Clostridiaceae","Clostridium sensu stricto 1","perfringens"
"ASV1719","Bacteria","Proteobacteria","Gammaproteobacteria","Enterobacterales","Enterobacteriaceae","Escherichia-Shigella","marmotae"
"ASV1720","Bacteria","Firmicutes","Bacilli","Lactobacillales","Lactobacillaceae","Lacticaseibacillus",NA
"ASV1721","Bacteria","Firmicutes","Bacilli","Staphylococcales","Gemellaceae","Gemella",NA
"ASV1722","Bacteria","Firmicutes","Bacilli","Lactobacillales","Enterococcaceae","Enterococcus",NA
"ASV1723","Bacteria","Actinobacteriota","Actinobacteria","Bifidobacteriales","Bifidobacteriaceae","Bifidobacterium","ramosum"
"ASV1724","Bacteria","Actinobacteriota","Actinobacteria","Bifidobacteriales","Bifidobacteriaceae","Bifidobacterium","kashiwanohense"
"ASV1725","Bacteria","Actinobacteriota","Actinobacteria","Bifidobacteriales","Bifidobacteriaceae","Bifidobacterium","bifidum"
"ASV1726","Bacteria","Firmicutes","Clostridia","Oscillospirales","Oscillospiraceae","Flavonifractor","plautii"
"ASV1727","Bacteria","Bacteroidota","Bacteroidia","Bacteroidales","Bacteroidaceae","Bacteroides",NA
"ASV1728","Bacteria","Firmicutes","Clostridia","Lachnospirales","Lachnospiraceae",NA,NA
"ASV1729","Bacteria","Verrucomicrobiota","Verrucomicrobiae","Verrucomicrobiales","Akkermansiaceae","Akkermansia","muciniphila"
"ASV1730","Bacteria","Bacteroidota","Bacteroidia","Bacteroidales",NA,NA,NA
"ASV1731","Bacteria","Proteobacteria","Gammaproteobacteria","Enterobacterales","Enterobacteriaceae","Escherichia-Shigella","fergusonii"
"ASV1732","Bacteria","Firmicutes","Clostridia","Lachnospirales","Lachnospiraceae",NA,NA
"ASV1733","Bacteria","Firmicutes","Clostridia","Eubacteriales","Eubacteriaceae","Eubacterium","callanderi"
"ASV1734","Bacteria","Firmicutes","Bacilli","Lactobacillales",NA,NA,NA
"ASV1735","Bacteria","Bacteroidota","Bacteroidia","Bacteroidales","Tannerellaceae","Parabacteroides","distasonis"
"ASV1736","Bacteria","Actinobacteriota","Actinobacteria","Bifidobacteriales","Bifidobacteriaceae","Bifidobacterium",NA
"ASV1737","Bacteria","Firmicutes","Clostridia","Lachnospirales","Lachnospiraceae",NA,NA
"ASV1738","Bacteria",NA,NA,NA,NA,NA,NA
"ASV1739","Bacteria","Firmicutes","Clostridia","Lachnospirales","Lachnospiraceae","Blautia",NA
"ASV1740","Bacteria","Proteobacteria","Gammaproteobacteria","Enterobacterales",NA,NA,NA
"ASV1741","Bacteria","Bacteroidota","Bacteroidia","Bacteroidales","Bacteroidaceae","Bacteroides",NA
"ASV1742","Bacteria","Bacteroidota","Bacteroidia","Bacteroidales","Tannerellaceae","Parabacteroides","distasonis"
"ASV1743","Bacteria","Bacteroidota","Bacteroidia","Bacteroidales","Bacteroidaceae","Bacteroides","vulgatus"
"ASV1744","Bacteria","Proteobacteria","Gammaproteobacteria","Enterobacterales","Enterobacteriaceae","Pluralibacter","gergoviae"
"ASV1745","Bacteria","Firmicutes","Bacilli","Lactobacillales","Lactobacillaceae",NA,NA
"ASV1746","Bacteria","Firmicutes","Bacilli","Lactobacillales","Lactobacillaceae","Lactiplantibacillus",NA
"ASV1747","Bacteria","Firmicutes","Clostridia","Lachnospirales","Lachnospiraceae",NA,NA
"ASV1748","Bacteria","Firmicutes","Bacilli","Lactobacillales","Streptococcaceae","Streptococcus","vestibularis"
"ASV1749","Bacteria","Firmicutes","Bacilli","Lactobacillales","Enterococcaceae","Enterococcus",NA
"ASV1750","Bacteria","Actinobacteriota","Actinobacteria","Bifidobacteriales","Bifidobacteriaceae","Bifidobacterium","kashiwanohense"
"ASV1751","Bacteria","Firmicutes","Bacilli","Lactobacillales","Lactobacillaceae",NA,NA
"ASV1752","Bacteria","Actinobacteriota","Coriobacteriia","Coriobacteriales","Coriobacteriaceae","Collinsella",NA
"ASV1753","Bacteria","Firmicutes","Clostridia","Lachnospirales","Lachnospiraceae","Blautia",NA
"ASV1754","Bacteria","Bacteroidota","Bacteroidia","Bacteroidales","Bacteroidaceae","Bacteroides","vulgatus"
"ASV1755","Bacteria","Firmicutes","Negativicutes","Acidaminococcales","Acidaminococcaceae","Phascolarctobacterium","faecium"
"ASV1756","Bacteria","Firmicutes","Clostridia","Lachnospirales","Lachnospiraceae","Hungatella","hathewayi"
"ASV1757","Bacteria","Firmicutes","Bacilli","Lactobacillales",NA,NA,NA
"ASV1758","Bacteria","Actinobacteriota","Actinobacteria",NA,NA,NA,NA
"ASV1759","Bacteria","Firmicutes","Clostridia","Lachnospirales","Lachnospiraceae",NA,NA
"ASV1760","Bacteria","Actinobacteriota","Actinobacteria","Bifidobacteriales","Bifidobacteriaceae","Bifidobacterium",NA
"ASV1761","Bacteria","Bacteroidota","Bacteroidia","Bacteroidales","Bacteroidaceae","Bacteroides",NA
"ASV1762","Bacteria","Actinobacteriota","Actinobacteria","Bifidobacteriales","Bifidobacteriaceae","Bifidobacterium",NA
"ASV1763","Bacteria","Actinobacteriota","Actinobacteria","Bifidobacteriales","Bifidobacteriaceae","Bifidobacterium",NA
"ASV1764","Bacteria","Firmicutes","Clostridia","Lachnospirales","Lachnospiraceae",NA,NA
"ASV1765","Bacteria","Proteobacteria","Gammaproteobacteria","Enterobacterales",NA,NA,NA
"ASV1766","Bacteria","Proteobacteria","Gammaproteobacteria","Enterobacterales",NA,NA,NA
"ASV1767","Bacteria","Actinobacteriota","Actinobacteria","Bifidobacteriales","Bifidobacteriaceae","Bifidobacterium","breve"
"ASV1768","Bacteria","Actinobacteriota","Actinobacteria","Bifidobacteriales","Bifidobacteriaceae","Bifidobacterium","bifidum"
"ASV1769","Bacteria","Actinobacteriota","Coriobacteriia","Coriobacteriales","Coriobacteriaceae","Collinsella","aerofaciens"
"ASV1770","Bacteria","Actinobacteriota","Actinobacteria","Bifidobacteriales","Bifidobacteriaceae","Bifidobacterium","ramosum"
"ASV1771","Bacteria","Firmicutes","Bacilli","Lactobacillales","Enterococcaceae","Enterococcus",NA
"ASV1772","Bacteria","Actinobacteriota","Actinobacteria","Bifidobacteriales","Bifidobacteriaceae","Bifidobacterium",NA
"ASV1773","Bacteria","Firmicutes","Clostridia","Oscillospirales","Oscillospiraceae","Flavonifractor",NA
"ASV1774","Bacteria","Actinobacteriota","Actinobacteria","Bifidobacteriales","Bifidobacteriaceae","Bifidobacterium","animalis"
"ASV1775","Bacteria","Firmicutes","Bacilli","Lactobacillales","Lactobacillaceae","Lacticaseibacillus",NA
"ASV1776","Bacteria","Actinobacteriota","Actinobacteria","Bifidobacteriales","Bifidobacteriaceae","Bifidobacterium","ramosum"
"ASV1777","Bacteria","Actinobacteriota","Actinobacteria","Bifidobacteriales","Bifidobacteriaceae","Bifidobacterium",NA
"ASV1778","Bacteria","Firmicutes","Clostridia","Clostridiales","Clostridiaceae","Sarcina",NA
"ASV1779","Bacteria","Firmicutes","Clostridia","Clostridiales","Clostridiaceae","Clostridium sensu stricto 1","perfringens"
"ASV1780","Bacteria","Fusobacteriota","Fusobacteriia","Fusobacteriales","Fusobacteriaceae","Fusobacterium","nucleatum"
"ASV1781","Bacteria","Actinobacteriota","Coriobacteriia","Coriobacteriales",NA,NA,NA
"ASV1782","Bacteria","Bacteroidota","Bacteroidia","Bacteroidales",NA,NA,NA
"ASV1783","Bacteria","Actinobacteriota","Actinobacteria","Actinomycetales","Actinomycetaceae","Varibaculum","cambriense"
"ASV1784","Bacteria","Bacteroidota","Bacteroidia","Bacteroidales","Tannerellaceae","Parabacteroides","distasonis"
"ASV1785","Bacteria","Actinobacteriota","Actinobacteria","Bifidobacteriales","Bifidobacteriaceae","Bifidobacterium",NA
"ASV1786","Bacteria","Bacteroidota","Bacteroidia","Bacteroidales","Bacteroidaceae","Bacteroides","vulgatus"
"ASV1787","Bacteria","Firmicutes","Clostridia","Eubacteriales","Eubacteriaceae",NA,NA
"ASV1788","Bacteria","Actinobacteriota","Coriobacteriia","Coriobacteriales","Eggerthellaceae",NA,NA
"ASV1789","Bacteria",NA,NA,NA,NA,NA,NA
"ASV1790","Bacteria","Firmicutes","Bacilli","Erysipelotrichales","Erysipelotrichaceae","[Clostridium] innocuum group",NA
"ASV1791","Bacteria","Firmicutes","Bacilli","Lactobacillales","Enterococcaceae","Enterococcus",NA
"ASV1792","Bacteria","Actinobacteriota","Actinobacteria","Bifidobacteriales","Bifidobacteriaceae","Bifidobacterium",NA
"ASV1793","Bacteria","Actinobacteriota","Coriobacteriia","Coriobacteriales","Coriobacteriaceae","Collinsella","aerofaciens"
"ASV1794","Bacteria","Firmicutes","Clostridia","Lachnospirales","Lachnospiraceae","Blautia",NA
"ASV1795","Bacteria","Firmicutes","Bacilli","Lactobacillales","Streptococcaceae","Streptococcus",NA
"ASV1796","Bacteria","Actinobacteriota","Actinobacteria","Bifidobacteriales","Bifidobacteriaceae","Bifidobacterium",NA
"ASV1797","Bacteria","Proteobacteria","Gammaproteobacteria","Enterobacterales","Enterobacteriaceae","Enterobacter",NA
"ASV1798","Bacteria","Proteobacteria","Gammaproteobacteria","Enterobacterales","Morganellaceae","Morganella","morganii"
"ASV1799","Bacteria","Bacteroidota","Bacteroidia","Bacteroidales","Bacteroidaceae","Bacteroides","fragilis"
"ASV1800","Bacteria","Bacteroidota","Bacteroidia","Bacteroidales","Dysgonomonadaceae","Dysgonomonas","capnocytophagoides"
"ASV1801","Bacteria","Bacteroidota","Bacteroidia","Bacteroidales","Tannerellaceae","Parabacteroides","distasonis"
"ASV1802","Bacteria","Bacteroidota","Bacteroidia","Bacteroidales","Bacteroidaceae","Bacteroides",NA
"ASV1803","Bacteria","Firmicutes","Clostridia","Clostridiales","Clostridiaceae","Clostridium sensu stricto 1","paraputrificum"
"ASV1804","Bacteria","Firmicutes","Clostridia","Oscillospirales","Ruminococcaceae","Faecalibacterium",NA
"ASV1805","Bacteria","Proteobacteria","Gammaproteobacteria","Enterobacterales",NA,NA,NA
"ASV1806","Bacteria","Proteobacteria","Gammaproteobacteria","Enterobacterales",NA,NA,NA
"ASV1807","Bacteria","Proteobacteria","Gammaproteobacteria","Enterobacterales","Enterobacteriaceae",NA,NA
"ASV1808","Bacteria","Firmicutes","Negativicutes","Veillonellales-Selenomonadales","Veillonellaceae","Veillonella","ratti"
"ASV1809","Bacteria","Firmicutes","Clostridia","Lachnospirales","Lachnospiraceae",NA,NA
"ASV1810","Bacteria","Actinobacteriota","Coriobacteriia","Coriobacteriales",NA,NA,NA
"ASV1811","Bacteria","Firmicutes","Clostridia","Lachnospirales","Lachnospiraceae","Lachnobacterium","bovis"
"ASV1812","Bacteria","Proteobacteria","Gammaproteobacteria","Enterobacterales","Enterobacteriaceae","Escherichia-Shigella",NA
"ASV1813","Bacteria","Actinobacteriota","Actinobacteria","Bifidobacteriales","Bifidobacteriaceae","Bifidobacterium","ramosum"
"ASV1814","Bacteria","Actinobacteriota","Actinobacteria","Bifidobacteriales","Bifidobacteriaceae","Bifidobacterium","longum"
"ASV1815","Bacteria","Proteobacteria","Gammaproteobacteria","Enterobacterales","Enterobacteriaceae",NA,NA
"ASV1816","Bacteria","Proteobacteria","Gammaproteobacteria","Enterobacterales","Enterobacteriaceae","Klebsiella","granulomatis"
"ASV1817","Bacteria","Bacteroidota","Bacteroidia","Bacteroidales","Bacteroidaceae","Bacteroides",NA
"ASV1818","Bacteria","Firmicutes","Clostridia","Lachnospirales","Lachnospiraceae","Hungatella","hathewayi"
"ASV1819","Bacteria","Actinobacteriota","Actinobacteria","Bifidobacteriales","Bifidobacteriaceae","Bifidobacterium",NA
"ASV1820","Bacteria","Bacteroidota","Bacteroidia","Bacteroidales","Bacteroidaceae","Bacteroides",NA
"ASV1821","Bacteria","Bacteroidota","Bacteroidia","Bacteroidales","Bacteroidaceae","Bacteroides",NA
"ASV1822","Bacteria","Actinobacteriota","Coriobacteriia","Coriobacteriales","Coriobacteriaceae","Collinsella",NA
"ASV1823","Bacteria","Firmicutes","Clostridia","Peptostreptococcales-Tissierellales","Peptostreptococcaceae","Intestinibacter","bartlettii"
"ASV1824","Bacteria","Actinobacteriota","Actinobacteria","Bifidobacteriales","Bifidobacteriaceae","Bifidobacterium","kashiwanohense"
"ASV1825","Bacteria","Bacteroidota","Bacteroidia","Bacteroidales","Bacteroidaceae","Bacteroides","fragilis"
"ASV1826","Bacteria","Firmicutes","Clostridia","Oscillospirales","Ruminococcaceae","Incertae Sedis",NA
"ASV1827","Bacteria","Actinobacteriota","Coriobacteriia","Coriobacteriales","Coriobacteriaceae","Collinsella","aerofaciens"
"ASV1828","Bacteria","Firmicutes","Clostridia","Clostridiales","Clostridiaceae",NA,NA
"ASV1829","Bacteria","Actinobacteriota","Coriobacteriia","Coriobacteriales","Eggerthellaceae","Eggerthella","lenta"
"ASV1830","Bacteria","Firmicutes","Clostridia","Oscillospirales","Oscillospiraceae",NA,NA
"ASV1831","Bacteria","Proteobacteria","Gammaproteobacteria","Enterobacterales","Pasteurellaceae","Haemophilus",NA
"ASV1832","Bacteria","Actinobacteriota","Actinobacteria","Bifidobacteriales","Bifidobacteriaceae","Bifidobacterium",NA
"ASV1833","Bacteria","Actinobacteriota","Actinobacteria","Bifidobacteriales","Bifidobacteriaceae","Bifidobacterium","kashiwanohense"
"ASV1834","Bacteria","Bacteroidota","Bacteroidia","Bacteroidales","Bacteroidaceae","Bacteroides","vulgatus"
"ASV1835","Bacteria","Firmicutes","Bacilli","Lactobacillales","Enterococcaceae","Enterococcus",NA
"ASV1836","Bacteria","Firmicutes","Clostridia","Lachnospirales","Lachnospiraceae","Blautia","wexlerae"
"ASV1837","Bacteria","Verrucomicrobiota","Verrucomicrobiae","Verrucomicrobiales","Akkermansiaceae","Akkermansia",NA
"ASV1838","Bacteria","Firmicutes","Clostridia","Clostridiales","Clostridiaceae","Clostridium sensu stricto 1",NA
"ASV1839","Bacteria","Bacteroidota","Bacteroidia","Bacteroidales","Bacteroidaceae","Bacteroides",NA
"ASV1840","Bacteria","Actinobacteriota","Actinobacteria","Bifidobacteriales","Bifidobacteriaceae","Bifidobacterium","bifidum"
"ASV1841","Bacteria","Proteobacteria","Gammaproteobacteria","Burkholderiales","Alcaligenaceae","Achromobacter",NA
"ASV1842","Bacteria","Actinobacteriota","Coriobacteriia","Coriobacteriales","Coriobacteriaceae","Collinsella","aerofaciens"
"ASV1843","Bacteria","Bacteroidota","Bacteroidia","Bacteroidales",NA,NA,NA
"ASV1844","Bacteria","Actinobacteriota","Coriobacteriia","Coriobacteriales","Coriobacteriaceae","Collinsella",NA
"ASV1845","Bacteria","Actinobacteriota","Coriobacteriia","Coriobacteriales","Coriobacteriaceae","Collinsella","aerofaciens"
"ASV1846","Bacteria","Actinobacteriota","Actinobacteria","Bifidobacteriales","Bifidobacteriaceae","Bifidobacterium","bifidum"
"ASV1847","Bacteria","Verrucomicrobiota","Verrucomicrobiae","Verrucomicrobiales","Akkermansiaceae","Akkermansia","muciniphila"
"ASV1848","Bacteria","Actinobacteriota","Coriobacteriia","Coriobacteriales",NA,NA,NA
"ASV1849","Bacteria","Actinobacteriota","Actinobacteria","Bifidobacteriales","Bifidobacteriaceae","Bifidobacterium","ramosum"
"ASV1850","Bacteria","Proteobacteria","Gammaproteobacteria","Enterobacterales","Enterobacteriaceae",NA,NA
"ASV1851","Bacteria","Firmicutes","Clostridia","Clostridiales","Clostridiaceae",NA,NA
"ASV1852","Bacteria","Firmicutes","Clostridia","Lachnospirales","Lachnospiraceae","Blautia","wexlerae"
"ASV1853","Bacteria","Actinobacteriota","Coriobacteriia","Coriobacteriales","Coriobacteriaceae","Collinsella",NA
"ASV1854","Bacteria","Proteobacteria","Gammaproteobacteria","Enterobacterales",NA,NA,NA
"ASV1855","Bacteria","Actinobacteriota","Coriobacteriia","Coriobacteriales","Eggerthellaceae","Eggerthella",NA
"ASV1856","Bacteria","Actinobacteriota","Actinobacteria","Bifidobacteriales","Bifidobacteriaceae","Bifidobacterium",NA
"ASV1857","Bacteria","Firmicutes","Bacilli","Lactobacillales","Streptococcaceae","Streptococcus",NA
"ASV1858","Bacteria","Bacteroidota","Bacteroidia","Bacteroidales","Bacteroidaceae","Bacteroides","dorei"
"ASV1859","Bacteria","Actinobacteriota","Coriobacteriia","Coriobacteriales","Eggerthellaceae","Eggerthella",NA
"ASV1860","Bacteria","Fusobacteriota","Fusobacteriia","Fusobacteriales","Fusobacteriaceae","Fusobacterium","simiae"
"ASV1861","Bacteria","Firmicutes","Bacilli","Lactobacillales","Streptococcaceae","Streptococcus",NA
"ASV1862","Bacteria","Actinobacteriota","Actinobacteria","Bifidobacteriales","Bifidobacteriaceae","Bifidobacterium",NA
"ASV1863","Bacteria",NA,NA,NA,NA,NA,NA
"ASV1864","Bacteria","Proteobacteria","Gammaproteobacteria","Enterobacterales","Enterobacteriaceae","Buttiauxella",NA
"ASV1865","Bacteria","Bacteroidota","Bacteroidia","Bacteroidales","Bacteroidaceae","Bacteroides",NA
"ASV1866","Bacteria","Actinobacteriota","Actinobacteria","Bifidobacteriales","Bifidobacteriaceae","Bifidobacterium",NA
"ASV1867","Bacteria","Bacteroidota","Bacteroidia","Bacteroidales","Bacteroidaceae","Bacteroides",NA
"ASV1868","Bacteria","Actinobacteriota","Actinobacteria","Bifidobacteriales","Bifidobacteriaceae","Bifidobacterium",NA
"ASV1869","Bacteria","Actinobacteriota","Actinobacteria","Bifidobacteriales","Bifidobacteriaceae","Bifidobacterium",NA
"ASV1870","Bacteria","Proteobacteria","Gammaproteobacteria","Enterobacterales",NA,NA,NA
"ASV1871","Bacteria","Proteobacteria","Gammaproteobacteria","Enterobacterales","Enterobacteriaceae",NA,NA
"ASV1872","Bacteria","Proteobacteria","Gammaproteobacteria","Pseudomonadales","Pseudomonadaceae","Pseudomonas","rhodesiae"
"ASV1873","Bacteria","Verrucomicrobiota","Verrucomicrobiae","Verrucomicrobiales","Akkermansiaceae","Akkermansia",NA
"ASV1874","Bacteria","Actinobacteriota","Actinobacteria","Bifidobacteriales","Bifidobacteriaceae","Bifidobacterium",NA
"ASV1875","Bacteria","Bacteroidota","Bacteroidia","Bacteroidales","Bacteroidaceae","Bacteroides",NA
"ASV1876","Bacteria","Actinobacteriota","Actinobacteria","Bifidobacteriales","Bifidobacteriaceae","Bifidobacterium",NA
"ASV1877","Bacteria","Bacteroidota","Bacteroidia","Bacteroidales","Bacteroidaceae","Bacteroides",NA
"ASV1878","Bacteria","Firmicutes","Negativicutes","Veillonellales-Selenomonadales","Veillonellaceae","Veillonella","dispar"
"ASV1879","Bacteria","Proteobacteria","Gammaproteobacteria","Enterobacterales","Enterobacteriaceae","Escherichia-Shigella",NA
"ASV1880","Bacteria","Actinobacteriota","Actinobacteria","Bifidobacteriales","Bifidobacteriaceae","Bifidobacterium","kashiwanohense"
"ASV1881","Bacteria","Actinobacteriota","Actinobacteria","Bifidobacteriales","Bifidobacteriaceae","Bifidobacterium",NA
"ASV1882","Bacteria","Firmicutes","Bacilli","Lactobacillales",NA,NA,NA
"ASV1883","Bacteria","Bacteroidota","Bacteroidia","Bacteroidales","Tannerellaceae","Parabacteroides",NA
"ASV1884","Bacteria","Proteobacteria","Gammaproteobacteria","Enterobacterales","Enterobacteriaceae",NA,NA
"ASV1885","Bacteria","Firmicutes","Clostridia","Eubacteriales","Eubacteriaceae","Eubacterium","callanderi"
"ASV1886","Bacteria","Bacteroidota","Bacteroidia","Bacteroidales",NA,NA,NA
"ASV1887","Bacteria","Actinobacteriota","Actinobacteria","Bifidobacteriales","Bifidobacteriaceae","Bifidobacterium",NA
"ASV1888","Bacteria","Actinobacteriota","Coriobacteriia","Coriobacteriales","Coriobacteriaceae","Collinsella","aerofaciens"
"ASV1889","Bacteria","Actinobacteriota","Actinobacteria","Bifidobacteriales","Bifidobacteriaceae","Bifidobacterium","breve"
"ASV1890","Bacteria","Firmicutes","Clostridia","Lachnospirales","Lachnospiraceae",NA,NA
"ASV1891","Bacteria","Actinobacteriota","Actinobacteria","Bifidobacteriales","Bifidobacteriaceae","Bifidobacterium",NA
"ASV1892","Bacteria","Firmicutes","Bacilli","Erysipelotrichales","Erysipelatoclostridiaceae","Erysipelatoclostridium","ramosum"
"ASV1893","Bacteria","Actinobacteriota","Actinobacteria","Bifidobacteriales","Bifidobacteriaceae","Bifidobacterium","ramosum"
"ASV1894","Bacteria","Proteobacteria","Gammaproteobacteria","Enterobacterales","Enterobacteriaceae",NA,NA
"ASV1895","Bacteria","Actinobacteriota",NA,NA,NA,NA,NA
"ASV1896","Bacteria","Actinobacteriota","Actinobacteria","Bifidobacteriales","Bifidobacteriaceae","Bifidobacterium","bifidum"
"ASV1897","Bacteria","Actinobacteriota","Actinobacteria","Bifidobacteriales","Bifidobacteriaceae","Bifidobacterium",NA
"ASV1898","Bacteria","Actinobacteriota","Actinobacteria","Actinomycetales","Actinomycetaceae","Actinomyces",NA
"ASV1899","Bacteria","Firmicutes","Bacilli","Lactobacillales","Enterococcaceae","Enterococcus",NA
"ASV1900","Bacteria","Firmicutes","Bacilli","Erysipelotrichales","Erysipelotrichaceae","[Clostridium] innocuum group","aff."
"ASV1901","Bacteria","Firmicutes","Clostridia","Lachnospirales","Lachnospiraceae","Blautia",NA
"ASV1902","Bacteria","Actinobacteriota","Actinobacteria","Bifidobacteriales","Bifidobacteriaceae","Bifidobacterium","breve"
"ASV1903","Bacteria","Proteobacteria","Gammaproteobacteria","Enterobacterales","Enterobacteriaceae",NA,NA
"ASV1904","Bacteria","Bacteroidota","Bacteroidia","Bacteroidales","Bacteroidaceae","Bacteroides","kribbi"
"ASV1905","Bacteria","Firmicutes","Clostridia","Clostridiales","Clostridiaceae","Clostridium sensu stricto 1",NA
"ASV1906","Bacteria","Firmicutes","Clostridia",NA,NA,NA,NA
"ASV1907","Bacteria","Actinobacteriota","Coriobacteriia","Coriobacteriales","Coriobacteriaceae","Collinsella","aerofaciens"
"ASV1908","Bacteria","Actinobacteriota","Actinobacteria","Bifidobacteriales","Bifidobacteriaceae","Bifidobacterium",NA
"ASV1909","Bacteria","Actinobacteriota","Actinobacteria","Bifidobacteriales","Bifidobacteriaceae","Bifidobacterium","bifidum"
"ASV1910","Bacteria","Firmicutes","Clostridia","Lachnospirales","Lachnospiraceae",NA,NA
"ASV1911",NA,NA,NA,NA,NA,NA,NA
"ASV1912","Bacteria","Actinobacteriota","Actinobacteria","Bifidobacteriales","Bifidobacteriaceae","Bifidobacterium",NA
"ASV1913","Bacteria","Firmicutes","Bacilli","Lactobacillales","Enterococcaceae","Enterococcus",NA
"ASV1914","Bacteria","Actinobacteriota","Actinobacteria","Actinomycetales","Actinomycetaceae","Varibaculum","cambriense"
"ASV1915","Bacteria","Proteobacteria","Gammaproteobacteria","Enterobacterales","Enterobacteriaceae","Escherichia-Shigella",NA
"ASV1916","Bacteria","Actinobacteriota","Actinobacteria","Bifidobacteriales","Bifidobacteriaceae","Bifidobacterium",NA
"ASV1917","Bacteria","Firmicutes","Clostridia","Oscillospirales","Ruminococcaceae","Incertae Sedis",NA
"ASV1918","Bacteria","Firmicutes","Clostridia","Monoglobales","Monoglobaceae","Monoglobus",NA
"ASV1919","Bacteria","Proteobacteria","Gammaproteobacteria","Enterobacterales","Enterobacteriaceae","Pluralibacter",NA
"ASV1920","Bacteria","Proteobacteria","Gammaproteobacteria","Enterobacterales","Enterobacteriaceae",NA,NA
"ASV1921","Bacteria","Firmicutes","Clostridia","Lachnospirales","Lachnospiraceae",NA,NA
"ASV1922","Bacteria","Proteobacteria","Gammaproteobacteria","Enterobacterales","Enterobacteriaceae","Escherichia-Shigella",NA
"ASV1923","Bacteria","Firmicutes","Bacilli","Lactobacillales",NA,NA,NA
"ASV1924","Bacteria","Firmicutes","Clostridia","Oscillospirales","Ruminococcaceae","Caproiciproducens",NA
"ASV1925","Bacteria","Bacteroidota","Bacteroidia","Bacteroidales","Bacteroidaceae","Bacteroides",NA
"ASV1926","Bacteria","Firmicutes","Bacilli","Lactobacillales",NA,NA,NA
"ASV1927","Bacteria","Proteobacteria","Gammaproteobacteria","Enterobacterales","Enterobacteriaceae",NA,NA
"ASV1928","Bacteria","Actinobacteriota","Actinobacteria","Bifidobacteriales","Bifidobacteriaceae","Bifidobacterium",NA
"ASV1929","Bacteria","Firmicutes","Bacilli","Lactobacillales","Streptococcaceae","Streptococcus","vestibularis"
"ASV1930","Bacteria","Firmicutes","Clostridia","Peptostreptococcales-Tissierellales","Peptostreptococcaceae",NA,NA
"ASV1931","Bacteria","Proteobacteria","Gammaproteobacteria","Enterobacterales","Enterobacteriaceae",NA,NA
"ASV1932","Bacteria","Firmicutes","Bacilli","Lactobacillales",NA,NA,NA
"ASV1933","Bacteria","Firmicutes","Clostridia","Peptostreptococcales-Tissierellales","Peptostreptococcaceae",NA,NA
"ASV1934","Bacteria","Bacteroidota","Bacteroidia","Bacteroidales","Bacteroidaceae","Bacteroides",NA
"ASV1935","Bacteria","Firmicutes","Clostridia","Lachnospirales","Lachnospiraceae",NA,NA
"ASV1936","Bacteria","Firmicutes","Bacilli","Lactobacillales","Enterococcaceae","Enterococcus",NA
"ASV1937","Bacteria","Actinobacteriota","Coriobacteriia","Coriobacteriales","Coriobacteriaceae","Collinsella",NA
"ASV1938","Bacteria","Verrucomicrobiota","Verrucomicrobiae","Verrucomicrobiales","Akkermansiaceae","Akkermansia","muciniphila"
"ASV1939","Bacteria","Firmicutes","Clostridia","Clostridiales","Clostridiaceae",NA,NA
"ASV1940","Bacteria","Bacteroidota","Bacteroidia","Bacteroidales","Tannerellaceae","Parabacteroides","distasonis"
"ASV1941","Bacteria","Actinobacteriota","Actinobacteria","Bifidobacteriales","Bifidobacteriaceae","Bifidobacterium",NA
"ASV1942","Bacteria","Firmicutes","Clostridia","Lachnospirales","Lachnospiraceae",NA,NA
"ASV1943","Bacteria","Proteobacteria","Gammaproteobacteria","Enterobacterales","Enterobacteriaceae",NA,NA
"ASV1944","Bacteria","Firmicutes","Bacilli","Lactobacillales","Enterococcaceae",NA,NA
"ASV1945","Bacteria","Bacteroidota","Bacteroidia","Bacteroidales","Bacteroidaceae","Bacteroides","vulgatus"
"ASV1946","Bacteria","Firmicutes","Clostridia","Lachnospirales","Lachnospiraceae",NA,NA
"ASV1947","Bacteria","Desulfobacterota","Desulfovibrionia","Desulfovibrionales","Desulfovibrionaceae","Bilophila",NA
"ASV1948","Bacteria","Firmicutes","Clostridia","Lachnospirales","Lachnospiraceae",NA,NA
"ASV1949","Bacteria","Bacteroidota","Bacteroidia","Bacteroidales","Bacteroidaceae","Bacteroides",NA
"ASV1950","Bacteria","Firmicutes","Clostridia","Lachnospirales","Lachnospiraceae",NA,NA
"ASV1951","Bacteria","Bacteroidota","Bacteroidia","Bacteroidales","Bacteroidaceae","Bacteroides","fragilis"
"ASV1952","Bacteria","Bacteroidota","Bacteroidia","Bacteroidales","Bacteroidaceae","Bacteroides","kribbi"
"ASV1953","Bacteria","Actinobacteriota","Coriobacteriia","Coriobacteriales","Coriobacteriaceae","Collinsella","aerofaciens"
"ASV1954","Bacteria","Actinobacteriota","Coriobacteriia","Coriobacteriales","Eggerthellaceae","Eggerthella",NA
"ASV1955","Bacteria","Bacteroidota","Bacteroidia","Bacteroidales","Bacteroidaceae","Bacteroides",NA
"ASV1956","Bacteria","Firmicutes","Bacilli","Lactobacillales","Enterococcaceae","Enterococcus",NA
"ASV1957","Bacteria","Actinobacteriota","Coriobacteriia","Coriobacteriales","Eggerthellaceae","Eggerthella",NA
"ASV1958","Bacteria","Firmicutes","Bacilli","Lactobacillales","Enterococcaceae",NA,NA
"ASV1959","Bacteria","Firmicutes","Bacilli","Lactobacillales",NA,NA,NA
"ASV1960","Bacteria","Firmicutes","Bacilli","Erysipelotrichales","Erysipelotrichaceae","Turicibacter",NA
"ASV1961","Bacteria","Actinobacteriota","Actinobacteria","Bifidobacteriales","Bifidobacteriaceae","Bifidobacterium",NA
"ASV1962","Bacteria","Firmicutes","Clostridia","Eubacteriales","Eubacteriaceae","Eubacterium","callanderi"
"ASV1963","Bacteria","Firmicutes","Bacilli","Lactobacillales","Streptococcaceae","Lactococcus",NA
"ASV1964","Bacteria","Proteobacteria","Alphaproteobacteria","Rhizobiales","Rhizobiaceae","Brucella",NA
"ASV1965","Bacteria","Firmicutes","Clostridia","Lachnospirales","Lachnospiraceae","Hungatella","hathewayi"
"ASV1966","Bacteria","Firmicutes","Bacilli","Lactobacillales","Enterococcaceae",NA,NA
"ASV1967","Bacteria","Actinobacteriota","Coriobacteriia","Coriobacteriales","Coriobacteriaceae","Collinsella",NA
"ASV1968","Bacteria","Actinobacteriota","Actinobacteria","Bifidobacteriales","Bifidobacteriaceae","Bifidobacterium",NA
"ASV1969","Bacteria","Firmicutes","Bacilli","Lactobacillales",NA,NA,NA
"ASV1970","Bacteria","Fusobacteriota","Fusobacteriia","Fusobacteriales","Fusobacteriaceae","Fusobacterium","nucleatum"
"ASV1971","Bacteria","Actinobacteriota","Actinobacteria","Bifidobacteriales","Bifidobacteriaceae","Bifidobacterium","bifidum"
"ASV1972","Bacteria","Proteobacteria","Gammaproteobacteria","Enterobacterales","Enterobacteriaceae",NA,NA
"ASV1973","Bacteria","Actinobacteriota","Coriobacteriia","Coriobacteriales","Eggerthellaceae","Eggerthella",NA
"ASV1974","Bacteria","Firmicutes","Clostridia","Lachnospirales","Lachnospiraceae",NA,NA
"ASV1975","Bacteria","Firmicutes","Clostridia","Lachnospirales","Lachnospiraceae",NA,NA
"ASV1976","Bacteria","Firmicutes","Negativicutes","Veillonellales-Selenomonadales","Veillonellaceae","Veillonella","atypica"
"ASV1977","Bacteria","Proteobacteria","Gammaproteobacteria","Enterobacterales",NA,NA,NA
"ASV1978","Bacteria","Bacteroidota","Bacteroidia","Bacteroidales","Bacteroidaceae","Bacteroides","fragilis"
"ASV1979","Bacteria","Proteobacteria","Gammaproteobacteria","Enterobacterales","Enterobacteriaceae",NA,NA
"ASV1980","Bacteria","Actinobacteriota","Actinobacteria","Bifidobacteriales","Bifidobacteriaceae","Bifidobacterium","kashiwanohense"
"ASV1981","Bacteria","Firmicutes","Clostridia","Lachnospirales","Lachnospiraceae",NA,NA
"ASV1982","Bacteria","Firmicutes","Clostridia","Lachnospirales","Lachnospiraceae",NA,NA
"ASV1983","Bacteria","Firmicutes","Clostridia","Lachnospirales","Lachnospiraceae","Hungatella",NA
"ASV1984","Bacteria","Firmicutes","Bacilli","Lactobacillales","Enterococcaceae","Enterococcus","faecalis"
"ASV1985","Bacteria","Firmicutes","Clostridia","Lachnospirales","Lachnospiraceae","Blautia","hansenii"
"ASV1986","Bacteria","Bacteroidota","Bacteroidia","Bacteroidales","Bacteroidaceae","Bacteroides","eggerthii"
"ASV1987","Bacteria","Bacteroidota","Bacteroidia","Bacteroidales","Bacteroidaceae","Bacteroides",NA
"ASV1988","Bacteria","Firmicutes","Negativicutes","Veillonellales-Selenomonadales","Veillonellaceae","Veillonella",NA
"ASV1989","Bacteria","Firmicutes","Clostridia","Lachnospirales","Lachnospiraceae",NA,NA
"ASV1990","Bacteria","Firmicutes","Clostridia","Eubacteriales","Eubacteriaceae","Eubacterium",NA
"ASV1991","Bacteria","Bacteroidota","Bacteroidia","Bacteroidales","Bacteroidaceae","Bacteroides",NA
"ASV1992","Bacteria","Firmicutes","Clostridia","Eubacteriales","Eubacteriaceae","Eubacterium","callanderi"
"ASV1993","Bacteria","Bacteroidota","Bacteroidia","Bacteroidales","Bacteroidaceae","Bacteroides","fragilis"
"ASV1994","Bacteria","Actinobacteriota","Actinobacteria","Bifidobacteriales","Bifidobacteriaceae","Bifidobacterium","kashiwanohense"
"ASV1995","Bacteria","Actinobacteriota","Actinobacteria","Bifidobacteriales","Bifidobacteriaceae","Bifidobacterium","ramosum"
"ASV1996","Bacteria","Firmicutes","Bacilli","Lactobacillales","Enterococcaceae","Enterococcus",NA
"ASV1997","Bacteria","Bacteroidota","Bacteroidia","Bacteroidales","Bacteroidaceae","Bacteroides","xylanisolvens"
"ASV1998","Bacteria",NA,NA,NA,NA,NA,NA
"ASV1999","Bacteria","Proteobacteria","Gammaproteobacteria","Enterobacterales","Enterobacteriaceae",NA,NA
"ASV2000","Bacteria","Firmicutes","Bacilli","Lactobacillales",NA,NA,NA
"ASV2001","Bacteria","Firmicutes","Bacilli","Lactobacillales","Lactobacillaceae",NA,NA
"ASV2002","Bacteria","Proteobacteria","Gammaproteobacteria","Enterobacterales","Enterobacteriaceae","Pluralibacter",NA
"ASV2003","Bacteria","Firmicutes","Clostridia","Clostridiales","Clostridiaceae","Clostridium sensu stricto 1","tertium"
"ASV2004","Bacteria","Actinobacteriota","Actinobacteria","Bifidobacteriales","Bifidobacteriaceae","Bifidobacterium",NA
"ASV2005","Bacteria","Proteobacteria","Gammaproteobacteria","Enterobacterales","Enterobacteriaceae",NA,NA
"ASV2006","Bacteria","Actinobacteriota","Actinobacteria","Bifidobacteriales","Bifidobacteriaceae","Bifidobacterium","breve"
"ASV2007","Bacteria","Bacteroidota","Bacteroidia","Bacteroidales","Bacteroidaceae","Bacteroides",NA
"ASV2008","Bacteria","Proteobacteria","Gammaproteobacteria","Enterobacterales","Enterobacteriaceae","Enterobacter",NA
"ASV2009","Bacteria","Actinobacteriota","Coriobacteriia","Coriobacteriales","Coriobacteriaceae","Collinsella",NA
"ASV2010","Bacteria","Firmicutes","Clostridia","Lachnospirales","Lachnospiraceae",NA,NA
"ASV2011","Bacteria","Proteobacteria","Alphaproteobacteria","Rhizobiales","Rhizobiaceae","Brucella",NA
"ASV2012","Bacteria","Firmicutes","Clostridia","Eubacteriales","Eubacteriaceae","Eubacterium","callanderi"
"ASV2013","Bacteria","Firmicutes","Clostridia","Lachnospirales","Lachnospiraceae","Hungatella",NA
"ASV2014","Bacteria","Firmicutes","Bacilli","Lactobacillales","Streptococcaceae","Streptococcus",NA
"ASV2015","Bacteria","Firmicutes","Bacilli","Staphylococcales","Staphylococcaceae","Staphylococcus",NA
"ASV2016","Bacteria","Bacteroidota","Bacteroidia","Bacteroidales","Bacteroidaceae","Bacteroides",NA
"ASV2017","Bacteria","Bacteroidota","Bacteroidia","Bacteroidales","Bacteroidaceae","Bacteroides",NA
"ASV2018","Bacteria","Actinobacteriota","Coriobacteriia","Coriobacteriales","Coriobacteriaceae","Collinsella","aerofaciens"
"ASV2019","Bacteria","Firmicutes","Clostridia","Eubacteriales","Eubacteriaceae","Eubacterium","callanderi"
"ASV2020","Bacteria","Actinobacteriota","Actinobacteria","Bifidobacteriales","Bifidobacteriaceae","Bifidobacterium","animalis"
"ASV2021","Bacteria","Proteobacteria","Gammaproteobacteria","Enterobacterales","Enterobacteriaceae","Escherichia-Shigella",NA
"ASV2022","Bacteria","Actinobacteriota","Actinobacteria","Bifidobacteriales","Bifidobacteriaceae","Bifidobacterium",NA
"ASV2023","Bacteria","Proteobacteria","Gammaproteobacteria","Enterobacterales","Enterobacteriaceae",NA,NA
"ASV2024","Bacteria","Desulfobacterota","Desulfovibrionia","Desulfovibrionales","Desulfovibrionaceae","Bilophila",NA
"ASV2025","Bacteria","Firmicutes","Clostridia","Lachnospirales","Lachnospiraceae",NA,NA
"ASV2026","Bacteria","Bacteroidota","Bacteroidia","Bacteroidales","Bacteroidaceae","Bacteroides",NA
"ASV2027","Bacteria","Firmicutes","Clostridia","Lachnospirales","Lachnospiraceae",NA,NA
"ASV2028","Bacteria","Firmicutes","Bacilli","Lactobacillales","Streptococcaceae","Streptococcus","anginosus"
"ASV2029","Bacteria","Firmicutes","Clostridia","Lachnospirales","Lachnospiraceae",NA,NA
"ASV2030","Bacteria","Firmicutes","Negativicutes","Veillonellales-Selenomonadales","Veillonellaceae","Anaeroglobus",NA
"ASV2031","Bacteria","Firmicutes","Clostridia","Clostridiales","Clostridiaceae","Clostridium sensu stricto 1",NA
"ASV2032","Bacteria","Actinobacteriota","Actinobacteria","Bifidobacteriales","Bifidobacteriaceae","Bifidobacterium",NA
"ASV2033","Bacteria","Firmicutes","Bacilli","Lactobacillales",NA,NA,NA
"ASV2034","Bacteria","Actinobacteriota","Coriobacteriia","Coriobacteriales","Coriobacteriaceae","Collinsella","aerofaciens"
"ASV2035","Bacteria","Proteobacteria","Gammaproteobacteria","Enterobacterales","Enterobacteriaceae",NA,NA
"ASV2036","Bacteria","Actinobacteriota","Actinobacteria","Bifidobacteriales","Bifidobacteriaceae","Bifidobacterium",NA
"ASV2037","Bacteria","Actinobacteriota","Actinobacteria","Bifidobacteriales","Bifidobacteriaceae","Bifidobacterium","longum"
"ASV2038","Bacteria","Actinobacteriota","Coriobacteriia","Coriobacteriales","Coriobacteriaceae","Collinsella",NA
"ASV2039","Bacteria","Actinobacteriota","Actinobacteria","Bifidobacteriales","Bifidobacteriaceae","Bifidobacterium","ramosum"
"ASV2040","Bacteria","Firmicutes","Negativicutes","Veillonellales-Selenomonadales","Veillonellaceae","Veillonella",NA
"ASV2041","Bacteria","Proteobacteria","Gammaproteobacteria","Enterobacterales","Enterobacteriaceae",NA,NA
"ASV2042","Bacteria","Actinobacteriota","Actinobacteria","Bifidobacteriales","Bifidobacteriaceae","Bifidobacterium",NA
"ASV2043","Bacteria","Proteobacteria","Gammaproteobacteria","Enterobacterales","Enterobacteriaceae",NA,NA
"ASV2044","Bacteria","Firmicutes","Clostridia","Lachnospirales","Lachnospiraceae","Blautia",NA
"ASV2045","Bacteria","Actinobacteriota","Coriobacteriia","Coriobacteriales","Coriobacteriaceae","Collinsella","aerofaciens"
"ASV2046","Bacteria","Firmicutes","Clostridia","Lachnospirales","Lachnospiraceae",NA,NA
"ASV2047","Bacteria","Firmicutes","Bacilli","Lactobacillales","Lactobacillaceae","Lacticaseibacillus",NA
"ASV2048","Bacteria","Firmicutes","Bacilli","Lactobacillales","Lactobacillaceae","Lacticaseibacillus",NA
"ASV2049","Bacteria","Proteobacteria","Gammaproteobacteria","Enterobacterales","Enterobacteriaceae","Escherichia-Shigella",NA
"ASV2050","Bacteria","Firmicutes","Bacilli","Lactobacillales","Enterococcaceae","Enterococcus",NA
"ASV2051","Bacteria","Firmicutes","Clostridia","Lachnospirales","Lachnospiraceae",NA,NA
"ASV2052","Bacteria","Firmicutes","Bacilli","Lactobacillales","Enterococcaceae","Enterococcus",NA
"ASV2053","Bacteria","Firmicutes","Clostridia","Lachnospirales","Lachnospiraceae","Sellimonas","intestinalis"
"ASV2054","Bacteria","Firmicutes","Clostridia","Lachnospirales","Lachnospiraceae",NA,NA
"ASV2055","Bacteria","Proteobacteria","Gammaproteobacteria","Enterobacterales",NA,NA,NA
"ASV2056","Bacteria","Firmicutes","Clostridia","Clostridiales","Clostridiaceae",NA,NA
"ASV2057","Bacteria","Firmicutes","Clostridia","Clostridiales","Clostridiaceae","Clostridium sensu stricto 1","perfringens"
"ASV2058","Bacteria","Actinobacteriota","Actinobacteria","Bifidobacteriales","Bifidobacteriaceae","Bifidobacterium","ramosum"
"ASV2059","Bacteria","Actinobacteriota","Actinobacteria","Bifidobacteriales","Bifidobacteriaceae","Bifidobacterium",NA
"ASV2060","Bacteria","Proteobacteria","Gammaproteobacteria","Enterobacterales","Enterobacteriaceae","Klebsiella","quasivariicola"
"ASV2061","Bacteria","Actinobacteriota","Actinobacteria","Bifidobacteriales","Bifidobacteriaceae","Bifidobacterium","longum"
"ASV2062","Bacteria","Verrucomicrobiota","Verrucomicrobiae","Verrucomicrobiales","Akkermansiaceae","Akkermansia","muciniphila"
"ASV2063","Bacteria","Firmicutes","Clostridia","Lachnospirales","Lachnospiraceae","Sellimonas",NA
"ASV2064","Bacteria","Firmicutes","Clostridia","Lachnospirales","Lachnospiraceae",NA,NA
"ASV2065","Bacteria","Bacteroidota","Bacteroidia","Bacteroidales","Tannerellaceae","Parabacteroides",NA
"ASV2066","Bacteria","Proteobacteria","Gammaproteobacteria","Enterobacterales",NA,NA,NA
"ASV2067","Bacteria","Firmicutes","Clostridia","Lachnospirales","Lachnospiraceae",NA,NA
"ASV2068","Bacteria","Firmicutes","Clostridia","Lachnospirales","Lachnospiraceae","Hungatella","hathewayi"
"ASV2069","Bacteria","Actinobacteriota","Actinobacteria","Bifidobacteriales","Bifidobacteriaceae","Bifidobacterium",NA
"ASV2070","Bacteria","Firmicutes","Clostridia","Lachnospirales","Lachnospiraceae",NA,NA
"ASV2071","Bacteria","Firmicutes","Bacilli","Lactobacillales",NA,NA,NA
"ASV2072","Bacteria","Firmicutes","Bacilli","Lactobacillales","Streptococcaceae","Streptococcus","vestibularis"
"ASV2073","Bacteria","Firmicutes","Clostridia","Lachnospirales","Lachnospiraceae",NA,NA
"ASV2074","Bacteria","Firmicutes","Clostridia","Lachnospirales","Lachnospiraceae","Blautia","wexlerae"
"ASV2075","Bacteria","Actinobacteriota","Actinobacteria","Bifidobacteriales","Bifidobacteriaceae","Bifidobacterium","kashiwanohense"
"ASV2076","Bacteria","Actinobacteriota","Coriobacteriia","Coriobacteriales","Coriobacteriaceae","Collinsella",NA
"ASV2077","Bacteria","Actinobacteriota","Actinobacteria","Bifidobacteriales","Bifidobacteriaceae","Bifidobacterium",NA
"ASV2078","Bacteria","Firmicutes","Bacilli","Lactobacillales","Lactobacillaceae","Lacticaseibacillus",NA
"ASV2079","Bacteria","Bacteroidota","Bacteroidia","Bacteroidales","Bacteroidaceae","Bacteroides",NA
"ASV2080","Bacteria","Proteobacteria","Gammaproteobacteria","Enterobacterales","Enterobacteriaceae",NA,NA
"ASV2081","Bacteria","Actinobacteriota","Actinobacteria","Actinomycetales","Actinomycetaceae","Varibaculum",NA
"ASV2082","Bacteria","Proteobacteria","Gammaproteobacteria","Enterobacterales","Enterobacteriaceae",NA,NA
"ASV2083","Bacteria","Firmicutes","Bacilli","Lactobacillales",NA,NA,NA
"ASV2084","Bacteria","Firmicutes","Bacilli","Erysipelotrichales","Erysipelatoclostridiaceae","Erysipelatoclostridium","ramosum"
"ASV2085","Bacteria","Firmicutes","Bacilli","Lactobacillales","Lactobacillaceae","Lactiplantibacillus",NA
"ASV2086","Bacteria","Firmicutes","Clostridia","Clostridiales","Clostridiaceae","Clostridium sensu stricto 1","baratii"
"ASV2087","Bacteria","Firmicutes","Clostridia","Lachnospirales","Lachnospiraceae","Blautia",NA
"ASV2088","Bacteria","Firmicutes","Clostridia","Lachnospirales","Lachnospiraceae","Hungatella","hathewayi"
"ASV2089","Bacteria","Actinobacteriota","Coriobacteriia","Coriobacteriales","Coriobacteriaceae","Collinsella","aerofaciens"
"ASV2090","Bacteria","Actinobacteriota","Actinobacteria",NA,NA,NA,NA
"ASV2091","Bacteria","Bacteroidota","Bacteroidia","Bacteroidales","Bacteroidaceae","Bacteroides","xylanisolvens"
"ASV2092","Bacteria","Actinobacteriota","Coriobacteriia","Coriobacteriales","Coriobacteriaceae","Collinsella","aerofaciens"
"ASV2093","Bacteria","Actinobacteriota","Coriobacteriia","Coriobacteriales","Coriobacteriaceae","Collinsella","aerofaciens"
"ASV2094","Bacteria","Proteobacteria","Gammaproteobacteria","Enterobacterales","Enterobacteriaceae","Enterobacter",NA
"ASV2095","Bacteria","Actinobacteriota","Actinobacteria","Bifidobacteriales","Bifidobacteriaceae","Bifidobacterium","longum"
"ASV2096","Bacteria","Actinobacteriota","Coriobacteriia","Coriobacteriales","Coriobacteriaceae","Collinsella",NA
"ASV2097","Bacteria","Firmicutes","Bacilli","Lactobacillales","Enterococcaceae","Enterococcus",NA
"ASV2098","Bacteria","Firmicutes","Clostridia","Lachnospirales","Lachnospiraceae","Blautia",NA
"ASV2099","Bacteria","Actinobacteriota","Coriobacteriia","Coriobacteriales","Coriobacteriaceae","Collinsella","aerofaciens"
"ASV2100","Bacteria","Firmicutes","Bacilli","Erysipelotrichales","Erysipelotrichaceae","[Clostridium] innocuum group",NA
"ASV2101","Bacteria","Firmicutes","Clostridia","Lachnospirales","Lachnospiraceae","Hungatella","hathewayi"
"ASV2102","Bacteria","Actinobacteriota","Actinobacteria","Bifidobacteriales","Bifidobacteriaceae","Bifidobacterium",NA
"ASV2103","Bacteria","Actinobacteriota","Actinobacteria","Bifidobacteriales","Bifidobacteriaceae","Bifidobacterium",NA
"ASV2104","Bacteria","Firmicutes","Clostridia","Lachnospirales","Lachnospiraceae","Blautia",NA
"ASV2105","Bacteria","Bacteroidota","Bacteroidia","Flavobacteriales","Weeksellaceae","Chryseobacterium",NA
"ASV2106","Bacteria","Actinobacteriota","Coriobacteriia","Coriobacteriales","Coriobacteriaceae","Collinsella","aerofaciens"
"ASV2107","Bacteria","Proteobacteria","Gammaproteobacteria","Enterobacterales","Enterobacteriaceae",NA,NA
"ASV2108","Bacteria","Actinobacteriota","Actinobacteria","Bifidobacteriales","Bifidobacteriaceae","Bifidobacterium","ramosum"
"ASV2109","Bacteria","Firmicutes","Bacilli","Lactobacillales","Streptococcaceae",NA,NA
"ASV2110","Bacteria","Firmicutes","Clostridia","Clostridiales","Clostridiaceae","Sarcina",NA
"ASV2111","Bacteria","Firmicutes","Clostridia","Lachnospirales","Lachnospiraceae",NA,NA
"ASV2112","Bacteria","Actinobacteriota","Coriobacteriia","Coriobacteriales","Eggerthellaceae","Eggerthella","lenta"
"ASV2113","Bacteria","Actinobacteriota","Actinobacteria","Actinomycetales","Actinomycetaceae","Varibaculum",NA
"ASV2114","Bacteria","Proteobacteria","Gammaproteobacteria","Enterobacterales","Pasteurellaceae","Haemophilus",NA
"ASV2115","Bacteria","Actinobacteriota","Actinobacteria","Bifidobacteriales","Bifidobacteriaceae","Bifidobacterium","longum"
"ASV2116","Bacteria","Firmicutes","Bacilli","Lactobacillales","Enterococcaceae","Enterococcus",NA
"ASV2117","Bacteria","Firmicutes","Bacilli","Lactobacillales","Lactobacillaceae","Lacticaseibacillus",NA
"ASV2118","Bacteria","Fusobacteriota","Fusobacteriia","Fusobacteriales","Fusobacteriaceae","Fusobacterium","nucleatum"
"ASV2119","Bacteria","Firmicutes","Bacilli","Lactobacillales","Enterococcaceae",NA,NA
"ASV2120","Bacteria","Actinobacteriota","Actinobacteria","Bifidobacteriales","Bifidobacteriaceae","Bifidobacterium","ramosum"
"ASV2121","Bacteria","Firmicutes","Clostridia","Eubacteriales","Eubacteriaceae","Eubacterium","callanderi"
"ASV2122","Bacteria","Actinobacteriota","Coriobacteriia","Coriobacteriales","Coriobacteriaceae","Collinsella",NA
"ASV2123","Bacteria","Actinobacteriota","Actinobacteria","Bifidobacteriales","Bifidobacteriaceae","Bifidobacterium","kashiwanohense"
"ASV2124","Bacteria","Firmicutes","Clostridia","Clostridiales","Clostridiaceae",NA,NA
"ASV2125","Bacteria","Firmicutes","Bacilli","Lactobacillales","Lactobacillaceae","Lactiplantibacillus",NA
"ASV2126","Bacteria","Firmicutes","Clostridia","Lachnospirales","Lachnospiraceae",NA,NA
"ASV2127","Bacteria","Firmicutes","Clostridia","Lachnospirales","Lachnospiraceae",NA,NA
"ASV2128","Bacteria","Actinobacteriota","Actinobacteria","Bifidobacteriales","Bifidobacteriaceae","Bifidobacterium",NA
"ASV2129","Bacteria","Firmicutes","Clostridia","Lachnospirales","Lachnospiraceae","Blautia",NA
"ASV2130","Bacteria","Bacteroidota","Bacteroidia","Bacteroidales","Bacteroidaceae","Bacteroides",NA
"ASV2131","Bacteria","Firmicutes","Bacilli","Lactobacillales","Streptococcaceae","Streptococcus","cristatus"
"ASV2132","Bacteria","Firmicutes","Negativicutes","Acidaminococcales","Acidaminococcaceae","Phascolarctobacterium","faecium"
"ASV2133","Bacteria","Firmicutes","Clostridia","Lachnospirales","Lachnospiraceae","Sellimonas",NA
"ASV2134","Bacteria","Firmicutes","Clostridia","Lachnospirales","Lachnospiraceae","Lachnospiraceae UCG-004",NA
"ASV2135","Bacteria","Firmicutes","Bacilli","Lactobacillales","Streptococcaceae","Streptococcus","thermophilus"
"ASV2136","Bacteria","Actinobacteriota","Actinobacteria","Bifidobacteriales","Bifidobacteriaceae","Bifidobacterium",NA
"ASV2137","Bacteria","Actinobacteriota","Actinobacteria","Bifidobacteriales","Bifidobacteriaceae","Bifidobacterium",NA
"ASV2138","Bacteria","Actinobacteriota","Coriobacteriia","Coriobacteriales","Coriobacteriaceae","Collinsella","aerofaciens"
"ASV2139","Bacteria","Firmicutes","Clostridia","Lachnospirales","Lachnospiraceae","Blautia",NA
"ASV2140","Bacteria","Actinobacteriota","Coriobacteriia","Coriobacteriales","Eggerthellaceae",NA,NA
"ASV2141","Bacteria","Firmicutes","Clostridia","Peptostreptococcales-Tissierellales","Peptostreptococcaceae",NA,NA
"ASV2142","Bacteria","Firmicutes","Clostridia","Lachnospirales","Lachnospiraceae",NA,NA
"ASV2143","Bacteria","Firmicutes","Bacilli","Lactobacillales","Streptococcaceae","Streptococcus",NA
"ASV2144","Bacteria","Firmicutes","Clostridia","Lachnospirales","Lachnospiraceae","Blautia",NA
"ASV2145","Bacteria","Actinobacteriota","Actinobacteria","Bifidobacteriales","Bifidobacteriaceae","Bifidobacterium",NA
"ASV2146","Bacteria","Bacteroidota","Bacteroidia","Bacteroidales","Bacteroidaceae","Bacteroides","kribbi"
"ASV2147","Bacteria","Firmicutes","Negativicutes","Veillonellales-Selenomonadales","Veillonellaceae","Veillonella","ratti"
"ASV2148","Bacteria","Patescibacteria","Saccharimonadia","Saccharimonadales","Saccharimonadaceae","TM7x",NA
"ASV2149","Bacteria","Proteobacteria","Gammaproteobacteria","Enterobacterales","Enterobacteriaceae",NA,NA
"ASV2150","Bacteria","Firmicutes","Bacilli","Lactobacillales",NA,NA,NA
"ASV2151","Bacteria","Verrucomicrobiota","Verrucomicrobiae","Verrucomicrobiales","Akkermansiaceae","Akkermansia","muciniphila"
"ASV2152","Bacteria","Bacteroidota","Bacteroidia","Bacteroidales","Bacteroidaceae","Bacteroides","vulgatus"
"ASV2153","Bacteria","Actinobacteriota","Actinobacteria","Bifidobacteriales","Bifidobacteriaceae","Bifidobacterium",NA
"ASV2154","Bacteria","Actinobacteriota","Coriobacteriia","Coriobacteriales","Coriobacteriaceae","Collinsella","aerofaciens"
"ASV2155","Bacteria","Proteobacteria","Gammaproteobacteria","Enterobacterales",NA,NA,NA
"ASV2156","Bacteria","Bacteroidota","Bacteroidia","Bacteroidales","Bacteroidaceae","Bacteroides","fragilis"
"ASV2157","Bacteria","Firmicutes","Bacilli","Lactobacillales","Enterococcaceae","Enterococcus",NA
"ASV2158","Bacteria","Firmicutes","Bacilli","Lactobacillales","Streptococcaceae","Streptococcus",NA
"ASV2159","Bacteria","Proteobacteria","Gammaproteobacteria",NA,NA,NA,NA
"ASV2160","Bacteria","Bacteroidota","Bacteroidia","Bacteroidales","Bacteroidaceae","Bacteroides",NA
"ASV2161","Bacteria","Verrucomicrobiota","Verrucomicrobiae","Verrucomicrobiales","Akkermansiaceae","Akkermansia","muciniphila"
"ASV2162","Bacteria","Firmicutes","Bacilli","Erysipelotrichales","Erysipelotrichaceae","[Clostridium] innocuum group",NA
"ASV2163","Bacteria","Bacteroidota","Bacteroidia","Bacteroidales","Tannerellaceae","Parabacteroides","distasonis"
"ASV2164","Bacteria","Firmicutes","Clostridia","Lachnospirales","Lachnospiraceae","Sellimonas","intestinalis"
"ASV2165","Bacteria","Firmicutes","Clostridia","Lachnospirales","Lachnospiraceae",NA,NA
"ASV2166","Bacteria","Actinobacteriota","Actinobacteria","Bifidobacteriales","Bifidobacteriaceae","Bifidobacterium",NA
"ASV2167","Bacteria","Firmicutes","Clostridia","Lachnospirales","Lachnospiraceae",NA,NA
"ASV2168","Bacteria","Firmicutes","Bacilli","Lactobacillales","Enterococcaceae",NA,NA
"ASV2169","Bacteria","Firmicutes","Bacilli","Staphylococcales","Staphylococcaceae","Staphylococcus",NA
"ASV2170","Bacteria","Firmicutes","Clostridia","Oscillospirales","Ruminococcaceae",NA,NA
"ASV2171","Bacteria","Firmicutes","Clostridia","Clostridiales","Clostridiaceae","Sarcina",NA
"ASV2172","Bacteria","Actinobacteriota","Actinobacteria","Bifidobacteriales","Bifidobacteriaceae","Bifidobacterium","ramosum"
"ASV2173","Bacteria","Firmicutes","Clostridia","Lachnospirales","Lachnospiraceae","Blautia",NA
"ASV2174","Bacteria","Proteobacteria","Gammaproteobacteria","Enterobacterales","Enterobacteriaceae","Kosakonia","sacchari"
"ASV2175","Bacteria","Firmicutes","Clostridia","Oscillospirales","Ruminococcaceae","Faecalibacterium",NA
"ASV2176","Bacteria","Desulfobacterota","Desulfovibrionia","Desulfovibrionales","Desulfovibrionaceae","Bilophila",NA
"ASV2177","Bacteria","Proteobacteria","Gammaproteobacteria","Pseudomonadales","Pseudomonadaceae","Pseudomonas",NA
"ASV2178","Bacteria","Firmicutes","Bacilli","Erysipelotrichales","Erysipelotrichaceae","[Clostridium] innocuum group","innocuum"
"ASV2179","Bacteria","Firmicutes","Clostridia","Lachnospirales","Lachnospiraceae",NA,NA
"ASV2180","Bacteria","Actinobacteriota","Actinobacteria","Bifidobacteriales","Bifidobacteriaceae","Bifidobacterium",NA
"ASV2181","Bacteria","Bacteroidota","Bacteroidia","Bacteroidales","Tannerellaceae","Parabacteroides",NA
"ASV2182","Bacteria","Proteobacteria","Gammaproteobacteria","Enterobacterales",NA,NA,NA
"ASV2183","Bacteria","Firmicutes","Clostridia","Lachnospirales","Lachnospiraceae","Blautia",NA
"ASV2184","Bacteria","Actinobacteriota",NA,NA,NA,NA,NA
"ASV2185","Bacteria","Firmicutes","Clostridia","Clostridiales","Clostridiaceae","Clostridium sensu stricto 1",NA
"ASV2186","Bacteria","Firmicutes","Clostridia","Eubacteriales","Eubacteriaceae","Eubacterium","callanderi"
"ASV2187","Bacteria","Actinobacteriota","Actinobacteria","Bifidobacteriales","Bifidobacteriaceae","Bifidobacterium",NA
"ASV2188","Bacteria","Proteobacteria","Gammaproteobacteria","Pseudomonadales","Pseudomonadaceae","Pseudomonas",NA
"ASV2189","Bacteria","Bacteroidota","Bacteroidia","Bacteroidales","Bacteroidaceae","Bacteroides","ovatus"
"ASV2190","Bacteria","Firmicutes","Clostridia","Oscillospirales",NA,NA,NA
"ASV2191","Bacteria","Proteobacteria","Gammaproteobacteria","Enterobacterales","Enterobacteriaceae","Atlantibacter",NA
"ASV2192","Bacteria","Proteobacteria","Gammaproteobacteria","Pseudomonadales","Pseudomonadaceae","Pseudomonas","rhodesiae"
"ASV2193","Bacteria","Bacteroidota","Bacteroidia","Bacteroidales","Bacteroidaceae","Bacteroides",NA
"ASV2194","Bacteria","Proteobacteria","Gammaproteobacteria","Enterobacterales","Enterobacteriaceae","Escherichia-Shigella",NA
"ASV2195","Bacteria","Bacteroidota","Bacteroidia","Bacteroidales","Bacteroidaceae","Bacteroides",NA
"ASV2196","Bacteria","Verrucomicrobiota","Verrucomicrobiae","Verrucomicrobiales","Akkermansiaceae","Akkermansia","muciniphila"
"ASV2197","Bacteria","Bacteroidota","Bacteroidia","Bacteroidales","Bacteroidaceae","Bacteroides",NA
"ASV2198","Bacteria","Firmicutes","Clostridia",NA,NA,NA,NA
"ASV2199","Bacteria","Firmicutes","Clostridia","Lachnospirales","Lachnospiraceae",NA,NA
"ASV2200","Bacteria","Firmicutes","Bacilli","Lactobacillales","Lactobacillaceae","Lacticaseibacillus",NA
"ASV2201","Bacteria","Proteobacteria","Gammaproteobacteria","Enterobacterales","Enterobacteriaceae","Salmonella",NA
"ASV2202","Bacteria","Firmicutes","Clostridia","Lachnospirales","Lachnospiraceae","Hungatella","hathewayi"
"ASV2203","Bacteria","Firmicutes","Bacilli","Lactobacillales","Enterococcaceae","Enterococcus",NA
"ASV2204","Bacteria","Actinobacteriota","Actinobacteria","Bifidobacteriales","Bifidobacteriaceae","Bifidobacterium",NA
"ASV2205","Bacteria","Bacteroidota","Bacteroidia","Bacteroidales","Bacteroidaceae","Bacteroides","vulgatus"
"ASV2206","Bacteria","Firmicutes","Clostridia","Clostridiales","Clostridiaceae",NA,NA
"ASV2207","Bacteria","Firmicutes","Bacilli","Erysipelotrichales","Erysipelatoclostridiaceae","Erysipelatoclostridium","ramosum"
"ASV2208","Bacteria","Firmicutes","Clostridia","Lachnospirales","Lachnospiraceae","Lachnobacterium","bovis"
"ASV2209","Bacteria","Firmicutes","Bacilli","Lactobacillales","Lactobacillaceae","Lactiplantibacillus",NA
"ASV2210","Bacteria","Actinobacteriota","Actinobacteria","Actinomycetales","Actinomycetaceae","Actinomyces","lingnae"
"ASV2211","Bacteria","Actinobacteriota","Actinobacteria","Actinomycetales","Actinomycetaceae","Actinomyces","graevenitzii"
"ASV2212","Bacteria","Firmicutes","Clostridia","Lachnospirales","Lachnospiraceae","Blautia",NA
"ASV2213","Bacteria","Firmicutes","Bacilli","Lactobacillales","Lactobacillaceae","Lacticaseibacillus",NA
"ASV2214","Bacteria","Bacteroidota","Bacteroidia","Bacteroidales","Tannerellaceae","Parabacteroides","distasonis"
"ASV2215","Bacteria","Firmicutes","Clostridia","Peptostreptococcales-Tissierellales","Peptostreptococcaceae",NA,NA
"ASV2216","Bacteria","Firmicutes","Bacilli","Lactobacillales","Streptococcaceae","Streptococcus",NA
"ASV2217","Bacteria","Proteobacteria","Gammaproteobacteria","Enterobacterales",NA,NA,NA
"ASV2218","Bacteria","Firmicutes","Clostridia","Eubacteriales","Eubacteriaceae","Eubacterium","callanderi"
"ASV2219","Bacteria","Firmicutes","Clostridia","Peptostreptococcales-Tissierellales","Family XI","Peptoniphilus","grossensis"
"ASV2220","Bacteria","Proteobacteria","Gammaproteobacteria","Pseudomonadales","Moraxellaceae","Acinetobacter","ursingii"
"ASV2221","Bacteria","Proteobacteria","Gammaproteobacteria",NA,NA,NA,NA
"ASV2222","Bacteria","Firmicutes","Bacilli","Erysipelotrichales","Erysipelotrichaceae","[Clostridium] innocuum group","innocuum"
"ASV2223","Bacteria","Firmicutes","Bacilli","Staphylococcales","Gemellaceae","Gemella","morbillorum"
"ASV2224","Bacteria","Proteobacteria","Gammaproteobacteria","Enterobacterales","Enterobacteriaceae","Escherichia-Shigella",NA
"ASV2225","Bacteria","Firmicutes","Bacilli","Lactobacillales","Streptococcaceae","Streptococcus",NA
"ASV2226","Bacteria","Proteobacteria","Gammaproteobacteria","Enterobacterales","Enterobacteriaceae",NA,NA
"ASV2227","Bacteria","Firmicutes","Clostridia","Lachnospirales","Lachnospiraceae",NA,NA
"ASV2228","Bacteria","Firmicutes","Bacilli","Lactobacillales","Enterococcaceae","Enterococcus",NA
"ASV2229","Bacteria","Firmicutes","Bacilli","Erysipelotrichales","Erysipelatoclostridiaceae","Erysipelatoclostridium","ramosum"
"ASV2230","Bacteria","Bacteroidota","Bacteroidia","Bacteroidales","Bacteroidaceae","Bacteroides","vulgatus"
"ASV2231","Bacteria",NA,NA,NA,NA,NA,NA
"ASV2232","Bacteria","Firmicutes","Clostridia","Eubacteriales","Eubacteriaceae","Eubacterium","callanderi"
"ASV2233","Bacteria","Fusobacteriota","Fusobacteriia","Fusobacteriales","Fusobacteriaceae","Fusobacterium",NA
"ASV2234","Bacteria","Actinobacteriota","Coriobacteriia","Coriobacteriales","Coriobacteriaceae","Collinsella","aerofaciens"
"ASV2235","Bacteria","Firmicutes","Clostridia","Lachnospirales","Lachnospiraceae",NA,NA
"ASV2236","Bacteria","Firmicutes","Clostridia","Lachnospirales","Lachnospiraceae","Blautia",NA
"ASV2237","Bacteria","Proteobacteria","Gammaproteobacteria","Enterobacterales","Enterobacteriaceae","Escherichia-Shigella",NA
"ASV2238","Bacteria","Desulfobacterota","Desulfovibrionia","Desulfovibrionales","Desulfovibrionaceae",NA,NA
"ASV2239","Bacteria","Bacteroidota","Bacteroidia","Bacteroidales","Bacteroidaceae","Bacteroides",NA
"ASV2240","Bacteria","Firmicutes","Clostridia","Lachnospirales","Lachnospiraceae",NA,NA
"ASV2241","Bacteria","Firmicutes","Bacilli","Lactobacillales","Enterococcaceae",NA,NA
"ASV2242","Bacteria","Bacteroidota","Bacteroidia","Bacteroidales","Tannerellaceae","Parabacteroides","distasonis"
"ASV2243","Bacteria","Actinobacteriota","Coriobacteriia","Coriobacteriales","Coriobacteriaceae","Collinsella",NA
"ASV2244","Bacteria","Actinobacteriota","Actinobacteria","Bifidobacteriales","Bifidobacteriaceae","Bifidobacterium",NA
"ASV2245","Bacteria","Firmicutes","Clostridia","Lachnospirales","Lachnospiraceae","Sellimonas","intestinalis"
"ASV2246","Bacteria","Proteobacteria","Gammaproteobacteria","Enterobacterales","Enterobacteriaceae","Enterobacter",NA
"ASV2247","Bacteria","Bacteroidota","Bacteroidia","Bacteroidales",NA,NA,NA
"ASV2248","Bacteria","Actinobacteriota","Actinobacteria",NA,NA,NA,NA
"ASV2249","Bacteria","Actinobacteriota","Actinobacteria","Bifidobacteriales","Bifidobacteriaceae","Bifidobacterium",NA
"ASV2250","Bacteria","Firmicutes","Bacilli","Lactobacillales",NA,NA,NA
"ASV2251","Bacteria","Proteobacteria","Gammaproteobacteria","Enterobacterales","Enterobacteriaceae","Escherichia-Shigella",NA
"ASV2252","Bacteria","Firmicutes","Clostridia","Eubacteriales","Eubacteriaceae",NA,NA
"ASV2253","Bacteria","Proteobacteria","Gammaproteobacteria","Enterobacterales","Enterobacteriaceae",NA,NA
"ASV2254","Bacteria","Actinobacteriota","Actinobacteria","Bifidobacteriales","Bifidobacteriaceae","Bifidobacterium","ramosum"
"ASV2255","Bacteria","Proteobacteria","Gammaproteobacteria","Enterobacterales","Enterobacteriaceae","Escherichia-Shigella","marmotae"
"ASV2256","Bacteria","Firmicutes","Bacilli","Lactobacillales","Streptococcaceae","Streptococcus","vestibularis"
"ASV2257","Bacteria","Proteobacteria","Gammaproteobacteria","Enterobacterales","Enterobacteriaceae",NA,NA
"ASV2258","Bacteria","Proteobacteria","Gammaproteobacteria","Enterobacterales","Enterobacteriaceae","Klebsiella","quasivariicola"
"ASV2259","Bacteria","Firmicutes","Clostridia","Peptostreptococcales-Tissierellales","Peptostreptococcaceae","Terrisporobacter","glycolicus"
"ASV2260","Bacteria","Proteobacteria","Gammaproteobacteria","Enterobacterales","Enterobacteriaceae","Enterobacter",NA
"ASV2261","Bacteria","Actinobacteriota","Actinobacteria","Actinomycetales","Actinomycetaceae","Actinomyces",NA
"ASV2262","Bacteria","Desulfobacterota","Desulfovibrionia","Desulfovibrionales","Desulfovibrionaceae","Bilophila","wadsworthia"
"ASV2263","Bacteria","Proteobacteria","Gammaproteobacteria","Enterobacterales","Enterobacteriaceae",NA,NA
"ASV2264","Bacteria","Actinobacteriota","Actinobacteria","Bifidobacteriales","Bifidobacteriaceae","Bifidobacterium","bifidum"
"ASV2265","Bacteria","Firmicutes","Negativicutes","Veillonellales-Selenomonadales","Veillonellaceae","Veillonella","parvula"
"ASV2266","Bacteria","Firmicutes","Clostridia","Lachnospirales","Lachnospiraceae",NA,NA
"ASV2267","Bacteria","Actinobacteriota","Actinobacteria","Bifidobacteriales","Bifidobacteriaceae","Bifidobacterium",NA
"ASV2268","Bacteria","Firmicutes","Clostridia","Lachnospirales","Lachnospiraceae",NA,NA
"ASV2269","Bacteria","Firmicutes","Negativicutes","Acidaminococcales","Acidaminococcaceae","Phascolarctobacterium","faecium"
"ASV2270","Bacteria","Proteobacteria","Gammaproteobacteria","Enterobacterales",NA,NA,NA
"ASV2271","Bacteria","Proteobacteria","Gammaproteobacteria","Enterobacterales","Enterobacteriaceae","Enterobacter","bugandensis"
"ASV2272","Bacteria","Proteobacteria","Gammaproteobacteria","Enterobacterales",NA,NA,NA
"ASV2273","Bacteria","Bacteroidota","Bacteroidia","Bacteroidales","Bacteroidaceae","Bacteroides","kribbi"
"ASV2274","Bacteria","Actinobacteriota","Actinobacteria","Bifidobacteriales","Bifidobacteriaceae","Bifidobacterium","breve"
"ASV2275","Bacteria","Firmicutes","Clostridia","Oscillospirales","Ruminococcaceae","Pygmaiobacter","massiliensis"
"ASV2276","Bacteria","Firmicutes","Bacilli","Lactobacillales",NA,NA,NA
"ASV2277","Bacteria","Proteobacteria","Gammaproteobacteria","Enterobacterales","Enterobacteriaceae",NA,NA
"ASV2278","Bacteria","Proteobacteria","Gammaproteobacteria","Enterobacterales","Morganellaceae","Morganella","morganii"
"ASV2279","Bacteria","Actinobacteriota","Coriobacteriia","Coriobacteriales","Coriobacteriaceae","Collinsella",NA
"ASV2280","Bacteria","Actinobacteriota","Actinobacteria","Actinomycetales","Actinomycetaceae","Actinomyces","graevenitzii"
"ASV2281","Bacteria","Firmicutes","Negativicutes","Veillonellales-Selenomonadales","Veillonellaceae","Veillonella","rogosae"
"ASV2282","Bacteria","Firmicutes","Clostridia","Eubacteriales","Eubacteriaceae","Eubacterium","callanderi"
"ASV2283","Bacteria","Firmicutes","Clostridia","Lachnospirales","Lachnospiraceae",NA,NA
"ASV2284","Bacteria","Firmicutes","Bacilli","Lactobacillales",NA,NA,NA
"ASV2285","Bacteria","Actinobacteriota","Actinobacteria","Actinomycetales","Actinomycetaceae","Varibaculum",NA
"ASV2286","Bacteria","Firmicutes","Clostridia","Eubacteriales","Eubacteriaceae","Eubacterium","callanderi"
"ASV2287","Bacteria","Actinobacteriota","Actinobacteria","Bifidobacteriales","Bifidobacteriaceae","Bifidobacterium","ramosum"
"ASV2288","Bacteria","Actinobacteriota","Actinobacteria","Actinomycetales","Actinomycetaceae","Varibaculum",NA
"ASV2289","Bacteria","Firmicutes","Clostridia","Lachnospirales","Lachnospiraceae",NA,NA
"ASV2290","Bacteria","Proteobacteria","Gammaproteobacteria","Enterobacterales",NA,NA,NA
"ASV2291","Bacteria","Bacteroidota","Bacteroidia","Bacteroidales","Bacteroidaceae","Bacteroides",NA
"ASV2292","Bacteria","Actinobacteriota","Actinobacteria","Bifidobacteriales","Bifidobacteriaceae","Bifidobacterium","breve"
"ASV2293","Bacteria","Firmicutes","Bacilli","Lactobacillales","Enterococcaceae","Enterococcus",NA
"ASV2294","Bacteria","Proteobacteria","Gammaproteobacteria","Enterobacterales","Enterobacteriaceae",NA,NA
"ASV2295","Bacteria","Firmicutes","Clostridia","Lachnospirales","Lachnospiraceae",NA,NA
"ASV2296","Bacteria","Proteobacteria","Gammaproteobacteria","Enterobacterales","Enterobacteriaceae",NA,NA
"ASV2297","Bacteria","Firmicutes","Negativicutes","Veillonellales-Selenomonadales","Veillonellaceae","Veillonella","parvula"
"ASV2298","Bacteria","Bacteroidota","Bacteroidia","Bacteroidales","Bacteroidaceae","Bacteroides",NA
"ASV2299","Bacteria","Actinobacteriota","Coriobacteriia","Coriobacteriales","Coriobacteriaceae","Collinsella",NA
"ASV2300","Bacteria","Actinobacteriota","Actinobacteria","Bifidobacteriales","Bifidobacteriaceae","Bifidobacterium",NA
"ASV2301","Bacteria","Firmicutes","Bacilli","Lactobacillales","Streptococcaceae","Streptococcus","vestibularis"
"ASV2302","Bacteria","Proteobacteria","Gammaproteobacteria","Enterobacterales","Enterobacteriaceae",NA,NA
"ASV2303","Bacteria","Actinobacteriota","Actinobacteria","Bifidobacteriales","Bifidobacteriaceae","Bifidobacterium","breve"
"ASV2304","Bacteria","Firmicutes","Clostridia","Lachnospirales","Lachnospiraceae","Blautia",NA
"ASV2305","Bacteria","Firmicutes","Clostridia","Lachnospirales","Lachnospiraceae","Sellimonas",NA
"ASV2306","Bacteria","Bacteroidota","Bacteroidia","Bacteroidales","Bacteroidaceae","Bacteroides","fragilis"
"ASV2307","Bacteria","Proteobacteria","Gammaproteobacteria","Enterobacterales","Enterobacteriaceae",NA,NA
"ASV2308","Bacteria","Proteobacteria","Gammaproteobacteria","Enterobacterales","Enterobacteriaceae",NA,NA
"ASV2309","Bacteria","Firmicutes","Bacilli","Lactobacillales","Enterococcaceae","Enterococcus",NA
"ASV2310","Bacteria","Firmicutes","Negativicutes","Veillonellales-Selenomonadales","Veillonellaceae","Veillonella","rogosae"
"ASV2311","Bacteria","Bacteroidota","Bacteroidia","Bacteroidales","Bacteroidaceae","Bacteroides","fragilis"
"ASV2312","Bacteria","Firmicutes","Bacilli","Lactobacillales",NA,NA,NA
"ASV2313","Bacteria","Bacteroidota","Bacteroidia","Bacteroidales","Bacteroidaceae","Bacteroides","fragilis"
"ASV2314","Bacteria","Actinobacteriota","Coriobacteriia","Coriobacteriales","Coriobacteriaceae","Collinsella",NA
"ASV2315","Bacteria","Actinobacteriota","Actinobacteria","Bifidobacteriales","Bifidobacteriaceae","Bifidobacterium","kashiwanohense"
"ASV2316","Bacteria","Firmicutes","Clostridia","Lachnospirales","Lachnospiraceae",NA,NA
"ASV2317","Bacteria","Actinobacteriota","Coriobacteriia","Coriobacteriales","Coriobacteriaceae","Collinsella","aerofaciens"
"ASV2318","Bacteria","Firmicutes","Bacilli","Erysipelotrichales","Erysipelotrichaceae","[Clostridium] innocuum group",NA
"ASV2319",NA,NA,NA,NA,NA,NA,NA
"ASV2320","Bacteria","Bacteroidota","Bacteroidia","Bacteroidales","Bacteroidaceae","Bacteroides","kribbi"
"ASV2321","Bacteria","Actinobacteriota","Actinobacteria","Bifidobacteriales","Bifidobacteriaceae","Bifidobacterium","ramosum"
"ASV2322","Bacteria","Firmicutes","Bacilli","Lactobacillales","Streptococcaceae","Streptococcus",NA
"ASV2323","Bacteria","Firmicutes","Clostridia","Lachnospirales","Lachnospiraceae","Hungatella","hathewayi"
"ASV2324","Bacteria","Firmicutes","Clostridia","Lachnospirales","Lachnospiraceae",NA,NA
"ASV2325","Bacteria","Firmicutes","Bacilli","Lactobacillales","Lactobacillaceae","Lactiplantibacillus",NA
"ASV2326","Bacteria","Firmicutes","Bacilli","Lactobacillales","Enterococcaceae","Enterococcus",NA
"ASV2327","Bacteria","Firmicutes","Clostridia","Lachnospirales","Lachnospiraceae","Hungatella","hathewayi"
"ASV2328","Bacteria","Firmicutes","Clostridia","Eubacteriales","Eubacteriaceae","Eubacterium","callanderi"
"ASV2329","Bacteria","Proteobacteria","Gammaproteobacteria","Enterobacterales","Enterobacteriaceae","Escherichia-Shigella","marmotae"
"ASV2330","Bacteria","Firmicutes","Clostridia","Lachnospirales","Lachnospiraceae",NA,NA
"ASV2331","Bacteria","Proteobacteria","Gammaproteobacteria","Enterobacterales","Erwiniaceae",NA,NA
"ASV2332","Bacteria","Proteobacteria","Gammaproteobacteria","Enterobacterales","Enterobacteriaceae","Escherichia-Shigella",NA
"ASV2333","Bacteria","Firmicutes","Clostridia","Eubacteriales","Eubacteriaceae","Eubacterium","callanderi"
"ASV2334","Bacteria","Actinobacteriota","Actinobacteria","Bifidobacteriales","Bifidobacteriaceae","Bifidobacterium",NA
"ASV2335","Bacteria","Firmicutes","Clostridia","Clostridiales","Clostridiaceae","Clostridium sensu stricto 1",NA
"ASV2336","Bacteria","Proteobacteria","Gammaproteobacteria","Enterobacterales","Enterobacteriaceae","Klebsiella","aerogenes"
"ASV2337","Bacteria","Bacteroidota","Bacteroidia","Bacteroidales","Bacteroidaceae","Bacteroides",NA
"ASV2338","Bacteria","Bacteroidota","Bacteroidia","Bacteroidales","Bacteroidaceae","Bacteroides","xylanisolvens"
"ASV2339","Bacteria","Proteobacteria","Gammaproteobacteria","Enterobacterales","Enterobacteriaceae",NA,NA
"ASV2340","Bacteria","Firmicutes","Clostridia","Lachnospirales","Lachnospiraceae",NA,NA
"ASV2341","Bacteria","Firmicutes","Negativicutes","Veillonellales-Selenomonadales","Veillonellaceae","Anaeroglobus",NA
"ASV2342","Bacteria","Proteobacteria","Gammaproteobacteria","Enterobacterales",NA,NA,NA
"ASV2343","Bacteria","Firmicutes","Bacilli","Lactobacillales","Enterococcaceae","Enterococcus",NA
"ASV2344","Bacteria","Firmicutes","Clostridia","Eubacteriales","Eubacteriaceae","Eubacterium","callanderi"
"ASV2345","Bacteria","Actinobacteriota","Actinobacteria","Bifidobacteriales","Bifidobacteriaceae","Bifidobacterium",NA
"ASV2346","Bacteria","Actinobacteriota","Actinobacteria","Bifidobacteriales","Bifidobacteriaceae","Bifidobacterium","ramosum"
"ASV2347","Bacteria","Bacteroidota","Bacteroidia","Bacteroidales","Bacteroidaceae","Bacteroides","vulgatus"
"ASV2348","Bacteria","Firmicutes","Negativicutes","Veillonellales-Selenomonadales","Veillonellaceae","Veillonella","ratti"
"ASV2349","Bacteria","Bacteroidota","Bacteroidia","Bacteroidales","Bacteroidaceae","Bacteroides","kribbi"
"ASV2350","Bacteria","Firmicutes","Clostridia","Lachnospirales","Lachnospiraceae","Hungatella","hathewayi"
"ASV2351","Bacteria","Actinobacteriota","Actinobacteria","Bifidobacteriales","Bifidobacteriaceae","Bifidobacterium",NA
"ASV2352","Bacteria","Actinobacteriota","Actinobacteria","Actinomycetales","Actinomycetaceae","Actinomyces",NA
"ASV2353","Bacteria","Actinobacteriota","Actinobacteria","Bifidobacteriales","Bifidobacteriaceae","Bifidobacterium",NA
"ASV2354","Bacteria","Actinobacteriota","Coriobacteriia","Coriobacteriales","Coriobacteriaceae","Collinsella",NA
"ASV2355","Bacteria","Firmicutes","Bacilli","Lactobacillales",NA,NA,NA
"ASV2356","Bacteria","Bacteroidota","Bacteroidia","Bacteroidales","Bacteroidaceae","Bacteroides","xylanisolvens"
"ASV2357","Bacteria","Firmicutes","Negativicutes","Veillonellales-Selenomonadales","Veillonellaceae","Megasphaera","micronuciformis"
"ASV2358","Bacteria","Firmicutes","Clostridia","Peptostreptococcales-Tissierellales","Peptostreptococcaceae",NA,NA
"ASV2359","Bacteria","Proteobacteria","Gammaproteobacteria","Enterobacterales","Enterobacteriaceae",NA,NA
"ASV2360","Bacteria","Bacteroidota","Bacteroidia","Bacteroidales","Bacteroidaceae","Bacteroides","kribbi"
"ASV2361","Bacteria","Firmicutes","Bacilli","Lactobacillales","Enterococcaceae",NA,NA
"ASV2362","Bacteria","Firmicutes","Clostridia","Monoglobales","Monoglobaceae","Monoglobus",NA
"ASV2363","Bacteria","Firmicutes","Clostridia","Oscillospirales","Ruminococcaceae","Faecalibacterium",NA
"ASV2364","Bacteria","Actinobacteriota","Actinobacteria","Bifidobacteriales","Bifidobacteriaceae","Bifidobacterium",NA
"ASV2365","Bacteria","Bacteroidota","Bacteroidia","Bacteroidales",NA,NA,NA
"ASV2366","Bacteria","Actinobacteriota","Actinobacteria","Bifidobacteriales","Bifidobacteriaceae","Bifidobacterium",NA
"ASV2367","Bacteria","Firmicutes","Clostridia","Oscillospirales","Ruminococcaceae",NA,NA
"ASV2368","Bacteria","Firmicutes","Clostridia","Clostridiales","Clostridiaceae",NA,NA
"ASV2369","Bacteria","Proteobacteria","Gammaproteobacteria","Enterobacterales",NA,NA,NA
"ASV2370","Bacteria","Bacteroidota","Bacteroidia","Bacteroidales","Bacteroidaceae","Bacteroides","kribbi"
"ASV2371","Bacteria","Firmicutes","Clostridia","Peptostreptococcales-Tissierellales","Peptostreptococcaceae",NA,NA
"ASV2372","Bacteria","Bacteroidota","Bacteroidia","Bacteroidales","Tannerellaceae","Parabacteroides","distasonis"
"ASV2373","Bacteria","Actinobacteriota","Coriobacteriia","Coriobacteriales","Coriobacteriaceae","Collinsella",NA
"ASV2374","Bacteria","Firmicutes","Negativicutes","Veillonellales-Selenomonadales","Veillonellaceae","Veillonella",NA
"ASV2375","Bacteria","Firmicutes","Clostridia","Lachnospirales","Lachnospiraceae","Hungatella",NA
"ASV2376","Bacteria","Firmicutes","Clostridia","Clostridiales","Clostridiaceae",NA,NA
"ASV2377","Bacteria","Bacteroidota","Bacteroidia","Bacteroidales","Bacteroidaceae","Bacteroides",NA
"ASV2378","Bacteria","Desulfobacterota","Desulfovibrionia","Desulfovibrionales","Desulfovibrionaceae","Bilophila",NA
"ASV2379","Bacteria","Actinobacteriota","Actinobacteria","Bifidobacteriales","Bifidobacteriaceae","Bifidobacterium",NA
"ASV2380","Bacteria","Firmicutes","Bacilli","Lactobacillales","Lactobacillaceae","Lacticaseibacillus",NA
"ASV2381","Bacteria","Firmicutes","Negativicutes","Veillonellales-Selenomonadales","Veillonellaceae","Anaeroglobus",NA
"ASV2382","Bacteria","Firmicutes","Bacilli","Lactobacillales","Enterococcaceae","Enterococcus","faecalis"
"ASV2383","Bacteria","Actinobacteriota","Actinobacteria","Bifidobacteriales","Bifidobacteriaceae","Bifidobacterium",NA
"ASV2384","Bacteria","Bacteroidota","Bacteroidia","Bacteroidales","Tannerellaceae","Parabacteroides","distasonis"
"ASV2385","Bacteria","Bacteroidota","Bacteroidia","Bacteroidales","Bacteroidaceae","Bacteroides","vulgatus"
"ASV2386","Bacteria","Firmicutes","Clostridia","Clostridiales","Clostridiaceae","Clostridium sensu stricto 1",NA
"ASV2387","Bacteria","Firmicutes","Clostridia","Clostridiales","Clostridiaceae","Clostridium sensu stricto 1","perfringens"
"ASV2388","Bacteria","Proteobacteria","Gammaproteobacteria","Enterobacterales","Enterobacteriaceae","Enterobacter",NA
"ASV2389","Bacteria","Actinobacteriota","Actinobacteria","Bifidobacteriales","Bifidobacteriaceae","Bifidobacterium",NA
"ASV2390","Bacteria",NA,NA,NA,NA,NA,NA
"ASV2391","Bacteria","Firmicutes","Clostridia","Lachnospirales","Lachnospiraceae","Anaerostipes",NA
"ASV2392","Bacteria","Actinobacteriota","Coriobacteriia","Coriobacteriales","Coriobacteriaceae","Collinsella",NA
"ASV2393","Bacteria",NA,NA,NA,NA,NA,NA
"ASV2394","Bacteria","Actinobacteriota","Coriobacteriia","Coriobacteriales","Coriobacteriaceae","Collinsella","aerofaciens"
"ASV2395","Bacteria","Actinobacteriota","Actinobacteria","Bifidobacteriales","Bifidobacteriaceae","Bifidobacterium","bifidum"
"ASV2396","Bacteria","Cyanobacteria","Cyanobacteriia","Chloroplast",NA,NA,NA
"ASV2397","Bacteria","Actinobacteriota","Actinobacteria","Actinomycetales","Actinomycetaceae","Arcanobacterium",NA
"ASV2398","Bacteria","Firmicutes","Clostridia","Clostridiales","Clostridiaceae",NA,NA
"ASV2399","Bacteria","Firmicutes","Bacilli","Staphylococcales","Gemellaceae","Gemella","haemolysans"
"ASV2400","Bacteria","Firmicutes","Clostridia","Eubacteriales","Eubacteriaceae","Eubacterium","callanderi"
"ASV2401","Bacteria","Actinobacteriota","Coriobacteriia","Coriobacteriales","Coriobacteriaceae","Collinsella",NA
"ASV2402","Bacteria","Actinobacteriota","Actinobacteria","Bifidobacteriales","Bifidobacteriaceae","Bifidobacterium","bifidum"
"ASV2403","Bacteria","Proteobacteria","Gammaproteobacteria","Enterobacterales","Enterobacteriaceae","Escherichia-Shigella","marmotae"
"ASV2404","Bacteria","Firmicutes","Bacilli","Lactobacillales","Streptococcaceae","Streptococcus",NA
"ASV2405","Bacteria","Firmicutes","Bacilli","Lactobacillales","Lactobacillaceae","Lactobacillus",NA
"ASV2406","Bacteria","Firmicutes","Clostridia","Eubacteriales","Eubacteriaceae","Eubacterium","callanderi"
"ASV2407","Bacteria","Verrucomicrobiota","Verrucomicrobiae","Verrucomicrobiales","Akkermansiaceae","Akkermansia",NA
"ASV2408","Bacteria","Actinobacteriota","Actinobacteria","Bifidobacteriales","Bifidobacteriaceae","Bifidobacterium",NA
"ASV2409","Bacteria","Firmicutes","Clostridia","Lachnospirales","Lachnospiraceae","Hungatella","hathewayi"
"ASV2410","Bacteria","Firmicutes","Negativicutes","Veillonellales-Selenomonadales","Veillonellaceae","Megasphaera","micronuciformis"
"ASV2411","Bacteria","Proteobacteria","Gammaproteobacteria","Enterobacterales","Enterobacteriaceae",NA,NA
"ASV2412","Bacteria","Firmicutes","Bacilli","Lactobacillales","Enterococcaceae","Enterococcus",NA
"ASV2413","Bacteria","Actinobacteriota","Actinobacteria","Bifidobacteriales","Bifidobacteriaceae","Bifidobacterium",NA
"ASV2414","Bacteria","Proteobacteria","Gammaproteobacteria","Enterobacterales",NA,NA,NA
"ASV2415","Bacteria","Firmicutes","Clostridia","Lachnospirales","Lachnospiraceae","Sellimonas","intestinalis"
"ASV2416","Bacteria","Actinobacteriota","Coriobacteriia","Coriobacteriales","Eggerthellaceae","Eggerthella",NA
"ASV2417","Bacteria","Firmicutes","Clostridia","Clostridiales","Clostridiaceae",NA,NA
"ASV2418","Bacteria","Firmicutes","Bacilli","Lactobacillales","Streptococcaceae","Streptococcus",NA
"ASV2419","Bacteria","Actinobacteriota","Actinobacteria","Bifidobacteriales","Bifidobacteriaceae","Bifidobacterium",NA
"ASV2420","Bacteria","Proteobacteria","Gammaproteobacteria","Enterobacterales","Enterobacteriaceae",NA,NA
"ASV2421","Bacteria","Proteobacteria","Gammaproteobacteria","Enterobacterales","Enterobacteriaceae",NA,NA
"ASV2422","Bacteria","Firmicutes","Clostridia","Lachnospirales","Lachnospiraceae",NA,NA
"ASV2423","Bacteria","Proteobacteria","Gammaproteobacteria","Enterobacterales",NA,NA,NA
"ASV2424","Bacteria","Actinobacteriota","Actinobacteria","Micrococcales","Micrococcaceae","Rothia","mucilaginosa"
"ASV2425","Bacteria","Firmicutes","Bacilli","Lactobacillales","Enterococcaceae","Enterococcus",NA
"ASV2426","Bacteria","Actinobacteriota","Actinobacteria","Bifidobacteriales","Bifidobacteriaceae","Bifidobacterium","breve"
"ASV2427","Bacteria","Actinobacteriota","Actinobacteria","Bifidobacteriales","Bifidobacteriaceae","Bifidobacterium","longum"
"ASV2428","Bacteria","Bacteroidota","Bacteroidia","Bacteroidales","Bacteroidaceae","Bacteroides","xylanisolvens"
"ASV2429","Bacteria","Firmicutes","Clostridia","Lachnospirales","Lachnospiraceae","Blautia",NA
"ASV2430","Bacteria","Firmicutes","Bacilli","Lactobacillales","Lactobacillaceae","Lactiplantibacillus",NA
"ASV2431","Bacteria","Firmicutes","Bacilli","Lactobacillales","Streptococcaceae","Streptococcus",NA
"ASV2432","Bacteria","Actinobacteriota","Actinobacteria","Bifidobacteriales","Bifidobacteriaceae","Bifidobacterium","bifidum"
"ASV2433","Bacteria","Proteobacteria","Gammaproteobacteria","Enterobacterales","Enterobacteriaceae",NA,NA
"ASV2434","Bacteria","Actinobacteriota","Actinobacteria","Bifidobacteriales","Bifidobacteriaceae","Bifidobacterium","ramosum"
"ASV2435","Bacteria","Proteobacteria","Gammaproteobacteria","Enterobacterales","Enterobacteriaceae","Escherichia-Shigella",NA
"ASV2436","Bacteria","Actinobacteriota","Actinobacteria","Micrococcales","Micrococcaceae","Rothia","mucilaginosa"
"ASV2437","Bacteria","Proteobacteria","Gammaproteobacteria","Enterobacterales","Enterobacteriaceae",NA,NA
"ASV2438","Bacteria","Actinobacteriota","Actinobacteria","Bifidobacteriales","Bifidobacteriaceae","Bifidobacterium",NA
"ASV2439","Bacteria","Actinobacteriota","Actinobacteria","Bifidobacteriales","Bifidobacteriaceae","Bifidobacterium",NA
"ASV2440","Bacteria","Actinobacteriota","Actinobacteria","Bifidobacteriales","Bifidobacteriaceae","Bifidobacterium","ramosum"
"ASV2441","Bacteria","Proteobacteria","Gammaproteobacteria","Enterobacterales","Enterobacteriaceae",NA,NA
"ASV2442","Bacteria","Actinobacteriota","Actinobacteria","Bifidobacteriales","Bifidobacteriaceae","Bifidobacterium",NA
"ASV2443","Bacteria","Firmicutes","Clostridia","Lachnospirales","Lachnospiraceae","Hungatella","hathewayi"
"ASV2444","Bacteria","Bacteroidota","Bacteroidia","Bacteroidales","Bacteroidaceae","Bacteroides",NA
"ASV2445","Bacteria","Firmicutes","Clostridia","Clostridiales","Clostridiaceae","Clostridium sensu stricto 1",NA
"ASV2446","Bacteria","Firmicutes","Clostridia","Lachnospirales","Lachnospiraceae",NA,NA
"ASV2447","Bacteria","Firmicutes","Clostridia","Lachnospirales","Lachnospiraceae","Blautia",NA
"ASV2448","Bacteria","Firmicutes","Bacilli","Lactobacillales","Streptococcaceae","Streptococcus","vestibularis"
"ASV2449","Bacteria","Actinobacteriota","Actinobacteria","Bifidobacteriales","Bifidobacteriaceae","Bifidobacterium","ramosum"
"ASV2450","Bacteria","Firmicutes","Clostridia","Clostridiales","Clostridiaceae","Clostridium sensu stricto 1","perfringens"
"ASV2451","Bacteria","Bacteroidota","Bacteroidia","Bacteroidales","Bacteroidaceae","Bacteroides",NA
"ASV2452","Bacteria","Firmicutes","Clostridia","Eubacteriales","Eubacteriaceae","Eubacterium","callanderi"
"ASV2453","Bacteria",NA,NA,NA,NA,NA,NA
"ASV2454","Bacteria","Actinobacteriota","Actinobacteria","Bifidobacteriales","Bifidobacteriaceae","Bifidobacterium","bifidum"
"ASV2455","Bacteria","Actinobacteriota","Actinobacteria","Micrococcales",NA,NA,NA
"ASV2456","Bacteria","Firmicutes","Clostridia","Eubacteriales","Eubacteriaceae","Eubacterium","callanderi"
"ASV2457","Bacteria","Bacteroidota","Bacteroidia","Bacteroidales","Bacteroidaceae","Bacteroides","vulgatus"
"ASV2458","Bacteria","Actinobacteriota","Actinobacteria","Bifidobacteriales","Bifidobacteriaceae","Bifidobacterium","bifidum"
"ASV2459","Bacteria","Bacteroidota","Bacteroidia","Bacteroidales","Bacteroidaceae","Bacteroides","kribbi"
"ASV2460","Bacteria","Campylobacterota","Campylobacteria","Campylobacterales","Campylobacteraceae","Campylobacter","gracilis"
"ASV2461","Bacteria","Bacteroidota","Bacteroidia","Bacteroidales","Bacteroidaceae","Bacteroides","fragilis"
"ASV2462","Bacteria","Bacteroidota","Bacteroidia","Bacteroidales","Tannerellaceae","Parabacteroides",NA
"ASV2463","Bacteria","Firmicutes","Clostridia","Clostridiales","Clostridiaceae",NA,NA
"ASV2464","Bacteria","Firmicutes","Clostridia","Lachnospirales","Lachnospiraceae","Hungatella","hathewayi"
"ASV2465","Bacteria","Actinobacteriota","Actinobacteria","Bifidobacteriales","Bifidobacteriaceae","Bifidobacterium","ramosum"
"ASV2466","Bacteria","Firmicutes","Bacilli","Lactobacillales","Enterococcaceae","Enterococcus",NA
"ASV2467","Bacteria","Actinobacteriota","Actinobacteria","Bifidobacteriales","Bifidobacteriaceae","Bifidobacterium","ramosum"
"ASV2468","Bacteria","Firmicutes","Bacilli","Lactobacillales",NA,NA,NA
"ASV2469","Bacteria","Bacteroidota","Bacteroidia","Bacteroidales","Bacteroidaceae","Bacteroides",NA
"ASV2470","Bacteria","Proteobacteria","Gammaproteobacteria","Enterobacterales","Enterobacteriaceae","Enterobacter",NA
"ASV2471","Bacteria","Actinobacteriota","Actinobacteria","Bifidobacteriales","Bifidobacteriaceae","Bifidobacterium","ramosum"
"ASV2472","Bacteria","Firmicutes","Negativicutes","Acidaminococcales","Acidaminococcaceae","Phascolarctobacterium","faecium"
"ASV2473","Bacteria","Actinobacteriota","Actinobacteria","Bifidobacteriales","Bifidobacteriaceae","Bifidobacterium",NA
"ASV2474","Bacteria","Firmicutes","Bacilli","Erysipelotrichales","Erysipelotrichaceae","Turicibacter",NA
"ASV2475","Bacteria","Firmicutes","Clostridia","Clostridiales","Clostridiaceae",NA,NA
"ASV2476","Bacteria","Firmicutes","Clostridia","Lachnospirales","Lachnospiraceae",NA,NA
"ASV2477","Bacteria","Actinobacteriota","Actinobacteria","Bifidobacteriales","Bifidobacteriaceae","Bifidobacterium",NA
"ASV2478","Bacteria","Actinobacteriota","Coriobacteriia","Coriobacteriales","Eggerthellaceae",NA,NA
"ASV2479","Bacteria","Firmicutes","Bacilli","Lactobacillales","Carnobacteriaceae","Granulicatella","adiacens"
"ASV2480","Bacteria","Firmicutes","Clostridia","Lachnospirales","Lachnospiraceae","Hungatella","hathewayi"
"ASV2481","Bacteria","Proteobacteria","Gammaproteobacteria","Enterobacterales","Enterobacteriaceae",NA,NA
"ASV2482","Bacteria","Actinobacteriota","Coriobacteriia","Coriobacteriales","Eggerthellaceae","Eggerthella",NA
"ASV2483","Bacteria","Actinobacteriota","Actinobacteria","Bifidobacteriales","Bifidobacteriaceae","Bifidobacterium",NA
"ASV2484","Bacteria","Firmicutes","Clostridia","Eubacteriales","Eubacteriaceae","Eubacterium","callanderi"
"ASV2485","Bacteria","Firmicutes","Clostridia","Clostridiales","Clostridiaceae",NA,NA
"ASV2486","Bacteria","Actinobacteriota","Actinobacteria","Bifidobacteriales","Bifidobacteriaceae","Bifidobacterium","kashiwanohense"
"ASV2487","Bacteria","Bacteroidota","Bacteroidia","Bacteroidales","Bacteroidaceae","Bacteroides",NA
"ASV2488","Bacteria","Bacteroidota","Bacteroidia","Bacteroidales","Tannerellaceae","Parabacteroides",NA
"ASV2489","Bacteria","Bacteroidota","Bacteroidia","Bacteroidales","Tannerellaceae","Parabacteroides",NA
"ASV2490","Bacteria","Proteobacteria","Gammaproteobacteria","Enterobacterales","Enterobacteriaceae","Escherichia-Shigella",NA
"ASV2491","Bacteria","Bacteroidota","Bacteroidia","Bacteroidales","Tannerellaceae","Parabacteroides",NA
"ASV2492","Bacteria","Firmicutes","Clostridia","Lachnospirales","Lachnospiraceae",NA,NA
"ASV2493","Bacteria","Firmicutes","Bacilli","Lactobacillales","Lactobacillaceae","Lactiplantibacillus",NA
"ASV2494","Bacteria","Firmicutes","Clostridia","Clostridiales","Clostridiaceae","Sarcina",NA
"ASV2495","Bacteria","Actinobacteriota","Actinobacteria","Bifidobacteriales","Bifidobacteriaceae","Bifidobacterium",NA
"ASV2496","Bacteria","Actinobacteriota","Actinobacteria","Bifidobacteriales","Bifidobacteriaceae","Bifidobacterium",NA
"ASV2497","Bacteria","Firmicutes","Clostridia","Lachnospirales","Lachnospiraceae",NA,NA
"ASV2498","Bacteria","Firmicutes","Bacilli","Lactobacillales","Enterococcaceae","Enterococcus",NA
"ASV2499","Bacteria","Verrucomicrobiota","Verrucomicrobiae","Verrucomicrobiales","Akkermansiaceae","Akkermansia",NA
"ASV2500","Bacteria","Bacteroidota","Bacteroidia","Bacteroidales","Bacteroidaceae","Bacteroides","xylanisolvens"
"ASV2501","Bacteria","Firmicutes","Clostridia","Lachnospirales","Lachnospiraceae",NA,NA
"ASV2502","Bacteria","Proteobacteria","Gammaproteobacteria","Enterobacterales","Enterobacteriaceae","Escherichia-Shigella",NA
"ASV2503","Bacteria","Firmicutes","Clostridia","Lachnospirales","Lachnospiraceae",NA,NA
"ASV2504","Bacteria","Firmicutes","Clostridia","Lachnospirales","Lachnospiraceae",NA,NA
"ASV2505","Bacteria","Actinobacteriota","Actinobacteria","Bifidobacteriales","Bifidobacteriaceae","Bifidobacterium",NA
"ASV2506","Bacteria","Actinobacteriota","Actinobacteria","Bifidobacteriales","Bifidobacteriaceae","Bifidobacterium","kashiwanohense"
"ASV2507","Bacteria","Firmicutes","Clostridia","Oscillospirales","Ruminococcaceae","Pygmaiobacter","massiliensis"
"ASV2508","Bacteria","Firmicutes","Bacilli","Lactobacillales","Streptococcaceae","Streptococcus",NA
"ASV2509","Bacteria","Firmicutes","Clostridia","Lachnospirales","Lachnospiraceae",NA,NA
"ASV2510","Bacteria","Firmicutes","Clostridia","Eubacteriales","Eubacteriaceae","Eubacterium","callanderi"
"ASV2511","Bacteria","Firmicutes","Clostridia","Lachnospirales","Lachnospiraceae","Hungatella","hathewayi"
"ASV2512","Bacteria","Actinobacteriota","Actinobacteria","Bifidobacteriales","Bifidobacteriaceae","Bifidobacterium","breve"
"ASV2513","Bacteria","Proteobacteria","Gammaproteobacteria","Enterobacterales","Enterobacteriaceae","Enterobacter",NA
"ASV2514","Bacteria","Proteobacteria","Gammaproteobacteria","Enterobacterales","Enterobacteriaceae",NA,NA
"ASV2515","Bacteria","Firmicutes","Bacilli","Lactobacillales","Enterococcaceae","Enterococcus",NA
"ASV2516","Bacteria","Bacteroidota","Bacteroidia","Bacteroidales","Bacteroidaceae","Bacteroides",NA
"ASV2517","Bacteria","Actinobacteriota","Actinobacteria","Bifidobacteriales","Bifidobacteriaceae","Bifidobacterium",NA
"ASV2518","Bacteria","Actinobacteriota","Actinobacteria","Bifidobacteriales","Bifidobacteriaceae","Bifidobacterium",NA
"ASV2519","Bacteria","Bacteroidota","Bacteroidia","Bacteroidales","Bacteroidaceae","Bacteroides","vulgatus"
"ASV2520","Bacteria","Proteobacteria","Gammaproteobacteria","Enterobacterales","Enterobacteriaceae","Escherichia-Shigella","coli"
"ASV2521","Bacteria","Fusobacteriota","Fusobacteriia","Fusobacteriales","Fusobacteriaceae","Fusobacterium","nucleatum"
"ASV2522","Bacteria","Bacteroidota","Bacteroidia","Bacteroidales","Bacteroidaceae","Bacteroides","eggerthii"
"ASV2523","Bacteria","Firmicutes","Clostridia","Lachnospirales","Lachnospiraceae",NA,NA
"ASV2524","Bacteria","Actinobacteriota","Actinobacteria","Bifidobacteriales","Bifidobacteriaceae","Bifidobacterium",NA
"ASV2525","Bacteria","Proteobacteria","Gammaproteobacteria","Enterobacterales",NA,NA,NA
"ASV2526","Bacteria","Actinobacteriota","Coriobacteriia","Coriobacteriales",NA,NA,NA
"ASV2527","Bacteria","Firmicutes","Bacilli","Lactobacillales","Streptococcaceae",NA,NA
"ASV2528","Bacteria","Actinobacteriota","Actinobacteria","Bifidobacteriales","Bifidobacteriaceae","Bifidobacterium",NA
"ASV2529","Bacteria","Actinobacteriota","Actinobacteria","Bifidobacteriales","Bifidobacteriaceae","Bifidobacterium",NA
"ASV2530","Bacteria","Firmicutes","Clostridia","Lachnospirales","Lachnospiraceae",NA,NA
"ASV2531","Bacteria","Firmicutes","Bacilli","Lactobacillales","Lactobacillaceae","Lacticaseibacillus",NA
"ASV2532","Bacteria","Firmicutes","Clostridia","Lachnospirales","Lachnospiraceae",NA,NA
"ASV2533","Bacteria","Firmicutes","Negativicutes","Veillonellales-Selenomonadales","Veillonellaceae","Veillonella",NA
"ASV2534","Bacteria","Actinobacteriota","Actinobacteria","Bifidobacteriales","Bifidobacteriaceae","Bifidobacterium",NA
"ASV2535","Bacteria","Firmicutes","Clostridia","Lachnospirales","Lachnospiraceae","[Ruminococcus] gnavus group",NA
"ASV2536","Bacteria","Firmicutes","Clostridia","Eubacteriales","Eubacteriaceae",NA,NA
"ASV2537","Bacteria","Bacteroidota","Bacteroidia","Bacteroidales","Bacteroidaceae","Bacteroides","xylanisolvens"
"ASV2538","Bacteria","Proteobacteria","Gammaproteobacteria","Enterobacterales","Enterobacteriaceae",NA,NA
"ASV2539","Bacteria","Firmicutes","Clostridia","Lachnospirales","Lachnospiraceae",NA,NA
"ASV2540","Bacteria","Firmicutes","Clostridia","Lachnospirales","Lachnospiraceae","Sellimonas",NA
"ASV2541","Bacteria","Firmicutes","Negativicutes","Veillonellales-Selenomonadales","Veillonellaceae","Veillonella",NA
"ASV2542","Bacteria","Actinobacteriota","Actinobacteria","Bifidobacteriales","Bifidobacteriaceae","Bifidobacterium",NA
"ASV2543","Bacteria","Firmicutes","Clostridia","Clostridiales","Clostridiaceae","Clostridium sensu stricto 1",NA
"ASV2544","Bacteria","Firmicutes","Clostridia","Lachnospirales","Lachnospiraceae","Blautia",NA
"ASV2545","Bacteria","Proteobacteria","Gammaproteobacteria","Enterobacterales","Enterobacteriaceae","Escherichia-Shigella",NA
"ASV2546","Bacteria","Proteobacteria","Gammaproteobacteria","Enterobacterales","Enterobacteriaceae",NA,NA
"ASV2547","Bacteria","Bacteroidota","Bacteroidia","Bacteroidales","Bacteroidaceae","Bacteroides",NA
"ASV2548","Bacteria","Firmicutes","Clostridia","Clostridiales","Clostridiaceae","Clostridium sensu stricto 1",NA
"ASV2549","Bacteria","Bacteroidota","Bacteroidia","Bacteroidales","Bacteroidaceae","Bacteroides","fragilis"
"ASV2550","Bacteria","Firmicutes","Clostridia","Lachnospirales","Lachnospiraceae",NA,NA
"ASV2551","Bacteria","Actinobacteriota","Coriobacteriia","Coriobacteriales","Coriobacteriaceae","Collinsella","aerofaciens"
"ASV2552","Bacteria","Firmicutes","Bacilli","Staphylococcales","Staphylococcaceae","Staphylococcus",NA
"ASV2553","Bacteria","Firmicutes","Clostridia","Lachnospirales","Lachnospiraceae","[Ruminococcus] gnavus group",NA
"ASV2554","Bacteria","Firmicutes","Clostridia","Lachnospirales","Lachnospiraceae",NA,NA
"ASV2555","Bacteria","Firmicutes","Negativicutes","Veillonellales-Selenomonadales","Veillonellaceae","Megasphaera","micronuciformis"
"ASV2556","Bacteria","Actinobacteriota","Actinobacteria","Bifidobacteriales","Bifidobacteriaceae","Bifidobacterium","avesanii"
"ASV2557","Bacteria","Firmicutes","Negativicutes","Veillonellales-Selenomonadales","Veillonellaceae","Veillonella",NA
"ASV2558","Bacteria","Bacteroidota","Bacteroidia","Bacteroidales","Tannerellaceae","Parabacteroides","distasonis"
"ASV2559","Bacteria","Firmicutes","Clostridia","Lachnospirales","Lachnospiraceae","Blautia","hansenii"
"ASV2560","Bacteria","Firmicutes","Bacilli","Lactobacillales","Streptococcaceae","Streptococcus",NA
"ASV2561","Bacteria","Firmicutes","Bacilli","Staphylococcales","Staphylococcaceae","Staphylococcus","haemolyticus"
"ASV2562","Bacteria","Bacteroidota","Bacteroidia","Bacteroidales","Bacteroidaceae","Bacteroides","fragilis"
"ASV2563","Bacteria","Actinobacteriota","Actinobacteria","Actinomycetales","Actinomycetaceae","Actinomyces","pacaensis"
"ASV2564","Bacteria","Firmicutes","Negativicutes","Veillonellales-Selenomonadales","Veillonellaceae","Veillonella","ratti"
"ASV2565","Bacteria","Proteobacteria","Gammaproteobacteria","Enterobacterales","Enterobacteriaceae","Klebsiella","granulomatis"
"ASV2566","Bacteria","Firmicutes","Negativicutes","Veillonellales-Selenomonadales","Veillonellaceae","Megasphaera","micronuciformis"
"ASV2567","Bacteria","Bacteroidota","Bacteroidia","Bacteroidales","Bacteroidaceae","Bacteroides",NA
"ASV2568","Bacteria","Firmicutes","Clostridia","Lachnospirales","Lachnospiraceae",NA,NA
"ASV2569","Bacteria","Firmicutes","Bacilli","Erysipelotrichales","Erysipelotrichaceae","Turicibacter",NA
"ASV2570","Bacteria","Firmicutes","Bacilli","Lactobacillales","Enterococcaceae","Enterococcus",NA
"ASV2571","Bacteria","Firmicutes","Clostridia","Lachnospirales","Lachnospiraceae","Blautia","wexlerae"
"ASV2572","Bacteria","Verrucomicrobiota","Verrucomicrobiae","Verrucomicrobiales","Akkermansiaceae","Akkermansia","muciniphila"
"ASV2573","Bacteria","Firmicutes","Clostridia","Peptostreptococcales-Tissierellales","Peptostreptococcaceae",NA,NA
"ASV2574","Bacteria","Firmicutes","Clostridia","Lachnospirales","Lachnospiraceae","Blautia","wexlerae"
"ASV2575","Bacteria","Firmicutes","Bacilli","Erysipelotrichales","Erysipelotrichaceae","Turicibacter",NA
"ASV2576","Bacteria","Bacteroidota","Bacteroidia","Bacteroidales","Dysgonomonadaceae","Dysgonomonas","capnocytophagoides"
"ASV2577","Bacteria","Firmicutes","Clostridia","Clostridiales","Clostridiaceae","Sarcina",NA
"ASV2578","Bacteria",NA,NA,NA,NA,NA,NA
"ASV2579","Bacteria","Bacteroidota","Bacteroidia","Bacteroidales","Bacteroidaceae","Bacteroides",NA
"ASV2580","Bacteria","Firmicutes","Bacilli","Lactobacillales",NA,NA,NA
"ASV2581","Bacteria","Firmicutes","Clostridia","Lachnospirales","Lachnospiraceae",NA,NA
"ASV2582","Bacteria","Actinobacteriota",NA,NA,NA,NA,NA
"ASV2583","Bacteria","Firmicutes","Bacilli","Lactobacillales","Enterococcaceae","Enterococcus",NA
"ASV2584","Bacteria","Firmicutes","Clostridia","Lachnospirales","Lachnospiraceae",NA,NA
"ASV2585","Bacteria","Firmicutes","Clostridia","Lachnospirales","Lachnospiraceae",NA,NA
"ASV2586","Bacteria","Actinobacteriota","Actinobacteria","Bifidobacteriales","Bifidobacteriaceae","Bifidobacterium",NA
"ASV2587","Bacteria","Actinobacteriota","Coriobacteriia","Coriobacteriales","Coriobacteriaceae","Collinsella",NA
"ASV2588","Bacteria","Actinobacteriota","Actinobacteria","Bifidobacteriales","Bifidobacteriaceae","Bifidobacterium","breve"
"ASV2589","Bacteria","Firmicutes","Bacilli","Lactobacillales","Streptococcaceae","Streptococcus",NA
"ASV2590","Bacteria","Firmicutes","Bacilli","Staphylococcales","Staphylococcaceae","Staphylococcus","phage"
"ASV2591","Bacteria","Firmicutes","Clostridia","Lachnospirales","Lachnospiraceae",NA,NA
"ASV2592","Bacteria","Actinobacteriota","Actinobacteria","Bifidobacteriales","Bifidobacteriaceae","Bifidobacterium",NA
"ASV2593","Bacteria","Proteobacteria","Gammaproteobacteria","Enterobacterales","Enterobacteriaceae",NA,NA
"ASV2594","Bacteria","Bacteroidota","Bacteroidia","Bacteroidales","Tannerellaceae","Parabacteroides",NA
"ASV2595","Bacteria","Firmicutes","Bacilli","Lactobacillales",NA,NA,NA
"ASV2596","Bacteria","Firmicutes","Clostridia","Oscillospirales","Oscillospiraceae",NA,NA
"ASV2597","Bacteria","Firmicutes","Bacilli","Lactobacillales","Lactobacillaceae","Lacticaseibacillus",NA
"ASV2598","Bacteria","Firmicutes","Clostridia","Clostridiales","Clostridiaceae","Sarcina",NA
"ASV2599","Bacteria","Firmicutes","Clostridia","Oscillospirales","Ruminococcaceae","Incertae Sedis",NA
"ASV2600","Bacteria","Actinobacteriota",NA,NA,NA,NA,NA
"ASV2601","Bacteria",NA,NA,NA,NA,NA,NA
"ASV2602","Bacteria","Actinobacteriota","Actinobacteria","Bifidobacteriales","Bifidobacteriaceae","Bifidobacterium",NA
"ASV2603","Bacteria","Bacteroidota","Bacteroidia","Bacteroidales","Bacteroidaceae","Bacteroides",NA
"ASV2604","Bacteria","Firmicutes","Clostridia","Clostridiales","Clostridiaceae","Clostridium sensu stricto 1",NA
"ASV2605","Bacteria","Firmicutes","Clostridia","Oscillospirales","Ruminococcaceae","Faecalibacterium",NA
"ASV2606","Bacteria","Firmicutes","Bacilli","Lactobacillales","Enterococcaceae",NA,NA
"ASV2607","Bacteria","Actinobacteriota","Actinobacteria","Bifidobacteriales","Bifidobacteriaceae","Bifidobacterium",NA
"ASV2608","Bacteria","Firmicutes","Bacilli","Lactobacillales","Streptococcaceae","Streptococcus","vestibularis"
"ASV2609","Bacteria","Firmicutes","Bacilli","Lactobacillales","Enterococcaceae","Enterococcus","avium"
"ASV2610","Bacteria","Firmicutes","Clostridia","Clostridiales","Clostridiaceae",NA,NA
"ASV2611","Bacteria","Firmicutes","Clostridia","Lachnospirales","Lachnospiraceae",NA,NA
"ASV2612","Bacteria","Actinobacteriota","Actinobacteria","Bifidobacteriales","Bifidobacteriaceae","Bifidobacterium",NA
"ASV2613","Bacteria","Proteobacteria","Gammaproteobacteria","Enterobacterales","Enterobacteriaceae","Escherichia-Shigella","coli"
"ASV2614","Bacteria","Firmicutes","Bacilli","Lactobacillales","Enterococcaceae","Enterococcus",NA
"ASV2615","Bacteria","Actinobacteriota","Coriobacteriia","Coriobacteriales","Coriobacteriaceae","Collinsella","aerofaciens"
"ASV2616","Bacteria","Firmicutes","Clostridia","Lachnospirales","Lachnospiraceae",NA,NA
"ASV2617","Bacteria","Actinobacteriota","Coriobacteriia","Coriobacteriales","Coriobacteriaceae","Collinsella",NA
"ASV2618","Bacteria","Firmicutes","Negativicutes","Veillonellales-Selenomonadales","Veillonellaceae","Megasphaera","micronuciformis"
"ASV2619","Bacteria","Proteobacteria","Gammaproteobacteria","Enterobacterales",NA,NA,NA
"ASV2620","Bacteria","Proteobacteria","Gammaproteobacteria","Enterobacterales","Enterobacteriaceae",NA,NA
"ASV2621","Bacteria","Bacteroidota","Bacteroidia","Bacteroidales","Bacteroidaceae","Bacteroides","fragilis"
"ASV2622","Bacteria","Firmicutes","Bacilli","Lactobacillales",NA,NA,NA
"ASV2623","Bacteria","Bacteroidota","Bacteroidia","Bacteroidales","Tannerellaceae","Parabacteroides","merdae"
"ASV2624","Bacteria","Firmicutes","Bacilli","Erysipelotrichales","Erysipelotrichaceae","[Clostridium] innocuum group",NA
"ASV2625","Bacteria","Proteobacteria","Gammaproteobacteria","Enterobacterales","Erwiniaceae",NA,NA
"ASV2626","Bacteria","Proteobacteria","Gammaproteobacteria","Enterobacterales","Enterobacteriaceae","Escherichia-Shigella",NA
"ASV2627","Bacteria","Firmicutes","Negativicutes","Veillonellales-Selenomonadales","Veillonellaceae","Anaeroglobus",NA
"ASV2628","Bacteria","Firmicutes","Bacilli","Erysipelotrichales","Erysipelotrichaceae","[Clostridium] innocuum group",NA
"ASV2629","Bacteria","Actinobacteriota","Actinobacteria","Bifidobacteriales","Bifidobacteriaceae","Bifidobacterium","animalis"
"ASV2630","Bacteria","Actinobacteriota","Actinobacteria","Bifidobacteriales","Bifidobacteriaceae","Bifidobacterium",NA
"ASV2631","Bacteria","Firmicutes","Clostridia","Lachnospirales","Lachnospiraceae","Blautia","wexlerae"
"ASV2632","Bacteria","Actinobacteriota","Actinobacteria","Bifidobacteriales","Bifidobacteriaceae","Bifidobacterium",NA
"ASV2633","Bacteria","Firmicutes","Clostridia","Clostridiales","Clostridiaceae","Clostridium sensu stricto 1",NA
"ASV2634","Bacteria","Firmicutes","Bacilli","Lactobacillales","Lactobacillaceae","Lactobacillus","delbrueckii"
"ASV2635","Bacteria","Firmicutes","Bacilli","Lactobacillales","Streptococcaceae","Streptococcus",NA
"ASV2636","Bacteria","Firmicutes","Bacilli","Lactobacillales","Enterococcaceae","Enterococcus",NA
"ASV2637","Bacteria","Bacteroidota","Bacteroidia","Bacteroidales","Bacteroidaceae","Bacteroides",NA
"ASV2638","Bacteria","Firmicutes","Negativicutes","Veillonellales-Selenomonadales","Veillonellaceae","Anaeroglobus",NA
"ASV2639","Bacteria","Bacteroidota","Bacteroidia","Bacteroidales",NA,NA,NA
"ASV2640","Bacteria","Bacteroidota","Bacteroidia","Bacteroidales","Tannerellaceae","Parabacteroides","merdae"
"ASV2641","Bacteria","Firmicutes","Bacilli","Lactobacillales","Enterococcaceae","Enterococcus",NA
"ASV2642","Bacteria","Proteobacteria","Gammaproteobacteria","Enterobacterales",NA,NA,NA
"ASV2643","Bacteria","Firmicutes","Negativicutes","Veillonellales-Selenomonadales","Veillonellaceae","Anaeroglobus",NA
"ASV2644","Bacteria","Proteobacteria","Gammaproteobacteria","Enterobacterales","Enterobacteriaceae","Buttiauxella","brennerae"
"ASV2645","Bacteria","Firmicutes","Bacilli","Lactobacillales","Enterococcaceae","Enterococcus",NA
"ASV2646","Bacteria","Firmicutes","Clostridia","Oscillospirales","Oscillospiraceae","Flavonifractor","plautii"
"ASV2647","Bacteria","Firmicutes","Clostridia","Lachnospirales","Lachnospiraceae",NA,NA
"ASV2648","Bacteria","Firmicutes","Clostridia","Lachnospirales","Lachnospiraceae","Roseburia",NA
"ASV2649","Bacteria","Proteobacteria","Gammaproteobacteria","Enterobacterales","Enterobacteriaceae","Escherichia-Shigella",NA
"ASV2650","Bacteria","Proteobacteria","Gammaproteobacteria","Enterobacterales",NA,NA,NA
"ASV2651","Bacteria","Firmicutes","Clostridia","Clostridiales","Clostridiaceae","Clostridium sensu stricto 1","baratii"
"ASV2652","Bacteria","Firmicutes","Bacilli","Lactobacillales","Enterococcaceae","Enterococcus",NA
"ASV2653","Bacteria","Firmicutes","Bacilli","Lactobacillales","Streptococcaceae","Streptococcus",NA
"ASV2654","Bacteria","Proteobacteria","Gammaproteobacteria","Enterobacterales","Enterobacteriaceae","Escherichia-Shigella","coli"
"ASV2655","Bacteria","Bacteroidota","Bacteroidia","Bacteroidales","Tannerellaceae","Parabacteroides","distasonis"
"ASV2656","Bacteria","Firmicutes","Clostridia","Peptostreptococcales-Tissierellales","Family XI","Finegoldia","magna"
"ASV2657","Bacteria","Firmicutes","Clostridia","Lachnospirales","Lachnospiraceae",NA,NA
"ASV2658","Bacteria","Firmicutes","Clostridia","Lachnospirales","Lachnospiraceae","Anaerostipes",NA
"ASV2659","Bacteria","Firmicutes","Bacilli","Lactobacillales","Enterococcaceae","Enterococcus","hermanniensis"
"ASV2660","Bacteria","Firmicutes","Negativicutes","Veillonellales-Selenomonadales","Veillonellaceae","Megasphaera","micronuciformis"
"ASV2661","Bacteria","Bacteroidota","Bacteroidia","Bacteroidales",NA,NA,NA
"ASV2662","Bacteria","Bacteroidota","Bacteroidia","Bacteroidales","Bacteroidaceae","Bacteroides",NA
"ASV2663","Bacteria","Proteobacteria","Gammaproteobacteria","Enterobacterales","Enterobacteriaceae",NA,NA
"ASV2664","Bacteria","Actinobacteriota","Actinobacteria","Bifidobacteriales","Bifidobacteriaceae","Bifidobacterium",NA
"ASV2665","Bacteria","Actinobacteriota","Actinobacteria","Bifidobacteriales","Bifidobacteriaceae","Bifidobacterium",NA
"ASV2666","Bacteria","Proteobacteria","Gammaproteobacteria","Enterobacterales",NA,NA,NA
"ASV2667","Bacteria","Actinobacteriota","Actinobacteria","Actinomycetales","Actinomycetaceae","Arcanobacterium",NA
"ASV2668","Bacteria","Proteobacteria","Gammaproteobacteria","Enterobacterales","Enterobacteriaceae","Buttiauxella","brennerae"
"ASV2669","Bacteria","Firmicutes",NA,NA,NA,NA,NA
"ASV2670","Bacteria",NA,NA,NA,NA,NA,NA
"ASV2671","Bacteria","Firmicutes","Clostridia","Lachnospirales","Lachnospiraceae",NA,NA
"ASV2672","Bacteria",NA,NA,NA,NA,NA,NA
"ASV2673","Bacteria","Proteobacteria","Gammaproteobacteria","Enterobacterales",NA,NA,NA
"ASV2674","Bacteria","Actinobacteriota","Coriobacteriia","Coriobacteriales","Coriobacteriaceae","Collinsella","aerofaciens"
"ASV2675","Bacteria","Actinobacteriota","Actinobacteria","Actinomycetales","Actinomycetaceae","Actinotignum",NA
"ASV2676","Bacteria","Firmicutes","Clostridia","Lachnospirales","Lachnospiraceae",NA,NA
"ASV2677","Bacteria","Firmicutes","Clostridia","Eubacteriales","Eubacteriaceae","Eubacterium","callanderi"
"ASV2678","Bacteria","Firmicutes","Clostridia","Clostridiales","Clostridiaceae","Clostridium sensu stricto 1",NA
"ASV2679","Bacteria","Firmicutes","Clostridia","Eubacteriales","Eubacteriaceae","Eubacterium","callanderi"
"ASV2680","Bacteria","Actinobacteriota","Actinobacteria","Bifidobacteriales","Bifidobacteriaceae","Bifidobacterium",NA
"ASV2681","Bacteria","Firmicutes","Clostridia","Oscillospirales","Ruminococcaceae","Caproiciproducens",NA
"ASV2682","Bacteria","Proteobacteria","Gammaproteobacteria","Burkholderiales","Burkholderiaceae","Burkholderia-Caballeronia-Paraburkholderia","stabilis"
"ASV2683","Bacteria","Actinobacteriota","Actinobacteria","Bifidobacteriales","Bifidobacteriaceae","Bifidobacterium","ramosum"
"ASV2684","Bacteria","Firmicutes","Clostridia","Lachnospirales","Lachnospiraceae",NA,NA
"ASV2685","Bacteria","Firmicutes","Bacilli","Lactobacillales","Enterococcaceae","Enterococcus",NA
"ASV2686","Bacteria","Firmicutes","Bacilli","Lactobacillales","Enterococcaceae",NA,NA
"ASV2687","Bacteria","Firmicutes","Clostridia","Lachnospirales","Lachnospiraceae","Blautia","hansenii"
"ASV2688","Bacteria","Firmicutes","Bacilli","Erysipelotrichales","Erysipelotrichaceae","[Clostridium] innocuum group",NA
"ASV2689","Bacteria","Firmicutes","Negativicutes","Veillonellales-Selenomonadales","Veillonellaceae","Veillonella","ratti"
"ASV2690","Bacteria","Firmicutes","Clostridia","Lachnospirales","Lachnospiraceae",NA,NA
"ASV2691","Bacteria","Firmicutes","Clostridia","Lachnospirales","Lachnospiraceae",NA,NA
"ASV2692","Bacteria","Firmicutes","Bacilli","Lactobacillales","Enterococcaceae","Enterococcus",NA
"ASV2693","Bacteria","Bacteroidota","Bacteroidia","Bacteroidales","Bacteroidaceae","Bacteroides","dorei"
"ASV2694","Bacteria","Firmicutes","Clostridia","Lachnospirales","Lachnospiraceae",NA,NA
"ASV2695","Bacteria","Firmicutes","Clostridia","Lachnospirales","Lachnospiraceae",NA,NA
"ASV2696","Bacteria","Firmicutes","Clostridia","Lachnospirales","Lachnospiraceae",NA,NA
"ASV2697","Bacteria","Firmicutes","Clostridia","Clostridiales","Clostridiaceae","Clostridium sensu stricto 1",NA
"ASV2698","Bacteria","Firmicutes","Clostridia","Oscillospirales","Ruminococcaceae","Caproiciproducens",NA
"ASV2699","Bacteria","Bacteroidota","Bacteroidia","Bacteroidales","Bacteroidaceae","Bacteroides","kribbi"
"ASV2700","Bacteria","Actinobacteriota","Coriobacteriia","Coriobacteriales","Coriobacteriaceae","Collinsella","aerofaciens"
"ASV2701","Bacteria","Firmicutes","Clostridia","Lachnospirales","Lachnospiraceae","Hungatella",NA
"ASV2702","Bacteria","Bacteroidota","Bacteroidia","Bacteroidales","Bacteroidaceae","Bacteroides",NA
"ASV2703","Bacteria","Firmicutes","Negativicutes","Acidaminococcales","Acidaminococcaceae","Phascolarctobacterium","faecium"
"ASV2704","Bacteria","Firmicutes","Negativicutes","Veillonellales-Selenomonadales","Veillonellaceae","Megasphaera","micronuciformis"
"ASV2705","Bacteria","Proteobacteria","Gammaproteobacteria","Enterobacterales","Enterobacteriaceae","Klebsiella","granulomatis"
"ASV2706","Bacteria","Proteobacteria","Gammaproteobacteria","Enterobacterales","Pasteurellaceae","Haemophilus","parainfluenzae"
"ASV2707","Bacteria","Bacteroidota","Bacteroidia","Bacteroidales","Tannerellaceae","Parabacteroides",NA
"ASV2708","Bacteria","Firmicutes","Clostridia","Lachnospirales","Lachnospiraceae","Hungatella","hathewayi"
"ASV2709","Bacteria","Bacteroidota","Bacteroidia","Bacteroidales","Bacteroidaceae","Bacteroides","fragilis"
"ASV2710","Bacteria","Firmicutes","Clostridia","Lachnospirales","Lachnospiraceae",NA,NA
"ASV2711","Bacteria","Actinobacteriota","Coriobacteriia","Coriobacteriales","Eggerthellaceae","Eggerthella",NA
"ASV2712","Bacteria","Firmicutes","Negativicutes","Acidaminococcales","Acidaminococcaceae","Phascolarctobacterium","faecium"
"ASV2713","Bacteria","Firmicutes","Clostridia","Lachnospirales","Lachnospiraceae","Blautia",NA
"ASV2714","Bacteria","Proteobacteria","Gammaproteobacteria","Enterobacterales","Enterobacteriaceae","Escherichia-Shigella","marmotae"
"ASV2715","Bacteria","Bacteroidota","Bacteroidia","Bacteroidales","Bacteroidaceae","Bacteroides",NA
"ASV2716","Bacteria","Bacteroidota","Bacteroidia","Bacteroidales","Tannerellaceae","Parabacteroides","distasonis"
"ASV2717","Bacteria","Firmicutes","Bacilli","Lactobacillales","Streptococcaceae","Streptococcus","vestibularis"
"ASV2718","Bacteria","Proteobacteria","Gammaproteobacteria","Enterobacterales","Enterobacteriaceae","Escherichia-Shigella",NA
"ASV2719","Bacteria","Firmicutes","Clostridia","Clostridiales","Clostridiaceae","Clostridium sensu stricto 1",NA
"ASV2720","Bacteria","Proteobacteria","Gammaproteobacteria","Enterobacterales","Enterobacteriaceae",NA,NA
"ASV2721","Bacteria","Firmicutes","Negativicutes","Veillonellales-Selenomonadales","Veillonellaceae","Anaeroglobus",NA
"ASV2722","Bacteria","Firmicutes","Clostridia","Lachnospirales","Lachnospiraceae","Hungatella","hathewayi"
"ASV2723","Bacteria","Firmicutes","Clostridia","Lachnospirales","Lachnospiraceae","Hungatella","hathewayi"
"ASV2724","Bacteria","Bacteroidota","Bacteroidia","Bacteroidales","Bacteroidaceae","Bacteroides",NA
"ASV2725","Bacteria","Actinobacteriota","Actinobacteria","Actinomycetales","Actinomycetaceae","Actinomyces","pacaensis"
"ASV2726","Bacteria","Bacteroidota","Bacteroidia","Bacteroidales",NA,NA,NA
"ASV2727","Bacteria","Proteobacteria","Gammaproteobacteria","Enterobacterales","Enterobacteriaceae",NA,NA
"ASV2728","Bacteria","Actinobacteriota","Actinobacteria","Bifidobacteriales","Bifidobacteriaceae","Bifidobacterium",NA
"ASV2729","Bacteria","Actinobacteriota","Actinobacteria","Bifidobacteriales","Bifidobacteriaceae","Bifidobacterium","bifidum"
"ASV2730","Bacteria","Actinobacteriota","Actinobacteria","Bifidobacteriales","Bifidobacteriaceae","Bifidobacterium","breve"
"ASV2731","Bacteria","Firmicutes","Clostridia","Lachnospirales","Lachnospiraceae","Hungatella","hathewayi"
"ASV2732","Bacteria","Actinobacteriota","Actinobacteria","Bifidobacteriales","Bifidobacteriaceae","Bifidobacterium",NA
"ASV2733","Bacteria","Actinobacteriota","Coriobacteriia","Coriobacteriales","Coriobacteriaceae","Collinsella","aerofaciens"
"ASV2734","Bacteria","Actinobacteriota","Actinobacteria","Bifidobacteriales","Bifidobacteriaceae","Bifidobacterium",NA
"ASV2735","Bacteria","Firmicutes","Clostridia","Oscillospirales","Oscillospiraceae","Flavonifractor","plautii"
"ASV2736","Bacteria","Actinobacteriota","Actinobacteria","Bifidobacteriales","Bifidobacteriaceae","Bifidobacterium","breve"
"ASV2737","Bacteria","Firmicutes","Bacilli","Lactobacillales","Lactobacillaceae",NA,NA
"ASV2738","Bacteria","Bacteroidota","Bacteroidia","Bacteroidales","Bacteroidaceae","Bacteroides","fragilis"
"ASV2739","Bacteria","Firmicutes","Bacilli","Lactobacillales","Enterococcaceae","Enterococcus",NA
"ASV2740","Bacteria","Firmicutes","Clostridia","Clostridiales","Clostridiaceae","Clostridium sensu stricto 1",NA
"ASV2741","Bacteria","Firmicutes","Negativicutes","Veillonellales-Selenomonadales","Veillonellaceae","Megasphaera","micronuciformis"
"ASV2742","Bacteria","Proteobacteria","Gammaproteobacteria","Enterobacterales","Enterobacteriaceae","Escherichia-Shigella",NA
"ASV2743","Bacteria","Firmicutes","Bacilli","Lactobacillales","Aerococcaceae","Abiotrophia",NA
"ASV2744","Bacteria","Actinobacteriota","Actinobacteria","Bifidobacteriales","Bifidobacteriaceae","Bifidobacterium",NA
"ASV2745","Bacteria","Actinobacteriota","Actinobacteria","Bifidobacteriales","Bifidobacteriaceae","Bifidobacterium",NA
"ASV2746","Bacteria","Actinobacteriota","Actinobacteria","Bifidobacteriales","Bifidobacteriaceae","Bifidobacterium",NA
"ASV2747","Bacteria","Firmicutes","Bacilli","Lactobacillales","Lactobacillaceae",NA,NA
"ASV2748","Bacteria","Proteobacteria","Gammaproteobacteria","Enterobacterales","Enterobacteriaceae",NA,NA
"ASV2749","Bacteria","Bacteroidota","Bacteroidia","Bacteroidales","Bacteroidaceae","Bacteroides","vulgatus"
"ASV2750","Bacteria","Actinobacteriota","Coriobacteriia","Coriobacteriales","Coriobacteriaceae","Collinsella","aerofaciens"
"ASV2751","Bacteria","Bacteroidota","Bacteroidia","Bacteroidales","Bacteroidaceae","Bacteroides",NA
"ASV2752","Bacteria","Desulfobacterota","Desulfovibrionia","Desulfovibrionales","Desulfovibrionaceae","Bilophila","wadsworthia"
"ASV2753","Bacteria","Actinobacteriota","Actinobacteria","Bifidobacteriales","Bifidobacteriaceae","Bifidobacterium","longum"
"ASV2754","Bacteria","Firmicutes","Bacilli","Erysipelotrichales","Erysipelatoclostridiaceae","Erysipelatoclostridium","ramosum"
"ASV2755","Bacteria","Actinobacteriota","Actinobacteria","Bifidobacteriales","Bifidobacteriaceae","Bifidobacterium",NA
"ASV2756","Bacteria","Proteobacteria","Gammaproteobacteria","Enterobacterales",NA,NA,NA
"ASV2757","Bacteria","Actinobacteriota","Actinobacteria","Corynebacteriales","Corynebacteriaceae","Corynebacterium","propinquum"
"ASV2758","Bacteria","Actinobacteriota","Actinobacteria","Bifidobacteriales","Bifidobacteriaceae","Bifidobacterium","bifidum"
"ASV2759","Bacteria","Proteobacteria","Gammaproteobacteria","Enterobacterales","Enterobacteriaceae","Klebsiella",NA
"ASV2760","Bacteria","Firmicutes","Clostridia","Lachnospirales","Lachnospiraceae",NA,NA
"ASV2761","Bacteria","Actinobacteriota","Coriobacteriia","Coriobacteriales","Coriobacteriaceae","Collinsella",NA
"ASV2762","Bacteria","Proteobacteria","Gammaproteobacteria","Enterobacterales","Enterobacteriaceae",NA,NA
"ASV2763","Bacteria","Actinobacteriota","Actinobacteria","Bifidobacteriales","Bifidobacteriaceae","Bifidobacterium",NA
"ASV2764","Bacteria","Actinobacteriota","Actinobacteria","Bifidobacteriales","Bifidobacteriaceae","Bifidobacterium",NA
"ASV2765","Bacteria","Bacteroidota","Bacteroidia","Bacteroidales","Tannerellaceae","Parabacteroides","merdae"
"ASV2766","Bacteria","Actinobacteriota","Actinobacteria","Bifidobacteriales","Bifidobacteriaceae","Bifidobacterium","breve"
"ASV2767","Bacteria","Actinobacteriota","Actinobacteria","Actinomycetales","Actinomycetaceae","Varibaculum","cambriense"
"ASV2768","Bacteria","Actinobacteriota","Coriobacteriia","Coriobacteriales",NA,NA,NA
"ASV2769","Bacteria","Firmicutes","Clostridia","Lachnospirales","Lachnospiraceae","Blautia","wexlerae"
"ASV2770","Bacteria","Firmicutes","Clostridia","Lachnospirales","Lachnospiraceae",NA,NA
"ASV2771","Bacteria","Bacteroidota","Bacteroidia","Bacteroidales","Tannerellaceae","Parabacteroides",NA
"ASV2772","Bacteria","Bacteroidota","Bacteroidia","Bacteroidales","Bacteroidaceae","Bacteroides","fragilis"
"ASV2773","Bacteria","Bacteroidota","Bacteroidia","Bacteroidales","Tannerellaceae","Parabacteroides",NA
"ASV2774","Bacteria","Firmicutes","Clostridia","Lachnospirales","Lachnospiraceae",NA,NA
"ASV2775","Bacteria","Actinobacteriota","Actinobacteria","Bifidobacteriales","Bifidobacteriaceae","Bifidobacterium",NA
"ASV2776","Bacteria","Actinobacteriota","Actinobacteria","Bifidobacteriales","Bifidobacteriaceae","Bifidobacterium",NA
"ASV2777","Bacteria","Actinobacteriota","Coriobacteriia","Coriobacteriales","Coriobacteriaceae","Collinsella",NA
"ASV2778","Bacteria","Actinobacteriota","Coriobacteriia","Coriobacteriales","Coriobacteriaceae","Collinsella","aerofaciens"
"ASV2779","Bacteria","Firmicutes","Clostridia","Oscillospirales","Ruminococcaceae",NA,NA
"ASV2780","Bacteria","Bacteroidota","Bacteroidia","Bacteroidales","Bacteroidaceae","Bacteroides",NA
"ASV2781","Bacteria","Firmicutes","Negativicutes","Veillonellales-Selenomonadales","Veillonellaceae","Veillonella","ratti"
"ASV2782","Bacteria","Firmicutes","Bacilli","Lactobacillales","Streptococcaceae","Streptococcus","vestibularis"
"ASV2783","Bacteria","Actinobacteriota","Actinobacteria","Bifidobacteriales","Bifidobacteriaceae","Bifidobacterium","ramosum"
"ASV2784","Bacteria","Actinobacteriota","Actinobacteria","Bifidobacteriales","Bifidobacteriaceae","Bifidobacterium",NA
"ASV2785","Bacteria","Firmicutes","Negativicutes","Veillonellales-Selenomonadales","Veillonellaceae","Megasphaera","micronuciformis"
"ASV2786","Bacteria","Firmicutes","Negativicutes","Veillonellales-Selenomonadales","Veillonellaceae","Negativicoccus",NA
"ASV2787","Bacteria","Bacteroidota","Bacteroidia","Bacteroidales","Bacteroidaceae","Bacteroides","fragilis"
"ASV2788","Bacteria","Firmicutes","Clostridia","Monoglobales","Monoglobaceae","Monoglobus",NA
"ASV2789","Bacteria","Firmicutes","Clostridia","Peptostreptococcales-Tissierellales","Peptostreptococcaceae",NA,NA
"ASV2790","Bacteria","Firmicutes","Clostridia","Clostridiales","Clostridiaceae","Clostridium sensu stricto 1","tertium"
"ASV2791","Bacteria","Actinobacteriota","Actinobacteria","Bifidobacteriales","Bifidobacteriaceae","Bifidobacterium","ramosum"
"ASV2792","Bacteria","Firmicutes","Clostridia","Lachnospirales","Lachnospiraceae","Hungatella","hathewayi"
"ASV2793","Bacteria","Actinobacteriota","Actinobacteria","Bifidobacteriales","Bifidobacteriaceae","Bifidobacterium","breve"
"ASV2794","Bacteria","Actinobacteriota","Actinobacteria","Micrococcales","Micrococcaceae","Rothia","mucilaginosa"
"ASV2795","Bacteria","Actinobacteriota","Actinobacteria","Bifidobacteriales","Bifidobacteriaceae","Bifidobacterium",NA
"ASV2796","Bacteria","Actinobacteriota","Actinobacteria","Bifidobacteriales","Bifidobacteriaceae","Bifidobacterium","longum"
"ASV2797","Bacteria","Actinobacteriota","Coriobacteriia","Coriobacteriales","Coriobacteriaceae","Collinsella",NA
"ASV2798","Bacteria","Actinobacteriota","Actinobacteria","Bifidobacteriales","Bifidobacteriaceae","Bifidobacterium",NA
"ASV2799","Bacteria","Proteobacteria","Gammaproteobacteria","Enterobacterales","Enterobacteriaceae",NA,NA
"ASV2800","Bacteria","Firmicutes","Clostridia","Lachnospirales","Lachnospiraceae",NA,NA
"ASV2801","Bacteria","Bacteroidota","Bacteroidia","Bacteroidales","Prevotellaceae","Prevotella","intermedia"
"ASV2802","Bacteria","Proteobacteria","Gammaproteobacteria","Enterobacterales","Enterobacteriaceae","Escherichia-Shigella",NA
"ASV2803","Bacteria","Bacteroidota","Bacteroidia","Bacteroidales","Bacteroidaceae","Bacteroides","eggerthii"
"ASV2804","Bacteria","Firmicutes","Bacilli","Staphylococcales","Staphylococcaceae","Staphylococcus","aureus"
"ASV2805","Bacteria","Firmicutes","Clostridia","Lachnospirales","Lachnospiraceae",NA,NA
"ASV2806","Bacteria","Actinobacteriota","Actinobacteria","Bifidobacteriales","Bifidobacteriaceae","Bifidobacterium",NA
"ASV2807","Bacteria","Bacteroidota","Bacteroidia","Bacteroidales","Bacteroidaceae","Bacteroides",NA
"ASV2808","Bacteria","Proteobacteria","Gammaproteobacteria","Enterobacterales",NA,NA,NA
"ASV2809","Bacteria","Actinobacteriota","Actinobacteria","Bifidobacteriales","Bifidobacteriaceae","Bifidobacterium","breve"
"ASV2810","Bacteria","Actinobacteriota","Coriobacteriia","Coriobacteriales",NA,NA,NA
"ASV2811","Bacteria","Bacteroidota","Bacteroidia","Bacteroidales","Bacteroidaceae","Bacteroides","xylanisolvens"
"ASV2812","Bacteria","Proteobacteria","Gammaproteobacteria","Enterobacterales","Enterobacteriaceae",NA,NA
"ASV2813","Bacteria","Bacteroidota","Bacteroidia","Bacteroidales","Bacteroidaceae","Bacteroides",NA
"ASV2814","Bacteria","Bacteroidota","Bacteroidia","Bacteroidales","Bacteroidaceae","Bacteroides",NA
"ASV2815","Bacteria","Fusobacteriota","Fusobacteriia","Fusobacteriales","Fusobacteriaceae","Fusobacterium",NA
"ASV2816","Bacteria","Firmicutes","Bacilli","Lactobacillales","Streptococcaceae","Lactococcus","lactis"
"ASV2817","Bacteria","Proteobacteria","Gammaproteobacteria","Enterobacterales",NA,NA,NA
"ASV2818","Bacteria","Actinobacteriota","Actinobacteria",NA,NA,NA,NA
"ASV2819","Bacteria","Bacteroidota","Bacteroidia","Bacteroidales","Bacteroidaceae","Bacteroides",NA
"ASV2820","Bacteria","Firmicutes","Clostridia","Lachnospirales","Lachnospiraceae","Hungatella","hathewayi"
"ASV2821","Bacteria","Firmicutes","Bacilli","Lactobacillales","Enterococcaceae","Enterococcus",NA
"ASV2822","Bacteria","Actinobacteriota","Coriobacteriia","Coriobacteriales","Coriobacteriaceae","Collinsella","aerofaciens"
"ASV2823","Bacteria","Firmicutes","Clostridia","Clostridiales","Clostridiaceae","Clostridium sensu stricto 1","tertium"
"ASV2824","Bacteria","Actinobacteriota","Actinobacteria","Actinomycetales","Actinomycetaceae","Actinomyces","graevenitzii"
"ASV2825","Bacteria","Firmicutes","Clostridia","Clostridiales","Clostridiaceae",NA,NA
"ASV2826","Bacteria","Proteobacteria","Gammaproteobacteria","Enterobacterales","Enterobacteriaceae","Escherichia-Shigella",NA
"ASV2827","Bacteria","Actinobacteriota","Actinobacteria","Bifidobacteriales","Bifidobacteriaceae","Bifidobacterium","scardovii"
"ASV2828","Bacteria","Firmicutes","Bacilli","Lactobacillales","Streptococcaceae","Streptococcus","dysgalactiae"
"ASV2829","Bacteria","Actinobacteriota","Actinobacteria","Bifidobacteriales","Bifidobacteriaceae","Bifidobacterium","breve"
"ASV2830","Bacteria","Firmicutes","Clostridia","Lachnospirales","Lachnospiraceae",NA,NA
"ASV2831","Bacteria","Firmicutes","Bacilli","Lactobacillales","Enterococcaceae",NA,NA
"ASV2832","Bacteria","Firmicutes","Negativicutes","Veillonellales-Selenomonadales","Veillonellaceae","Megasphaera","micronuciformis"
"ASV2833","Bacteria","Firmicutes","Clostridia","Oscillospirales","Ruminococcaceae","Caproiciproducens",NA
"ASV2834","Bacteria","Actinobacteriota","Actinobacteria","Bifidobacteriales","Bifidobacteriaceae","Bifidobacterium","breve"
"ASV2835","Bacteria","Proteobacteria","Gammaproteobacteria","Enterobacterales","Enterobacteriaceae","Escherichia-Shigella",NA
"ASV2836","Bacteria","Actinobacteriota","Actinobacteria","Bifidobacteriales","Bifidobacteriaceae","Bifidobacterium",NA
"ASV2837","Bacteria","Actinobacteriota","Actinobacteria","Bifidobacteriales","Bifidobacteriaceae","Bifidobacterium",NA
"ASV2838","Bacteria","Firmicutes","Clostridia",NA,NA,NA,NA
"ASV2839","Bacteria","Firmicutes","Clostridia","Lachnospirales","Lachnospiraceae","Blautia",NA
"ASV2840","Bacteria","Firmicutes","Bacilli","Lactobacillales","Streptococcaceae","Streptococcus","vestibularis"
"ASV2841","Bacteria","Firmicutes","Negativicutes","Veillonellales-Selenomonadales","Veillonellaceae","Anaeroglobus",NA
"ASV2842","Bacteria","Firmicutes","Clostridia","Lachnospirales","Lachnospiraceae",NA,NA
"ASV2843","Bacteria","Bacteroidota","Bacteroidia","Bacteroidales","Bacteroidaceae","Bacteroides","xylanisolvens"
"ASV2844","Bacteria","Firmicutes","Clostridia","Eubacteriales","Eubacteriaceae","Eubacterium","callanderi"
"ASV2845","Bacteria","Firmicutes","Clostridia","Lachnospirales","Lachnospiraceae","Hungatella","hathewayi"
"ASV2846","Bacteria","Firmicutes","Clostridia","Clostridiales","Clostridiaceae","Sarcina",NA
"ASV2847","Bacteria","Verrucomicrobiota","Verrucomicrobiae","Verrucomicrobiales","Akkermansiaceae","Akkermansia","muciniphila"
"ASV2848","Bacteria","Proteobacteria","Gammaproteobacteria","Enterobacterales","Enterobacteriaceae",NA,NA
"ASV2849","Bacteria","Firmicutes","Bacilli","Lactobacillales","Lactobacillaceae",NA,NA
"ASV2850","Bacteria","Proteobacteria","Gammaproteobacteria","Enterobacterales","Enterobacteriaceae",NA,NA
"ASV2851","Bacteria","Firmicutes","Bacilli","Lactobacillales","Streptococcaceae","Streptococcus",NA
"ASV2852","Bacteria","Bacteroidota","Bacteroidia","Bacteroidales","Bacteroidaceae","Bacteroides",NA
"ASV2853","Bacteria","Firmicutes",NA,NA,NA,NA,NA
"ASV2854","Bacteria","Firmicutes","Clostridia","Lachnospirales","Lachnospiraceae","Tyzzerella",NA
"ASV2855","Bacteria","Firmicutes","Bacilli","Erysipelotrichales","Erysipelotrichaceae","[Clostridium] innocuum group","aff."
"ASV2856","Bacteria","Firmicutes","Bacilli","Lactobacillales","Lactobacillaceae","Lactiplantibacillus",NA
"ASV2857","Bacteria","Proteobacteria","Gammaproteobacteria","Enterobacterales",NA,NA,NA
"ASV2858","Bacteria","Firmicutes","Bacilli","Lactobacillales","Enterococcaceae","Enterococcus",NA
"ASV2859","Bacteria","Firmicutes","Clostridia","Lachnospirales","Lachnospiraceae",NA,NA
"ASV2860","Bacteria","Firmicutes","Clostridia","Lachnospirales","Lachnospiraceae",NA,NA
"ASV2861","Bacteria","Firmicutes","Bacilli","Lactobacillales","Streptococcaceae","Streptococcus","vestibularis"
"ASV2862","Bacteria","Bacteroidota","Bacteroidia","Bacteroidales","Tannerellaceae","Parabacteroides","distasonis"
"ASV2863","Bacteria","Proteobacteria","Gammaproteobacteria","Enterobacterales","Enterobacteriaceae",NA,NA
"ASV2864","Bacteria","Firmicutes","Bacilli","Lactobacillales","Streptococcaceae","Streptococcus","vestibularis"
"ASV2865","Bacteria","Firmicutes","Negativicutes","Veillonellales-Selenomonadales","Veillonellaceae","Veillonella","dispar"
"ASV2866","Bacteria","Actinobacteriota","Actinobacteria","Bifidobacteriales","Bifidobacteriaceae","Bifidobacterium",NA
"ASV2867","Bacteria","Firmicutes","Bacilli","Erysipelotrichales","Erysipelotrichaceae","[Clostridium] innocuum group","innocuum"
"ASV2868","Bacteria","Firmicutes","Clostridia","Lachnospirales","Lachnospiraceae",NA,NA
"ASV2869","Bacteria","Firmicutes","Clostridia","Clostridiales","Clostridiaceae","Clostridium sensu stricto 1","paraputrificum"
"ASV2870","Bacteria","Actinobacteriota","Actinobacteria","Bifidobacteriales","Bifidobacteriaceae","Bifidobacterium",NA
"ASV2871","Bacteria","Firmicutes","Clostridia","Lachnospirales","Lachnospiraceae",NA,NA
"ASV2872","Bacteria","Firmicutes","Clostridia","Lachnospirales","Lachnospiraceae","Roseburia",NA
"ASV2873","Bacteria","Firmicutes","Clostridia","Oscillospirales","Ruminococcaceae",NA,NA
"ASV2874","Bacteria","Fusobacteriota","Fusobacteriia","Fusobacteriales","Fusobacteriaceae","Fusobacterium",NA
"ASV2875","Bacteria","Firmicutes","Clostridia","Lachnospirales","Lachnospiraceae",NA,NA
"ASV2876","Bacteria","Proteobacteria","Gammaproteobacteria","Enterobacterales",NA,NA,NA
"ASV2877","Bacteria","Actinobacteriota","Actinobacteria","Bifidobacteriales","Bifidobacteriaceae","Bifidobacterium",NA
"ASV2878","Bacteria","Actinobacteriota","Actinobacteria","Bifidobacteriales","Bifidobacteriaceae","Bifidobacterium",NA
"ASV2879","Bacteria","Firmicutes","Clostridia","Clostridiales","Clostridiaceae",NA,NA
"ASV2880","Bacteria","Firmicutes","Clostridia","Lachnospirales","Lachnospiraceae","Blautia",NA
"ASV2881","Bacteria","Proteobacteria","Gammaproteobacteria","Enterobacterales",NA,NA,NA
"ASV2882","Bacteria","Firmicutes","Bacilli","Lactobacillales","Enterococcaceae","Enterococcus",NA
"ASV2883","Bacteria","Firmicutes","Clostridia","Clostridiales","Clostridiaceae","Clostridium sensu stricto 1",NA
"ASV2884","Bacteria","Firmicutes","Clostridia","Clostridiales","Clostridiaceae","Clostridium sensu stricto 1",NA
"ASV2885","Bacteria","Actinobacteriota","Actinobacteria","Bifidobacteriales","Bifidobacteriaceae","Bifidobacterium",NA
"ASV2886","Bacteria",NA,NA,NA,NA,NA,NA
"ASV2887","Bacteria","Bacteroidota","Bacteroidia","Bacteroidales","Bacteroidaceae","Bacteroides",NA
"ASV2888","Bacteria","Proteobacteria","Gammaproteobacteria","Enterobacterales",NA,NA,NA
"ASV2889","Bacteria","Firmicutes","Bacilli","Lactobacillales","Enterococcaceae","Enterococcus",NA
"ASV2890","Bacteria","Firmicutes","Clostridia","Lachnospirales","Lachnospiraceae",NA,NA
"ASV2891","Bacteria","Verrucomicrobiota","Verrucomicrobiae","Verrucomicrobiales","Akkermansiaceae","Akkermansia","muciniphila"
"ASV2892","Bacteria","Firmicutes","Clostridia","Peptostreptococcales-Tissierellales","Peptostreptococcaceae","Intestinibacter","bartlettii"
"ASV2893","Bacteria","Firmicutes","Clostridia","Lachnospirales","Lachnospiraceae",NA,NA
"ASV2894","Bacteria","Firmicutes","Clostridia","Clostridiales","Clostridiaceae","Clostridium sensu stricto 1",NA
"ASV2895","Bacteria","Bacteroidota","Bacteroidia","Bacteroidales","Bacteroidaceae","Bacteroides",NA
"ASV2896","Bacteria","Bacteroidota","Bacteroidia","Bacteroidales","Bacteroidaceae","Bacteroides","fragilis"
"ASV2897","Bacteria","Firmicutes","Clostridia","Lachnospirales","Lachnospiraceae",NA,NA
"ASV2898","Bacteria","Bacteroidota","Bacteroidia","Bacteroidales","Bacteroidaceae","Bacteroides",NA
"ASV2899","Bacteria","Bacteroidota","Bacteroidia","Bacteroidales","Bacteroidaceae","Bacteroides","kribbi"
"ASV2900","Bacteria","Bacteroidota","Bacteroidia","Bacteroidales","Tannerellaceae","Parabacteroides",NA
"ASV2901","Bacteria","Actinobacteriota","Actinobacteria","Bifidobacteriales","Bifidobacteriaceae","Bifidobacterium","catenulatum"
"ASV2902","Bacteria","Firmicutes","Clostridia","Oscillospirales","Ruminococcaceae","Incertae Sedis",NA
"ASV2903","Bacteria","Actinobacteriota","Coriobacteriia","Coriobacteriales","Coriobacteriaceae","Collinsella",NA
"ASV2904","Bacteria","Firmicutes","Clostridia","Lachnospirales","Lachnospiraceae",NA,NA
"ASV2905","Bacteria","Firmicutes","Bacilli","Lactobacillales","Lactobacillaceae","Lacticaseibacillus",NA
"ASV2906","Bacteria","Firmicutes","Clostridia","Clostridiales","Clostridiaceae","Clostridium sensu stricto 1",NA
"ASV2907","Bacteria","Firmicutes","Bacilli","Erysipelotrichales","Erysipelotrichaceae","[Clostridium] innocuum group",NA
"ASV2908","Bacteria","Firmicutes","Bacilli","Lactobacillales","Lactobacillaceae","Lacticaseibacillus",NA
"ASV2909","Bacteria","Actinobacteriota","Coriobacteriia","Coriobacteriales","Eggerthellaceae","Eggerthella",NA
"ASV2910","Bacteria","Proteobacteria","Gammaproteobacteria","Enterobacterales",NA,NA,NA
"ASV2911","Bacteria","Proteobacteria","Gammaproteobacteria","Enterobacterales","Enterobacteriaceae","Escherichia-Shigella",NA
"ASV2912","Bacteria","Bacteroidota","Bacteroidia","Bacteroidales","Prevotellaceae","Alloprevotella","rava"
"ASV2913","Bacteria","Firmicutes","Bacilli","Lactobacillales",NA,NA,NA
"ASV2914","Bacteria","Proteobacteria","Gammaproteobacteria","Enterobacterales","Enterobacteriaceae","Escherichia-Shigella","marmotae"
"ASV2915","Bacteria","Actinobacteriota","Actinobacteria","Actinomycetales","Actinomycetaceae","Varibaculum","cambriense"
"ASV2916","Bacteria","Bacteroidota","Bacteroidia","Bacteroidales","Bacteroidaceae","Bacteroides",NA
"ASV2917","Bacteria","Firmicutes",NA,NA,NA,NA,NA
"ASV2918","Bacteria","Firmicutes","Clostridia","Clostridiales","Clostridiaceae",NA,NA
"ASV2919","Bacteria","Firmicutes","Bacilli","Lactobacillales",NA,NA,NA
"ASV2920","Bacteria","Firmicutes","Bacilli","Lactobacillales","Enterococcaceae","Enterococcus",NA
"ASV2921","Bacteria","Firmicutes","Negativicutes","Veillonellales-Selenomonadales","Veillonellaceae","Anaeroglobus",NA
"ASV2922","Bacteria","Bacteroidota","Bacteroidia","Bacteroidales","Bacteroidaceae","Bacteroides","dorei"
"ASV2923","Bacteria",NA,NA,NA,NA,NA,NA
"ASV2924","Bacteria","Firmicutes","Clostridia","Lachnospirales","Lachnospiraceae","Sellimonas",NA
"ASV2925","Bacteria","Proteobacteria","Gammaproteobacteria","Enterobacterales","Enterobacteriaceae",NA,NA
"ASV2926","Bacteria","Firmicutes","Clostridia","Lachnospirales","Lachnospiraceae","Hungatella",NA
"ASV2927","Bacteria","Actinobacteriota","Coriobacteriia","Coriobacteriales","Coriobacteriaceae","Collinsella",NA
"ASV2928","Bacteria","Actinobacteriota","Coriobacteriia","Coriobacteriales",NA,NA,NA
"ASV2929","Bacteria","Firmicutes","Clostridia","Lachnospirales","Lachnospiraceae",NA,NA
"ASV2930","Bacteria","Firmicutes","Clostridia","Peptostreptococcales-Tissierellales","Peptostreptococcaceae",NA,NA
"ASV2931","Bacteria","Firmicutes","Clostridia","Lachnospirales","Lachnospiraceae",NA,NA
"ASV2932","Bacteria","Firmicutes","Bacilli","Lactobacillales","Enterococcaceae",NA,NA
"ASV2933","Bacteria","Bacteroidota","Bacteroidia","Bacteroidales","Bacteroidaceae","Bacteroides","fragilis"
"ASV2934","Bacteria","Firmicutes","Bacilli","Lactobacillales","Streptococcaceae","Streptococcus","vestibularis"
"ASV2935","Bacteria","Actinobacteriota","Actinobacteria","Bifidobacteriales","Bifidobacteriaceae","Bifidobacterium",NA
"ASV2936","Bacteria","Actinobacteriota","Actinobacteria","Micrococcales","Micrococcaceae","Rothia","mucilaginosa"
"ASV2937","Bacteria","Firmicutes","Clostridia","Lachnospirales","Lachnospiraceae","Lachnospiraceae FE2018 group",NA
"ASV2938","Bacteria","Firmicutes","Clostridia","Lachnospirales","Lachnospiraceae","Hungatella","hathewayi"
"ASV2939","Bacteria","Actinobacteriota","Actinobacteria","Bifidobacteriales","Bifidobacteriaceae","Bifidobacterium",NA
"ASV2940","Bacteria","Actinobacteriota","Actinobacteria","Actinomycetales","Actinomycetaceae","Varibaculum",NA
"ASV2941","Bacteria","Firmicutes","Bacilli","Lactobacillales","Lactobacillaceae","Lactiplantibacillus",NA
"ASV2942","Bacteria","Bacteroidota","Bacteroidia","Bacteroidales","Bacteroidaceae","Bacteroides",NA
"ASV2943","Bacteria","Firmicutes","Bacilli","Lactobacillales",NA,NA,NA
"ASV2944","Bacteria","Firmicutes","Clostridia","Peptostreptococcales-Tissierellales","Peptostreptococcaceae",NA,NA
"ASV2945","Bacteria","Actinobacteriota","Coriobacteriia","Coriobacteriales","Coriobacteriaceae","Collinsella",NA
"ASV2946","Bacteria","Proteobacteria","Gammaproteobacteria","Enterobacterales","Enterobacteriaceae",NA,NA
"ASV2947","Bacteria","Firmicutes","Clostridia","Clostridiales","Clostridiaceae","Sarcina",NA
"ASV2948","Bacteria","Proteobacteria","Gammaproteobacteria","Enterobacterales","Enterobacteriaceae",NA,NA
"ASV2949","Bacteria","Firmicutes","Bacilli","Lactobacillales","Enterococcaceae",NA,NA
"ASV2950","Bacteria","Actinobacteriota","Coriobacteriia","Coriobacteriales","Coriobacteriaceae","Collinsella","massiliensis"
"ASV2951","Bacteria","Firmicutes","Bacilli","Lactobacillales",NA,NA,NA
"ASV2952","Bacteria","Firmicutes","Clostridia","Clostridiales","Clostridiaceae","Clostridium sensu stricto 1",NA
"ASV2953","Bacteria","Actinobacteriota","Actinobacteria","Corynebacteriales","Mycobacteriaceae","Mycobacterium","ahvazicum"
"ASV2954","Bacteria","Firmicutes",NA,NA,NA,NA,NA
"ASV2955","Bacteria","Actinobacteriota","Actinobacteria","Bifidobacteriales","Bifidobacteriaceae","Bifidobacterium",NA
"ASV2956","Bacteria","Actinobacteriota","Actinobacteria","Bifidobacteriales","Bifidobacteriaceae","Bifidobacterium",NA
"ASV2957","Bacteria","Firmicutes","Clostridia","Lachnospirales","Lachnospiraceae","Blautia",NA
"ASV2958","Bacteria","Proteobacteria","Gammaproteobacteria","Pseudomonadales","Pseudomonadaceae","Pseudomonas","rhodesiae"
"ASV2959","Bacteria","Actinobacteriota","Actinobacteria","Bifidobacteriales","Bifidobacteriaceae","Bifidobacterium","bifidum"
"ASV2960","Bacteria","Actinobacteriota","Actinobacteria","Bifidobacteriales","Bifidobacteriaceae","Bifidobacterium",NA
"ASV2961","Bacteria","Proteobacteria","Gammaproteobacteria","Enterobacterales","Enterobacteriaceae","Escherichia-Shigella","marmotae"
"ASV2962","Bacteria","Bacteroidota","Bacteroidia","Bacteroidales","Bacteroidaceae","Bacteroides",NA
"ASV2963","Bacteria","Firmicutes","Negativicutes","Acidaminococcales","Acidaminococcaceae","Phascolarctobacterium","succinatutens"
"ASV2964","Bacteria","Actinobacteriota","Actinobacteria","Bifidobacteriales","Bifidobacteriaceae","Bifidobacterium",NA
"ASV2965","Bacteria","Actinobacteriota","Actinobacteria","Bifidobacteriales","Bifidobacteriaceae","Bifidobacterium",NA
"ASV2966","Bacteria","Actinobacteriota","Actinobacteria","Bifidobacteriales","Bifidobacteriaceae","Bifidobacterium",NA
"ASV2967","Bacteria","Firmicutes","Clostridia","Lachnospirales","Lachnospiraceae",NA,NA
"ASV2968","Bacteria","Firmicutes","Clostridia","Eubacteriales","Eubacteriaceae","Eubacterium","callanderi"
"ASV2969","Bacteria","Bacteroidota","Bacteroidia","Bacteroidales","Bacteroidaceae","Bacteroides","fragilis"
"ASV2970","Bacteria","Verrucomicrobiota","Verrucomicrobiae","Verrucomicrobiales","Akkermansiaceae","Akkermansia",NA
"ASV2971","Bacteria","Bacteroidota","Bacteroidia","Bacteroidales","Bacteroidaceae","Bacteroides","vulgatus"
"ASV2972","Bacteria","Firmicutes","Bacilli","Lactobacillales","Streptococcaceae","Streptococcus",NA
"ASV2973","Bacteria","Bacteroidota","Bacteroidia","Bacteroidales","Tannerellaceae","Parabacteroides","distasonis"
"ASV2974","Bacteria","Actinobacteriota","Coriobacteriia","Coriobacteriales","Coriobacteriaceae","Collinsella","aerofaciens"
"ASV2975","Bacteria","Actinobacteriota","Coriobacteriia","Coriobacteriales",NA,NA,NA
"ASV2976","Bacteria","Firmicutes","Clostridia","Peptostreptococcales-Tissierellales","Family XI","Finegoldia",NA
"ASV2977","Bacteria","Firmicutes","Clostridia","Lachnospirales","Lachnospiraceae",NA,NA
"ASV2978","Bacteria","Firmicutes","Negativicutes","Veillonellales-Selenomonadales","Veillonellaceae","Veillonella",NA
"ASV2979","Bacteria","Firmicutes","Clostridia","Clostridiales","Clostridiaceae","Clostridium sensu stricto 1",NA
"ASV2980","Bacteria","Firmicutes","Bacilli","Lactobacillales","Enterococcaceae",NA,NA
"ASV2981","Bacteria","Firmicutes","Bacilli","Lactobacillales","Enterococcaceae","Enterococcus","faecalis"
"ASV2982","Bacteria","Firmicutes","Clostridia","Clostridiales","Clostridiaceae","Clostridium sensu stricto 1",NA
"ASV2983","Bacteria","Proteobacteria","Gammaproteobacteria","Enterobacterales",NA,NA,NA
"ASV2984","Bacteria","Firmicutes","Clostridia","Lachnospirales","Lachnospiraceae","Hungatella","hathewayi"
"ASV2985","Bacteria","Actinobacteriota","Actinobacteria","Bifidobacteriales","Bifidobacteriaceae","Bifidobacterium","breve"
"ASV2986","Bacteria","Bacteroidota","Bacteroidia","Bacteroidales","Tannerellaceae","Parabacteroides","distasonis"
"ASV2987","Bacteria","Firmicutes","Bacilli","Lactobacillales","Enterococcaceae","Enterococcus",NA
"ASV2988","Bacteria","Bacteroidota","Bacteroidia","Bacteroidales","Bacteroidaceae","Bacteroides",NA
"ASV2989","Bacteria","Firmicutes","Negativicutes","Veillonellales-Selenomonadales","Veillonellaceae","Veillonella","ratti"
"ASV2990","Bacteria","Firmicutes","Bacilli","Erysipelotrichales","Erysipelatoclostridiaceae","Erysipelatoclostridium","ramosum"
"ASV2991","Bacteria","Firmicutes","Bacilli","Lactobacillales","Enterococcaceae","Enterococcus",NA
"ASV2992","Bacteria","Bacteroidota","Bacteroidia","Bacteroidales","Bacteroidaceae","Bacteroides","fragilis"
"ASV2993","Bacteria","Firmicutes","Bacilli","Lactobacillales","Streptococcaceae","Streptococcus",NA
"ASV2994","Bacteria","Proteobacteria","Gammaproteobacteria","Enterobacterales","Enterobacteriaceae",NA,NA
"ASV2995","Bacteria","Bacteroidota","Bacteroidia","Bacteroidales","Tannerellaceae","Parabacteroides","merdae"
"ASV2996","Bacteria","Proteobacteria","Gammaproteobacteria","Enterobacterales",NA,NA,NA
"ASV2997","Bacteria","Firmicutes","Clostridia","Clostridiales","Clostridiaceae",NA,NA
"ASV2998","Bacteria","Actinobacteriota","Actinobacteria","Bifidobacteriales","Bifidobacteriaceae","Bifidobacterium",NA
"ASV2999","Bacteria","Bacteroidota","Bacteroidia","Bacteroidales","Bacteroidaceae","Bacteroides",NA
"ASV3000","Bacteria","Actinobacteriota","Actinobacteria","Bifidobacteriales","Bifidobacteriaceae","Bifidobacterium",NA
"ASV3001","Bacteria","Actinobacteriota","Actinobacteria","Bifidobacteriales","Bifidobacteriaceae","Bifidobacterium",NA
"ASV3002","Bacteria","Firmicutes","Bacilli","Staphylococcales","Staphylococcaceae","Staphylococcus",NA
"ASV3003","Bacteria","Firmicutes","Clostridia","Lachnospirales","Lachnospiraceae",NA,NA
"ASV3004","Bacteria","Firmicutes","Negativicutes","Veillonellales-Selenomonadales","Veillonellaceae","Megasphaera","micronuciformis"
"ASV3005","Bacteria",NA,NA,NA,NA,NA,NA
"ASV3006","Bacteria","Proteobacteria","Alphaproteobacteria","Rhizobiales","Xanthobacteraceae",NA,NA
"ASV3007","Bacteria","Bacteroidota","Bacteroidia","Bacteroidales",NA,NA,NA
"ASV3008","Bacteria","Bacteroidota","Bacteroidia","Bacteroidales","Dysgonomonadaceae","Dysgonomonas","capnocytophagoides"
"ASV3009","Bacteria","Proteobacteria","Gammaproteobacteria","Enterobacterales","Pasteurellaceae","Haemophilus",NA
"ASV3010","Bacteria","Actinobacteriota","Coriobacteriia","Coriobacteriales","Coriobacteriaceae","Collinsella","aerofaciens"
"ASV3011","Bacteria","Firmicutes","Clostridia","Clostridiales","Clostridiaceae",NA,NA
"ASV3012","Bacteria","Firmicutes",NA,NA,NA,NA,NA
"ASV3013","Bacteria","Firmicutes","Negativicutes","Veillonellales-Selenomonadales","Veillonellaceae","Anaeroglobus",NA
"ASV3014","Bacteria","Proteobacteria","Gammaproteobacteria","Enterobacterales","Enterobacteriaceae","Klebsiella","granulomatis"
"ASV3015","Bacteria","Firmicutes","Clostridia","Lachnospirales","Lachnospiraceae",NA,NA
"ASV3016","Bacteria","Verrucomicrobiota","Verrucomicrobiae","Verrucomicrobiales","Akkermansiaceae","Akkermansia","muciniphila"
"ASV3017","Bacteria","Firmicutes","Clostridia","Clostridiales","Clostridiaceae","Clostridium sensu stricto 1",NA
"ASV3018","Bacteria","Firmicutes","Clostridia","Oscillospirales","Ruminococcaceae","Incertae Sedis",NA
"ASV3019","Bacteria","Firmicutes","Clostridia","Clostridiales","Clostridiaceae","Clostridium sensu stricto 1",NA
"ASV3020","Bacteria","Firmicutes","Bacilli","Lactobacillales","Lactobacillaceae",NA,NA
"ASV3021","Bacteria","Actinobacteriota","Actinobacteria","Bifidobacteriales","Bifidobacteriaceae","Bifidobacterium",NA
"ASV3022","Bacteria","Firmicutes","Clostridia","Clostridiales","Clostridiaceae","Clostridium sensu stricto 1",NA
"ASV3023","Bacteria","Firmicutes","Bacilli","Lactobacillales","Lactobacillaceae","Lactiplantibacillus",NA
"ASV3024","Bacteria","Firmicutes","Clostridia","Lachnospirales","Lachnospiraceae",NA,NA
"ASV3025","Bacteria","Bacteroidota","Bacteroidia","Bacteroidales","Bacteroidaceae","Bacteroides",NA
"ASV3026","Bacteria","Proteobacteria","Gammaproteobacteria","Enterobacterales",NA,NA,NA
"ASV3027","Bacteria","Firmicutes","Clostridia","Lachnospirales","Lachnospiraceae",NA,NA
"ASV3028","Bacteria","Firmicutes","Clostridia","Lachnospirales","Lachnospiraceae",NA,NA
"ASV3029","Bacteria","Firmicutes","Bacilli","Erysipelotrichales","Erysipelatoclostridiaceae","Erysipelatoclostridium","ramosum"
"ASV3030","Bacteria","Actinobacteriota","Actinobacteria","Bifidobacteriales","Bifidobacteriaceae","Bifidobacterium","bifidum"
"ASV3031","Bacteria","Proteobacteria","Gammaproteobacteria","Enterobacterales","Enterobacteriaceae",NA,NA
"ASV3032","Bacteria","Proteobacteria","Gammaproteobacteria","Enterobacterales",NA,NA,NA
"ASV3033","Bacteria","Actinobacteriota","Actinobacteria","Bifidobacteriales","Bifidobacteriaceae","Bifidobacterium",NA
"ASV3034","Bacteria","Firmicutes","Clostridia","Lachnospirales","Lachnospiraceae",NA,NA
"ASV3035","Bacteria","Firmicutes","Clostridia","Lachnospirales","Lachnospiraceae","Blautia","wexlerae"
"ASV3036","Bacteria","Firmicutes","Clostridia","Lachnospirales","Lachnospiraceae",NA,NA
"ASV3037","Bacteria","Firmicutes","Negativicutes","Veillonellales-Selenomonadales","Veillonellaceae","Veillonella",NA
"ASV3038","Bacteria","Actinobacteriota","Coriobacteriia","Coriobacteriales","Coriobacteriaceae",NA,NA
"ASV3039","Bacteria","Firmicutes","Clostridia","Oscillospirales","Ruminococcaceae","Caproiciproducens",NA
"ASV3040","Bacteria",NA,NA,NA,NA,NA,NA
"ASV3041","Bacteria","Actinobacteriota",NA,NA,NA,NA,NA
"ASV3042","Bacteria","Bacteroidota","Bacteroidia","Bacteroidales",NA,NA,NA
"ASV3043","Bacteria","Firmicutes","Negativicutes","Veillonellales-Selenomonadales","Veillonellaceae","Veillonella","ratti"
"ASV3044","Bacteria","Firmicutes","Negativicutes","Veillonellales-Selenomonadales","Veillonellaceae","Veillonella","atypica"
"ASV3045","Bacteria","Firmicutes","Clostridia","Peptostreptococcales-Tissierellales","Peptostreptococcaceae","Intestinibacter","bartlettii"
"ASV3046","Bacteria","Proteobacteria","Gammaproteobacteria","Enterobacterales","Enterobacteriaceae","Buttiauxella",NA
"ASV3047","Bacteria","Actinobacteriota","Actinobacteria","Bifidobacteriales","Bifidobacteriaceae","Bifidobacterium",NA
"ASV3048","Bacteria","Actinobacteriota","Actinobacteria","Bifidobacteriales","Bifidobacteriaceae","Bifidobacterium","animalis"
"ASV3049","Bacteria","Firmicutes","Bacilli","Erysipelotrichales","Erysipelatoclostridiaceae","Erysipelatoclostridium","ramosum"
"ASV3050","Bacteria","Firmicutes","Clostridia","Clostridiales","Clostridiaceae",NA,NA
"ASV3051","Bacteria","Proteobacteria","Gammaproteobacteria","Enterobacterales","Enterobacteriaceae","Enterobacter","mori"
"ASV3052","Bacteria","Bacteroidota","Bacteroidia","Bacteroidales","Tannerellaceae","Parabacteroides","distasonis"
"ASV3053","Bacteria","Bacteroidota","Bacteroidia","Bacteroidales","Bacteroidaceae","Bacteroides",NA
"ASV3054","Bacteria","Firmicutes","Bacilli","Lactobacillales","Enterococcaceae","Enterococcus",NA
"ASV3055","Bacteria",NA,NA,NA,NA,NA,NA
"ASV3056","Bacteria","Firmicutes","Clostridia","Lachnospirales","Lachnospiraceae","Blautia",NA
"ASV3057","Bacteria","Proteobacteria","Gammaproteobacteria","Enterobacterales","Enterobacteriaceae",NA,NA
"ASV3058","Bacteria","Actinobacteriota","Actinobacteria","Bifidobacteriales","Bifidobacteriaceae","Bifidobacterium",NA
"ASV3059","Bacteria","Firmicutes","Bacilli","Lactobacillales","Lactobacillaceae","Lactobacillus","gasseri"
"ASV3060","Bacteria","Firmicutes","Clostridia","Lachnospirales","Lachnospiraceae","Blautia",NA
"ASV3061","Bacteria","Bacteroidota","Bacteroidia","Bacteroidales","Tannerellaceae","Parabacteroides","distasonis"
"ASV3062","Bacteria","Actinobacteriota","Coriobacteriia","Coriobacteriales","Eggerthellaceae","Eggerthella","lenta"
"ASV3063","Bacteria","Firmicutes","Clostridia","Lachnospirales","Lachnospiraceae","Blautia","wexlerae"
"ASV3064","Bacteria","Bacteroidota","Bacteroidia","Bacteroidales","Tannerellaceae","Parabacteroides","distasonis"
"ASV3065","Bacteria","Firmicutes","Bacilli","Lactobacillales","Enterococcaceae","Enterococcus",NA
"ASV3066","Bacteria","Actinobacteriota","Actinobacteria","Bifidobacteriales","Bifidobacteriaceae","Bifidobacterium","ramosum"
"ASV3067","Bacteria","Firmicutes","Clostridia","Lachnospirales","Lachnospiraceae","Hungatella",NA
"ASV3068","Bacteria","Actinobacteriota","Actinobacteria","Actinomycetales","Actinomycetaceae","Varibaculum",NA
"ASV3069","Bacteria","Firmicutes","Clostridia","Clostridiales","Clostridiaceae","Clostridium sensu stricto 1",NA
"ASV3070","Bacteria","Actinobacteriota","Actinobacteria","Bifidobacteriales","Bifidobacteriaceae","Bifidobacterium","kashiwanohense"
"ASV3071","Bacteria","Firmicutes","Clostridia","Lachnospirales","Lachnospiraceae",NA,NA
"ASV3072","Bacteria","Actinobacteriota","Actinobacteria","Bifidobacteriales","Bifidobacteriaceae","Bifidobacterium",NA
"ASV3073","Bacteria","Firmicutes","Clostridia","Lachnospirales","Lachnospiraceae",NA,NA
"ASV3074","Bacteria","Proteobacteria","Gammaproteobacteria","Enterobacterales","Enterobacteriaceae","Enterobacter",NA
"ASV3075","Bacteria","Firmicutes","Bacilli","Lactobacillales","Enterococcaceae","Enterococcus",NA
"ASV3076","Bacteria","Firmicutes","Clostridia","Lachnospirales","Lachnospiraceae","[Ruminococcus] torques group",NA
"ASV3077","Bacteria","Firmicutes","Negativicutes","Veillonellales-Selenomonadales","Veillonellaceae","Veillonella",NA
"ASV3078","Bacteria","Actinobacteriota","Actinobacteria","Bifidobacteriales","Bifidobacteriaceae","Bifidobacterium",NA
"ASV3079","Bacteria","Proteobacteria","Gammaproteobacteria","Enterobacterales","Enterobacteriaceae","Klebsiella","quasivariicola"
"ASV3080","Bacteria","Firmicutes","Bacilli","Lactobacillales",NA,NA,NA
"ASV3081","Bacteria","Actinobacteriota","Actinobacteria","Bifidobacteriales","Bifidobacteriaceae","Bifidobacterium",NA
"ASV3082","Bacteria","Firmicutes","Bacilli","Lactobacillales","Streptococcaceae",NA,NA
"ASV3083","Bacteria","Actinobacteriota","Actinobacteria","Bifidobacteriales","Bifidobacteriaceae","Bifidobacterium",NA
"ASV3084","Bacteria","Actinobacteriota","Actinobacteria","Bifidobacteriales","Bifidobacteriaceae","Bifidobacterium",NA
"ASV3085","Bacteria","Bacteroidota","Bacteroidia","Bacteroidales","Bacteroidaceae","Bacteroides","eggerthii"
"ASV3086","Bacteria","Actinobacteriota","Actinobacteria","Actinomycetales","Actinomycetaceae","Actinomyces","pacaensis"
"ASV3087","Bacteria","Firmicutes","Clostridia","Lachnospirales","Lachnospiraceae","Sellimonas","intestinalis"
"ASV3088","Bacteria","Actinobacteriota","Coriobacteriia","Coriobacteriales","Coriobacteriaceae","Collinsella","aerofaciens"
"ASV3089","Bacteria","Firmicutes","Negativicutes","Veillonellales-Selenomonadales","Veillonellaceae","Anaeroglobus",NA
"ASV3090","Bacteria","Firmicutes","Clostridia","Clostridiales","Clostridiaceae","Clostridium sensu stricto 1",NA
"ASV3091","Bacteria","Firmicutes","Clostridia","Lachnospirales",NA,NA,NA
"ASV3092","Bacteria","Actinobacteriota","Actinobacteria","Bifidobacteriales","Bifidobacteriaceae","Bifidobacterium","ramosum"
"ASV3093","Bacteria","Proteobacteria","Gammaproteobacteria","Enterobacterales","Pasteurellaceae","Haemophilus",NA
"ASV3094","Bacteria","Firmicutes","Negativicutes","Veillonellales-Selenomonadales","Veillonellaceae","Veillonella",NA
"ASV3095","Bacteria","Actinobacteriota","Actinobacteria","Bifidobacteriales","Bifidobacteriaceae","Bifidobacterium",NA
"ASV3096","Bacteria","Actinobacteriota","Actinobacteria","Bifidobacteriales","Bifidobacteriaceae","Bifidobacterium",NA
"ASV3097","Bacteria","Proteobacteria","Gammaproteobacteria","Enterobacterales","Enterobacteriaceae",NA,NA
"ASV3098","Bacteria","Firmicutes","Clostridia","Clostridiales","Clostridiaceae","Clostridium sensu stricto 1",NA
"ASV3099","Bacteria","Firmicutes","Bacilli","Lactobacillales","Enterococcaceae","Enterococcus",NA
"ASV3100","Bacteria","Firmicutes","Clostridia","Lachnospirales","Lachnospiraceae","Blautia",NA
"ASV3101","Bacteria","Proteobacteria","Alphaproteobacteria","Rhizobiales","Rhizobiaceae",NA,NA
"ASV3102","Bacteria","Firmicutes","Clostridia","Lachnospirales","Lachnospiraceae","Blautia",NA
"ASV3103","Bacteria","Actinobacteriota","Actinobacteria","Bifidobacteriales","Bifidobacteriaceae","Bifidobacterium",NA
"ASV3104","Bacteria","Firmicutes","Clostridia","Lachnospirales","Lachnospiraceae","Blautia",NA
"ASV3105","Bacteria","Actinobacteriota","Coriobacteriia","Coriobacteriales","Coriobacteriaceae","Collinsella",NA
"ASV3106","Bacteria","Actinobacteriota","Actinobacteria","Bifidobacteriales","Bifidobacteriaceae","Bifidobacterium",NA
"ASV3107","Bacteria","Proteobacteria","Gammaproteobacteria","Enterobacterales","Enterobacteriaceae",NA,NA
"ASV3108","Bacteria","Firmicutes","Bacilli","Erysipelotrichales","Erysipelatoclostridiaceae","Erysipelatoclostridium","ramosum"
"ASV3109","Bacteria","Firmicutes","Bacilli","Lactobacillales","Streptococcaceae","Streptococcus","dysgalactiae"
"ASV3110","Bacteria","Proteobacteria","Gammaproteobacteria","Enterobacterales",NA,NA,NA
"ASV3111","Bacteria","Firmicutes","Clostridia","Lachnospirales","Lachnospiraceae",NA,NA
"ASV3112","Bacteria","Firmicutes","Clostridia","Lachnospirales","Lachnospiraceae","Blautia",NA
"ASV3113","Bacteria","Bacteroidota","Bacteroidia","Bacteroidales","Dysgonomonadaceae","Dysgonomonas","capnocytophagoides"
"ASV3114","Bacteria","Firmicutes","Clostridia","Lachnospirales","Lachnospiraceae","Blautia",NA
"ASV3115","Bacteria","Actinobacteriota","Coriobacteriia","Coriobacteriales","Coriobacteriaceae","Collinsella","aerofaciens"
"ASV3116","Bacteria","Firmicutes","Bacilli","Lactobacillales","Lactobacillaceae","Lacticaseibacillus",NA
"ASV3117","Bacteria","Actinobacteriota","Actinobacteria","Bifidobacteriales","Bifidobacteriaceae","Bifidobacterium",NA
"ASV3118","Bacteria","Actinobacteriota","Actinobacteria","Bifidobacteriales","Bifidobacteriaceae","Bifidobacterium","kashiwanohense"
"ASV3119","Bacteria","Actinobacteriota","Actinobacteria","Bifidobacteriales","Bifidobacteriaceae","Bifidobacterium","bifidum"
"ASV3120","Bacteria","Firmicutes","Bacilli","Staphylococcales","Staphylococcaceae","Staphylococcus",NA
"ASV3121","Bacteria","Proteobacteria","Gammaproteobacteria","Enterobacterales",NA,NA,NA
"ASV3122","Bacteria","Firmicutes","Bacilli","Lactobacillales","Streptococcaceae","Streptococcus",NA
"ASV3123","Bacteria","Actinobacteriota","Actinobacteria","Bifidobacteriales","Bifidobacteriaceae","Bifidobacterium",NA
"ASV3124","Bacteria","Actinobacteriota","Coriobacteriia","Coriobacteriales","Coriobacteriaceae","Collinsella","aerofaciens"
"ASV3125","Bacteria","Firmicutes","Clostridia","Eubacteriales","Eubacteriaceae","Eubacterium","callanderi"
"ASV3126","Bacteria","Actinobacteriota","Actinobacteria","Bifidobacteriales","Bifidobacteriaceae","Bifidobacterium",NA
"ASV3127","Bacteria","Bacteroidota","Bacteroidia","Bacteroidales","Bacteroidaceae","Bacteroides",NA
"ASV3128","Bacteria","Firmicutes","Clostridia","Lachnospirales","Lachnospiraceae","Sellimonas",NA
"ASV3129","Bacteria","Bacteroidota","Bacteroidia","Bacteroidales","Bacteroidaceae","Bacteroides","vulgatus"
"ASV3130","Bacteria","Actinobacteriota","Actinobacteria","Bifidobacteriales","Bifidobacteriaceae","Bifidobacterium",NA
"ASV3131","Bacteria","Firmicutes","Clostridia","Lachnospirales","Lachnospiraceae","Blautia",NA
"ASV3132","Bacteria","Firmicutes","Negativicutes","Veillonellales-Selenomonadales","Veillonellaceae","Megasphaera","micronuciformis"
"ASV3133","Bacteria","Actinobacteriota","Actinobacteria","Actinomycetales","Actinomycetaceae","Actinomyces","graevenitzii"
"ASV3134","Bacteria","Proteobacteria","Gammaproteobacteria","Enterobacterales","Enterobacteriaceae",NA,NA
"ASV3135","Bacteria","Firmicutes","Clostridia","Lachnospirales","Lachnospiraceae",NA,NA
"ASV3136","Bacteria","Actinobacteriota","Actinobacteria","Bifidobacteriales","Bifidobacteriaceae","Bifidobacterium",NA
"ASV3137","Bacteria","Firmicutes","Clostridia","Clostridiales","Clostridiaceae","Sarcina",NA
"ASV3138","Bacteria","Firmicutes","Bacilli","Lactobacillales",NA,NA,NA
"ASV3139","Bacteria","Actinobacteriota","Actinobacteria","Bifidobacteriales","Bifidobacteriaceae","Bifidobacterium",NA
"ASV3140","Bacteria","Bacteroidota","Bacteroidia","Bacteroidales","Bacteroidaceae","Bacteroides",NA
"ASV3141","Bacteria","Bacteroidota","Bacteroidia","Bacteroidales","Bacteroidaceae","Bacteroides",NA
"ASV3142","Bacteria","Bacteroidota","Bacteroidia","Bacteroidales",NA,NA,NA
"ASV3143","Bacteria","Firmicutes","Bacilli","Lactobacillales",NA,NA,NA
"ASV3144","Bacteria","Firmicutes","Clostridia","Lachnospirales","Lachnospiraceae",NA,NA
"ASV3145","Bacteria","Bacteroidota","Bacteroidia","Bacteroidales","Tannerellaceae","Parabacteroides","distasonis"
"ASV3146","Bacteria","Firmicutes","Negativicutes","Acidaminococcales","Acidaminococcaceae","Phascolarctobacterium","faecium"
"ASV3147","Bacteria","Verrucomicrobiota","Verrucomicrobiae","Verrucomicrobiales","Akkermansiaceae","Akkermansia",NA
"ASV3148","Bacteria","Firmicutes","Clostridia","Oscillospirales","Ruminococcaceae","Incertae Sedis",NA
"ASV3149","Bacteria","Firmicutes","Bacilli","Lactobacillales","Enterococcaceae","Enterococcus",NA
"ASV3150","Bacteria","Firmicutes","Bacilli","Lactobacillales","Enterococcaceae",NA,NA
"ASV3151","Bacteria","Actinobacteriota","Coriobacteriia","Coriobacteriales","Eggerthellaceae","Eggerthella",NA
"ASV3152","Bacteria","Firmicutes","Bacilli","Lactobacillales","Streptococcaceae","Streptococcus","vestibularis"
"ASV3153","Bacteria","Firmicutes","Bacilli","Lactobacillales","Lactobacillaceae",NA,NA
"ASV3154","Bacteria","Actinobacteriota",NA,NA,NA,NA,NA
"ASV3155","Bacteria","Actinobacteriota","Coriobacteriia","Coriobacteriales","Coriobacteriaceae","Collinsella","aerofaciens"
"ASV3156","Bacteria","Verrucomicrobiota","Verrucomicrobiae","Verrucomicrobiales","Akkermansiaceae","Akkermansia",NA
"ASV3157","Bacteria","Actinobacteriota","Actinobacteria","Bifidobacteriales","Bifidobacteriaceae","Bifidobacterium","globosum"
"ASV3158","Bacteria","Firmicutes","Bacilli","Lactobacillales","Enterococcaceae","Enterococcus",NA
"ASV3159","Bacteria","Firmicutes","Negativicutes","Veillonellales-Selenomonadales","Veillonellaceae","Anaeroglobus",NA
"ASV3160","Bacteria","Firmicutes","Bacilli","Lactobacillales","Lactobacillaceae",NA,NA
"ASV3161","Bacteria","Bacteroidota","Bacteroidia","Bacteroidales","Bacteroidaceae","Bacteroides",NA
"ASV3162","Bacteria","Proteobacteria","Gammaproteobacteria","Enterobacterales","Erwiniaceae",NA,NA
"ASV3163","Bacteria","Actinobacteriota","Actinobacteria","Bifidobacteriales","Bifidobacteriaceae","Bifidobacterium","longum"
"ASV3164","Bacteria","Firmicutes","Clostridia","Monoglobales","Monoglobaceae","Monoglobus",NA
"ASV3165","Bacteria","Firmicutes","Clostridia","Lachnospirales","Lachnospiraceae","[Eubacterium] fissicatena group",NA
"ASV3166","Bacteria","Proteobacteria","Gammaproteobacteria","Enterobacterales","Enterobacteriaceae",NA,NA
"ASV3167","Bacteria","Proteobacteria","Gammaproteobacteria","Enterobacterales","Pasteurellaceae",NA,NA
"ASV3168","Bacteria","Actinobacteriota","Coriobacteriia","Coriobacteriales","Coriobacteriaceae","Collinsella",NA
"ASV3169","Bacteria","Firmicutes","Bacilli","Lactobacillales","Lactobacillaceae","Lactobacillus",NA
"ASV3170","Bacteria","Proteobacteria","Gammaproteobacteria","Enterobacterales","Enterobacteriaceae",NA,NA
"ASV3171","Bacteria","Fusobacteriota","Fusobacteriia","Fusobacteriales","Fusobacteriaceae","Fusobacterium","naviforme"
"ASV3172","Bacteria","Actinobacteriota","Actinobacteria","Bifidobacteriales","Bifidobacteriaceae","Bifidobacterium",NA
"ASV3173","Bacteria","Firmicutes","Clostridia","Lachnospirales","Lachnospiraceae",NA,NA
"ASV3174","Bacteria","Actinobacteriota","Actinobacteria","Bifidobacteriales","Bifidobacteriaceae","Bifidobacterium","ramosum"
"ASV3175","Bacteria","Proteobacteria","Gammaproteobacteria","Pseudomonadales","Pseudomonadaceae","Pseudomonas","rhodesiae"
"ASV3176","Bacteria","Firmicutes","Clostridia","Lachnospirales","Lachnospiraceae",NA,NA
"ASV3177","Bacteria","Bacteroidota","Bacteroidia","Bacteroidales","Bacteroidaceae","Bacteroides","fragilis"
"ASV3178","Bacteria","Proteobacteria","Gammaproteobacteria","Enterobacterales","Enterobacteriaceae","Buttiauxella",NA
"ASV3179","Bacteria","Firmicutes","Clostridia","Lachnospirales","Lachnospiraceae",NA,NA
"ASV3180","Bacteria","Firmicutes","Negativicutes","Veillonellales-Selenomonadales","Veillonellaceae","Anaeroglobus",NA
"ASV3181","Bacteria","Actinobacteriota","Actinobacteria","Bifidobacteriales","Bifidobacteriaceae","Bifidobacterium","ramosum"
"ASV3182","Bacteria","Firmicutes","Clostridia","Clostridiales","Clostridiaceae","Sarcina",NA
"ASV3183","Bacteria","Firmicutes","Bacilli","Lactobacillales","Enterococcaceae",NA,NA
"ASV3184","Bacteria","Proteobacteria","Gammaproteobacteria","Enterobacterales","Enterobacteriaceae","Escherichia-Shigella",NA
"ASV3185","Bacteria","Firmicutes","Negativicutes","Veillonellales-Selenomonadales","Veillonellaceae","Anaeroglobus",NA
"ASV3186","Bacteria","Actinobacteriota","Coriobacteriia","Coriobacteriales","Coriobacteriaceae","Collinsella","aerofaciens"
"ASV3187","Bacteria","Proteobacteria","Gammaproteobacteria","Enterobacterales","Enterobacteriaceae","Escherichia-Shigella",NA
"ASV3188","Bacteria","Actinobacteriota","Actinobacteria","Corynebacteriales","Corynebacteriaceae","Corynebacterium",NA
"ASV3189","Bacteria","Bacteroidota","Bacteroidia","Bacteroidales","Bacteroidaceae","Bacteroides","kribbi"
"ASV3190","Bacteria","Actinobacteriota","Actinobacteria","Bifidobacteriales","Bifidobacteriaceae","Bifidobacterium",NA
"ASV3191","Bacteria","Firmicutes","Negativicutes","Veillonellales-Selenomonadales","Veillonellaceae","Megasphaera","micronuciformis"
"ASV3192","Bacteria","Bacteroidota","Bacteroidia","Bacteroidales","Dysgonomonadaceae","Dysgonomonas","capnocytophagoides"
"ASV3193","Bacteria","Firmicutes","Bacilli","Lactobacillales","Enterococcaceae","Enterococcus",NA
"ASV3194","Bacteria","Firmicutes","Clostridia","Lachnospirales","Lachnospiraceae",NA,NA
"ASV3195","Bacteria","Firmicutes","Clostridia","Peptostreptococcales-Tissierellales","Peptostreptococcaceae",NA,NA
"ASV3196","Bacteria","Actinobacteriota","Coriobacteriia","Coriobacteriales","Eggerthellaceae","Eggerthella","lenta"
"ASV3197","Bacteria","Firmicutes","Bacilli","Lactobacillales","Lactobacillaceae","Lactiplantibacillus",NA
"ASV3198","Bacteria","Actinobacteriota","Actinobacteria","Bifidobacteriales","Bifidobacteriaceae","Bifidobacterium",NA
"ASV3199","Bacteria","Proteobacteria","Gammaproteobacteria","Enterobacterales",NA,NA,NA
"ASV3200","Bacteria","Actinobacteriota","Actinobacteria","Bifidobacteriales","Bifidobacteriaceae","Bifidobacterium",NA
"ASV3201","Bacteria","Firmicutes",NA,NA,NA,NA,NA
"ASV3202","Bacteria","Firmicutes","Bacilli","Staphylococcales","Gemellaceae","Gemella","sanguinis"
"ASV3203","Bacteria",NA,NA,NA,NA,NA,NA
"ASV3204","Bacteria","Firmicutes","Clostridia","Lachnospirales","Lachnospiraceae","Roseburia",NA
"ASV3205","Bacteria","Firmicutes","Bacilli","Lactobacillales","Lactobacillaceae","Lactobacillus",NA
"ASV3206","Bacteria","Firmicutes","Clostridia","Lachnospirales","Lachnospiraceae",NA,NA
"ASV3207","Bacteria","Firmicutes","Clostridia","Oscillospirales","Ruminococcaceae",NA,NA
"ASV3208","Bacteria","Actinobacteriota","Coriobacteriia","Coriobacteriales","Coriobacteriaceae","Collinsella",NA
"ASV3209","Bacteria","Proteobacteria","Gammaproteobacteria","Enterobacterales","Enterobacteriaceae",NA,NA
"ASV3210","Bacteria","Firmicutes","Bacilli","Lactobacillales","Enterococcaceae","Enterococcus",NA
"ASV3211","Bacteria","Proteobacteria","Gammaproteobacteria","Enterobacterales","Enterobacteriaceae","Salmonella",NA
"ASV3212","Bacteria","Actinobacteriota","Actinobacteria","Bifidobacteriales","Bifidobacteriaceae","Bifidobacterium",NA
"ASV3213","Bacteria","Firmicutes","Clostridia","Lachnospirales","Lachnospiraceae",NA,NA
"ASV3214","Bacteria","Firmicutes","Bacilli","Staphylococcales","Staphylococcaceae","Staphylococcus",NA
"ASV3215","Bacteria","Bacteroidota","Bacteroidia","Bacteroidales","Bacteroidaceae","Bacteroides","vulgatus"
"ASV3216","Bacteria","Firmicutes","Bacilli","Lactobacillales","Lactobacillaceae",NA,NA
"ASV3217","Bacteria","Actinobacteriota","Actinobacteria","Bifidobacteriales","Bifidobacteriaceae","Bifidobacterium",NA
"ASV3218","Bacteria","Firmicutes","Bacilli","Lactobacillales",NA,NA,NA
"ASV3219","Bacteria","Firmicutes",NA,NA,NA,NA,NA
"ASV3220","Bacteria","Firmicutes","Bacilli","Lactobacillales","Streptococcaceae","Streptococcus","pyogenes"
"ASV3221","Bacteria","Firmicutes","Negativicutes","Veillonellales-Selenomonadales","Veillonellaceae","Anaeroglobus",NA
"ASV3222","Bacteria","Actinobacteriota","Actinobacteria",NA,NA,NA,NA
"ASV3223","Bacteria","Firmicutes","Bacilli","Erysipelotrichales","Erysipelotrichaceae","Turicibacter","sanguinis"
"ASV3224","Bacteria","Firmicutes","Clostridia","Eubacteriales","Eubacteriaceae","Eubacterium","callanderi"
"ASV3225","Bacteria","Firmicutes","Clostridia","Lachnospirales","Lachnospiraceae",NA,NA
"ASV3226","Bacteria","Actinobacteriota","Actinobacteria","Actinomycetales","Actinomycetaceae","Arcanobacterium",NA
"ASV3227","Bacteria","Actinobacteriota","Actinobacteria","Actinomycetales","Actinomycetaceae","Varibaculum","cambriense"
"ASV3228","Bacteria","Bacteroidota","Bacteroidia","Bacteroidales","Bacteroidaceae","Bacteroides","fragilis"
"ASV3229","Bacteria","Actinobacteriota","Actinobacteria","Bifidobacteriales","Bifidobacteriaceae","Bifidobacterium",NA
"ASV3230","Bacteria","Actinobacteriota",NA,NA,NA,NA,NA
"ASV3231","Bacteria","Firmicutes",NA,NA,NA,NA,NA
"ASV3232","Bacteria","Firmicutes","Clostridia","Oscillospirales","Ruminococcaceae","Incertae Sedis",NA
"ASV3233","Bacteria","Proteobacteria","Gammaproteobacteria","Enterobacterales","Enterobacteriaceae",NA,NA
"ASV3234","Bacteria","Actinobacteriota","Actinobacteria","Bifidobacteriales","Bifidobacteriaceae","Bifidobacterium",NA
"ASV3235","Bacteria","Proteobacteria","Gammaproteobacteria","Enterobacterales",NA,NA,NA
"ASV3236","Bacteria","Proteobacteria","Gammaproteobacteria","Enterobacterales","Enterobacteriaceae",NA,NA
"ASV3237","Bacteria","Actinobacteriota","Actinobacteria","Bifidobacteriales","Bifidobacteriaceae","Bifidobacterium",NA
"ASV3238","Bacteria","Actinobacteriota","Actinobacteria","Actinomycetales","Actinomycetaceae","Actinomyces",NA
"ASV3239","Bacteria","Cyanobacteria","Cyanobacteriia","Chloroplast",NA,NA,NA
"ASV3240","Bacteria","Actinobacteriota","Actinobacteria","Bifidobacteriales","Bifidobacteriaceae","Bifidobacterium",NA
"ASV3241","Bacteria","Firmicutes","Clostridia","Eubacteriales","Eubacteriaceae",NA,NA
"ASV3242","Bacteria","Firmicutes","Negativicutes","Veillonellales-Selenomonadales","Veillonellaceae","Veillonella","atypica"
"ASV3243","Bacteria","Bacteroidota","Bacteroidia","Bacteroidales","Tannerellaceae","Parabacteroides","merdae"
"ASV3244","Bacteria","Bacteroidota","Bacteroidia","Bacteroidales","Bacteroidaceae","Bacteroides",NA
"ASV3245","Bacteria","Bacteroidota","Bacteroidia","Bacteroidales","Bacteroidaceae","Bacteroides",NA
"ASV3246","Bacteria","Proteobacteria","Gammaproteobacteria","Enterobacterales",NA,NA,NA
"ASV3247","Bacteria","Firmicutes","Clostridia","Clostridiales","Clostridiaceae","Clostridium sensu stricto 1","butyricum"
"ASV3248","Bacteria","Firmicutes","Bacilli","Lactobacillales","Streptococcaceae","Streptococcus","vestibularis"
"ASV3249","Bacteria","Proteobacteria","Gammaproteobacteria","Enterobacterales","Enterobacteriaceae",NA,NA
"ASV3250","Bacteria","Actinobacteriota",NA,NA,NA,NA,NA
"ASV3251","Bacteria","Proteobacteria","Gammaproteobacteria","Enterobacterales","Enterobacteriaceae","Pluralibacter",NA
"ASV3252","Bacteria","Bacteroidota","Bacteroidia","Bacteroidales","Tannerellaceae","Parabacteroides",NA
"ASV3253","Bacteria","Firmicutes","Clostridia","Lachnospirales","Lachnospiraceae",NA,NA
"ASV3254","Bacteria","Bacteroidota","Bacteroidia","Bacteroidales","Bacteroidaceae","Bacteroides","vulgatus"
"ASV3255","Bacteria","Proteobacteria","Gammaproteobacteria","Enterobacterales",NA,NA,NA
"ASV3256","Bacteria","Firmicutes","Bacilli",NA,NA,NA,NA
"ASV3257","Bacteria","Firmicutes","Negativicutes","Veillonellales-Selenomonadales","Veillonellaceae","Veillonella","seminalis"
"ASV3258","Bacteria","Firmicutes","Bacilli","Lactobacillales","Enterococcaceae",NA,NA
"ASV3259","Bacteria","Firmicutes","Clostridia","Oscillospirales","Oscillospiraceae","Flavonifractor","plautii"
"ASV3260","Bacteria","Proteobacteria","Gammaproteobacteria","Enterobacterales","Enterobacteriaceae","Escherichia-Shigella",NA
"ASV3261","Bacteria","Firmicutes","Bacilli","Lactobacillales","Streptococcaceae","Streptococcus",NA
"ASV3262","Bacteria","Bacteroidota","Bacteroidia","Bacteroidales","Bacteroidaceae","Bacteroides",NA
"ASV3263","Bacteria","Proteobacteria","Gammaproteobacteria","Enterobacterales","Enterobacteriaceae","Enterobacter",NA
"ASV3264","Bacteria",NA,NA,NA,NA,NA,NA
"ASV3265","Bacteria","Firmicutes","Bacilli","Lactobacillales","Enterococcaceae","Enterococcus",NA
"ASV3266","Bacteria","Actinobacteriota","Actinobacteria","Bifidobacteriales","Bifidobacteriaceae","Bifidobacterium",NA
"ASV3267","Bacteria","Actinobacteriota","Coriobacteriia","Coriobacteriales","Eggerthellaceae",NA,NA
"ASV3268","Bacteria","Firmicutes","Bacilli","Lactobacillales","Streptococcaceae","Streptococcus",NA
"ASV3269","Bacteria","Actinobacteriota","Actinobacteria","Bifidobacteriales","Bifidobacteriaceae","Bifidobacterium",NA
"ASV3270","Bacteria","Firmicutes","Clostridia","Lachnospirales","Lachnospiraceae","Blautia","wexlerae"
"ASV3271","Bacteria","Firmicutes","Bacilli",NA,NA,NA,NA
"ASV3272","Bacteria","Firmicutes","Clostridia","Lachnospirales","Lachnospiraceae",NA,NA
"ASV3273","Bacteria","Proteobacteria","Gammaproteobacteria","Enterobacterales",NA,NA,NA
"ASV3274","Bacteria","Fusobacteriota","Fusobacteriia","Fusobacteriales","Fusobacteriaceae","Fusobacterium",NA
"ASV3275","Bacteria","Bacteroidota","Bacteroidia","Bacteroidales",NA,NA,NA
"ASV3276","Bacteria","Bacteroidota","Bacteroidia","Bacteroidales","Bacteroidaceae","Bacteroides","xylanisolvens"
"ASV3277","Bacteria","Proteobacteria","Gammaproteobacteria","Enterobacterales","Enterobacteriaceae","Escherichia-Shigella",NA
"ASV3278","Bacteria","Actinobacteriota","Coriobacteriia","Coriobacteriales","Coriobacteriaceae","Collinsella",NA
"ASV3279","Bacteria","Firmicutes","Bacilli","Erysipelotrichales","Erysipelotrichaceae","[Clostridium] innocuum group",NA
"ASV3280","Bacteria","Firmicutes","Clostridia","Lachnospirales","Lachnospiraceae","Blautia",NA
"ASV3281","Bacteria","Proteobacteria","Gammaproteobacteria","Enterobacterales",NA,NA,NA
"ASV3282","Bacteria","Firmicutes","Clostridia","Clostridiales","Clostridiaceae","Clostridium sensu stricto 1",NA
"ASV3283","Bacteria","Proteobacteria","Gammaproteobacteria","Enterobacterales","Enterobacteriaceae","Escherichia-Shigella",NA
"ASV3284","Bacteria","Actinobacteriota","Coriobacteriia","Coriobacteriales","Coriobacteriaceae","Collinsella",NA
"ASV3285","Bacteria","Actinobacteriota","Actinobacteria","Bifidobacteriales","Bifidobacteriaceae","Bifidobacterium",NA
"ASV3286","Bacteria","Bacteroidota","Bacteroidia","Bacteroidales","Bacteroidaceae","Bacteroides",NA
"ASV3287","Bacteria","Bacteroidota","Bacteroidia","Bacteroidales","Bacteroidaceae","Bacteroides",NA
"ASV3288","Bacteria","Firmicutes","Bacilli","Erysipelotrichales","Erysipelotrichaceae","[Clostridium] innocuum group",NA
"ASV3289","Bacteria","Firmicutes","Clostridia","Lachnospirales","Lachnospiraceae",NA,NA
"ASV3290","Bacteria","Actinobacteriota","Actinobacteria","Bifidobacteriales","Bifidobacteriaceae",NA,NA
"ASV3291","Bacteria","Firmicutes","Bacilli","Staphylococcales","Staphylococcaceae","Staphylococcus",NA
"ASV3292","Bacteria","Firmicutes","Bacilli","Erysipelotrichales","Erysipelotrichaceae","[Clostridium] innocuum group",NA
"ASV3293","Bacteria","Firmicutes","Clostridia","Eubacteriales","Eubacteriaceae","Eubacterium","callanderi"
"ASV3294","Bacteria","Firmicutes","Bacilli","Lactobacillales",NA,NA,NA
"ASV3295","Bacteria","Firmicutes","Clostridia","Peptostreptococcales-Tissierellales","Peptostreptococcaceae","Paraclostridium",NA
"ASV3296","Bacteria","Firmicutes","Negativicutes","Acidaminococcales","Acidaminococcaceae","Phascolarctobacterium","faecium"
"ASV3297","Bacteria","Firmicutes","Clostridia","Lachnospirales","Lachnospiraceae","Hungatella","hathewayi"
"ASV3298","Bacteria","Actinobacteriota","Actinobacteria","Actinomycetales","Actinomycetaceae","Varibaculum","cambriense"
"ASV3299","Bacteria","Firmicutes","Clostridia","Lachnospirales","Lachnospiraceae",NA,NA
"ASV3300","Bacteria","Actinobacteriota","Actinobacteria","Bifidobacteriales","Bifidobacteriaceae","Bifidobacterium","bifidum"
"ASV3301","Bacteria","Proteobacteria","Gammaproteobacteria","Burkholderiales","Sutterellaceae","Sutterella",NA
"ASV3302","Bacteria","Fusobacteriota","Fusobacteriia","Fusobacteriales","Fusobacteriaceae","Fusobacterium","nucleatum"
"ASV3303","Bacteria","Verrucomicrobiota","Verrucomicrobiae","Verrucomicrobiales","Akkermansiaceae","Akkermansia",NA
"ASV3304","Bacteria","Bacteroidota","Bacteroidia","Bacteroidales","Tannerellaceae","Parabacteroides","merdae"
"ASV3305","Bacteria","Firmicutes","Bacilli","Bacillales","Bacillaceae","Bacillus","niacini"
"ASV3306","Bacteria","Proteobacteria","Gammaproteobacteria","Enterobacterales",NA,NA,NA
"ASV3307","Bacteria","Proteobacteria","Gammaproteobacteria","Enterobacterales",NA,NA,NA
"ASV3308","Bacteria","Firmicutes","Clostridia","Lachnospirales","Lachnospiraceae","Hungatella","hathewayi"
"ASV3309","Bacteria","Firmicutes","Clostridia","Clostridiales","Clostridiaceae","Sarcina",NA
"ASV3310","Bacteria","Firmicutes","Negativicutes","Veillonellales-Selenomonadales","Veillonellaceae","Anaeroglobus",NA
"ASV3311","Bacteria","Firmicutes","Negativicutes","Veillonellales-Selenomonadales","Veillonellaceae","Veillonella",NA
"ASV3312","Bacteria","Actinobacteriota","Actinobacteria","Bifidobacteriales","Bifidobacteriaceae","Bifidobacterium","ramosum"
"ASV3313","Bacteria","Proteobacteria","Gammaproteobacteria","Enterobacterales","Enterobacteriaceae","Klebsiella","michiganensis"
"ASV3314","Bacteria","Firmicutes","Negativicutes","Acidaminococcales","Acidaminococcaceae","Phascolarctobacterium","faecium"
"ASV3315","Bacteria","Actinobacteriota","Coriobacteriia","Coriobacteriales","Eggerthellaceae","Eggerthella",NA
"ASV3316","Bacteria","Firmicutes","Bacilli","Lactobacillales","Enterococcaceae","Enterococcus",NA
"ASV3317","Bacteria","Firmicutes","Clostridia",NA,NA,NA,NA
"ASV3318","Bacteria","Bacteroidota","Bacteroidia","Bacteroidales","Tannerellaceae","Parabacteroides","distasonis"
"ASV3319","Bacteria","Firmicutes","Bacilli","Lactobacillales","Enterococcaceae","Enterococcus",NA
"ASV3320","Bacteria","Firmicutes","Negativicutes","Veillonellales-Selenomonadales","Veillonellaceae","Megasphaera","micronuciformis"
"ASV3321","Bacteria","Firmicutes","Bacilli","Lactobacillales","Streptococcaceae","Streptococcus","vestibularis"
"ASV3322","Bacteria","Firmicutes","Clostridia","Clostridiales","Clostridiaceae","Clostridium sensu stricto 1",NA
"ASV3323","Bacteria","Proteobacteria","Gammaproteobacteria","Enterobacterales",NA,NA,NA
"ASV3324","Bacteria","Bacteroidota","Bacteroidia","Bacteroidales","Bacteroidaceae","Bacteroides","fragilis"
"ASV3325","Bacteria","Firmicutes","Negativicutes","Veillonellales-Selenomonadales","Veillonellaceae","Anaeroglobus",NA
"ASV3326","Bacteria","Firmicutes","Clostridia","Clostridiales","Clostridiaceae",NA,NA
"ASV3327","Bacteria","Firmicutes","Clostridia","Lachnospirales","Lachnospiraceae","Sellimonas","intestinalis"
"ASV3328","Bacteria","Firmicutes","Clostridia","Lachnospirales","Lachnospiraceae","Lachnospiraceae UCG-004",NA
"ASV3329","Bacteria","Firmicutes","Clostridia","Clostridiales","Clostridiaceae","Clostridium sensu stricto 1",NA
"ASV3330","Bacteria","Actinobacteriota","Coriobacteriia","Coriobacteriales",NA,NA,NA
"ASV3331","Bacteria","Bacteroidota","Bacteroidia","Bacteroidales","Bacteroidaceae","Bacteroides",NA
"ASV3332","Bacteria","Firmicutes","Bacilli","Lactobacillales","Enterococcaceae","Enterococcus",NA
"ASV3333","Bacteria","Proteobacteria","Gammaproteobacteria","Enterobacterales","Enterobacteriaceae",NA,NA
"ASV3334","Bacteria","Actinobacteriota","Actinobacteria","Bifidobacteriales","Bifidobacteriaceae","Bifidobacterium",NA
"ASV3335","Bacteria","Firmicutes","Clostridia","Lachnospirales","Lachnospiraceae",NA,NA
"ASV3336","Bacteria","Actinobacteriota","Actinobacteria","Actinomycetales","Actinomycetaceae","Actinomyces",NA
"ASV3337","Bacteria","Proteobacteria","Gammaproteobacteria","Enterobacterales","Enterobacteriaceae","Escherichia-Shigella",NA
"ASV3338","Bacteria","Proteobacteria","Gammaproteobacteria","Enterobacterales","Enterobacteriaceae","Klebsiella",NA
"ASV3339","Bacteria","Firmicutes","Clostridia","Lachnospirales","Lachnospiraceae","Blautia","wexlerae"
"ASV3340","Bacteria","Firmicutes","Bacilli","Lactobacillales","Enterococcaceae",NA,NA
"ASV3341","Bacteria","Actinobacteriota","Actinobacteria","Bifidobacteriales","Bifidobacteriaceae","Bifidobacterium",NA
"ASV3342","Bacteria","Firmicutes","Bacilli","Lactobacillales",NA,NA,NA
"ASV3343","Bacteria","Firmicutes","Negativicutes","Veillonellales-Selenomonadales","Veillonellaceae","Megasphaera","micronuciformis"
"ASV3344","Bacteria","Actinobacteriota","Actinobacteria","Bifidobacteriales","Bifidobacteriaceae","Bifidobacterium","ramosum"
"ASV3345","Bacteria","Actinobacteriota","Actinobacteria","Bifidobacteriales","Bifidobacteriaceae","Bifidobacterium",NA
"ASV3346","Bacteria","Actinobacteriota","Actinobacteria","Bifidobacteriales","Bifidobacteriaceae","Bifidobacterium",NA
"ASV3347","Bacteria","Firmicutes","Clostridia","Lachnospirales","Lachnospiraceae","Lachnospiraceae NC2004 group",NA
"ASV3348","Bacteria","Firmicutes","Clostridia","Clostridiales","Clostridiaceae","Clostridium sensu stricto 1",NA
"ASV3349","Bacteria","Firmicutes","Bacilli","Erysipelotrichales","Erysipelatoclostridiaceae","Erysipelatoclostridium","ramosum"
"ASV3350","Bacteria","Firmicutes","Bacilli","Lactobacillales","Streptococcaceae","Streptococcus","vestibularis"
"ASV3351","Bacteria","Firmicutes","Bacilli","Lactobacillales","Lactobacillaceae",NA,NA
"ASV3352","Bacteria","Firmicutes","Clostridia","Clostridiales","Clostridiaceae","Clostridium sensu stricto 1",NA
"ASV3353","Bacteria","Actinobacteriota","Actinobacteria","Bifidobacteriales","Bifidobacteriaceae","Bifidobacterium","breve"
"ASV3354","Bacteria","Firmicutes","Bacilli","Lactobacillales","Enterococcaceae","Enterococcus",NA
"ASV3355","Bacteria","Proteobacteria","Gammaproteobacteria","Enterobacterales","Enterobacteriaceae",NA,NA
"ASV3356","Bacteria","Firmicutes","Clostridia","Peptostreptococcales-Tissierellales","Family XI","Anaerococcus","vaginalis"
"ASV3357","Bacteria","Proteobacteria","Gammaproteobacteria","Burkholderiales","Comamonadaceae","Variovorax","paradoxus"
"ASV3358","Bacteria","Bacteroidota","Bacteroidia","Bacteroidales",NA,NA,NA
"ASV3359","Bacteria","Bacteroidota","Bacteroidia","Bacteroidales","Dysgonomonadaceae","Dysgonomonas","capnocytophagoides"
"ASV3360","Bacteria","Proteobacteria","Gammaproteobacteria","Enterobacterales","Enterobacteriaceae",NA,NA
"ASV3361","Bacteria","Firmicutes","Bacilli","Lactobacillales","Streptococcaceae","Streptococcus","vestibularis"
"ASV3362","Bacteria","Actinobacteriota","Coriobacteriia","Coriobacteriales","Eggerthellaceae",NA,NA
"ASV3363","Bacteria","Proteobacteria","Gammaproteobacteria","Enterobacterales","Enterobacteriaceae",NA,NA
"ASV3364","Bacteria","Proteobacteria","Gammaproteobacteria","Enterobacterales","Enterobacteriaceae",NA,NA
"ASV3365","Bacteria","Fusobacteriota","Fusobacteriia","Fusobacteriales","Fusobacteriaceae","Fusobacterium",NA
"ASV3366","Bacteria","Firmicutes","Bacilli","Lactobacillales","Streptococcaceae","Streptococcus",NA
"ASV3367","Bacteria","Firmicutes","Clostridia","Clostridiales","Clostridiaceae","Clostridium sensu stricto 1",NA
"ASV3368","Bacteria","Firmicutes","Clostridia","Oscillospirales","Ruminococcaceae","Incertae Sedis",NA
"ASV3369","Bacteria","Firmicutes","Clostridia","Lachnospirales","Lachnospiraceae",NA,NA
"ASV3370","Bacteria","Proteobacteria","Gammaproteobacteria","Enterobacterales","Enterobacteriaceae",NA,NA
"ASV3371","Bacteria","Bacteroidota","Bacteroidia","Bacteroidales","Bacteroidaceae","Bacteroides",NA
"ASV3372","Bacteria","Actinobacteriota","Actinobacteria","Bifidobacteriales","Bifidobacteriaceae","Bifidobacterium",NA
"ASV3373","Bacteria","Firmicutes","Clostridia","Eubacteriales","Eubacteriaceae","Eubacterium","callanderi"
"ASV3374","Bacteria","Proteobacteria","Gammaproteobacteria","Enterobacterales","Enterobacteriaceae","Buttiauxella","brennerae"
"ASV3375","Bacteria","Bacteroidota","Bacteroidia","Bacteroidales","Bacteroidaceae","Bacteroides","faecichinchillae"
"ASV3376","Bacteria","Actinobacteriota","Coriobacteriia","Coriobacteriales","Eggerthellaceae","Eggerthella",NA
"ASV3377","Bacteria","Firmicutes","Negativicutes","Veillonellales-Selenomonadales","Veillonellaceae","Veillonella",NA
"ASV3378","Bacteria","Proteobacteria","Gammaproteobacteria","Pseudomonadales","Pseudomonadaceae","Pseudomonas","rhodesiae"
"ASV3379","Bacteria","Actinobacteriota","Actinobacteria","Bifidobacteriales","Bifidobacteriaceae","Bifidobacterium",NA
"ASV3380","Bacteria","Firmicutes","Clostridia","Lachnospirales","Lachnospiraceae",NA,NA
"ASV3381","Bacteria","Proteobacteria","Gammaproteobacteria","Enterobacterales","Enterobacteriaceae",NA,NA
"ASV3382","Bacteria","Firmicutes","Clostridia","Clostridiales","Clostridiaceae",NA,NA
"ASV3383","Bacteria","Firmicutes","Negativicutes","Veillonellales-Selenomonadales","Veillonellaceae","Veillonella","seminalis"
"ASV3384","Bacteria","Firmicutes","Clostridia","Lachnospirales","Lachnospiraceae",NA,NA
"ASV3385","Bacteria","Actinobacteriota","Actinobacteria","Bifidobacteriales","Bifidobacteriaceae","Bifidobacterium","avesanii"
"ASV3386","Bacteria","Firmicutes","Negativicutes","Veillonellales-Selenomonadales","Veillonellaceae","Veillonella",NA
"ASV3387","Bacteria",NA,NA,NA,NA,NA,NA
"ASV3388","Bacteria","Firmicutes","Clostridia","Eubacteriales","Eubacteriaceae","Eubacterium","callanderi"
"ASV3389","Bacteria","Actinobacteriota","Actinobacteria","Bifidobacteriales","Bifidobacteriaceae","Bifidobacterium",NA
"ASV3390","Bacteria","Firmicutes","Clostridia","Lachnospirales","Lachnospiraceae",NA,NA
"ASV3391","Bacteria","Firmicutes","Bacilli","Lactobacillales",NA,NA,NA
"ASV3392","Bacteria","Bacteroidota","Bacteroidia","Bacteroidales","Bacteroidaceae","Bacteroides",NA
"ASV3393","Bacteria","Firmicutes","Bacilli","Lactobacillales","Enterococcaceae","Enterococcus","faecalis"
"ASV3394","Bacteria","Firmicutes","Clostridia","Clostridiales","Clostridiaceae","Clostridium sensu stricto 1","paraputrificum"
"ASV3395","Bacteria","Bacteroidota","Bacteroidia","Bacteroidales","Tannerellaceae","Parabacteroides","merdae"
"ASV3396","Bacteria","Actinobacteriota","Actinobacteria","Bifidobacteriales","Bifidobacteriaceae",NA,NA
"ASV3397","Bacteria","Firmicutes","Negativicutes","Veillonellales-Selenomonadales","Veillonellaceae","Anaeroglobus",NA
"ASV3398","Bacteria","Actinobacteriota","Actinobacteria","Corynebacteriales","Nocardiaceae","Rhodococcus",NA
"ASV3399","Bacteria","Firmicutes","Bacilli","Erysipelotrichales","Erysipelotrichaceae","[Clostridium] innocuum group",NA
"ASV3400","Bacteria","Proteobacteria","Gammaproteobacteria","Enterobacterales","Enterobacteriaceae",NA,NA
"ASV3401","Bacteria","Bacteroidota","Bacteroidia",NA,NA,NA,NA
"ASV3402","Bacteria","Firmicutes","Clostridia","Monoglobales","Monoglobaceae","Monoglobus",NA
"ASV3403","Bacteria","Bacteroidota","Bacteroidia","Bacteroidales","Bacteroidaceae","Bacteroides",NA
"ASV3404","Bacteria","Actinobacteriota","Coriobacteriia","Coriobacteriales","Eggerthellaceae",NA,NA
"ASV3405","Bacteria","Firmicutes","Bacilli","Lactobacillales","Enterococcaceae","Enterococcus",NA
"ASV3406","Bacteria","Proteobacteria","Gammaproteobacteria","Enterobacterales","Enterobacteriaceae",NA,NA
"ASV3407","Bacteria","Firmicutes","Clostridia","Clostridiales","Clostridiaceae","Sarcina",NA
"ASV3408","Bacteria",NA,NA,NA,NA,NA,NA
"ASV3409","Bacteria","Proteobacteria","Gammaproteobacteria","Enterobacterales","Enterobacteriaceae","Buttiauxella","brennerae"
"ASV3410","Bacteria","Firmicutes","Clostridia",NA,NA,NA,NA
"ASV3411","Bacteria","Patescibacteria","Saccharimonadia","Saccharimonadales","Saccharimonadaceae",NA,NA
"ASV3412","Bacteria","Firmicutes","Bacilli","Lactobacillales","Streptococcaceae","Streptococcus","vestibularis"
"ASV3413","Bacteria","Bacteroidota","Bacteroidia","Bacteroidales","Tannerellaceae","Parabacteroides","merdae"
"ASV3414","Bacteria","Firmicutes","Bacilli","Lactobacillales","Streptococcaceae",NA,NA
"ASV3415","Bacteria","Proteobacteria","Gammaproteobacteria","Enterobacterales","Enterobacteriaceae","Escherichia-Shigella",NA
"ASV3416","Bacteria","Firmicutes","Clostridia","Lachnospirales","Lachnospiraceae","Blautia","wexlerae"
"ASV3417","Bacteria","Bacteroidota","Bacteroidia","Bacteroidales","Bacteroidaceae","Bacteroides",NA
"ASV3418","Bacteria","Actinobacteriota","Coriobacteriia","Coriobacteriales",NA,NA,NA
"ASV3419","Bacteria","Actinobacteriota","Actinobacteria","Actinomycetales","Actinomycetaceae","Varibaculum","cambriense"
"ASV3420","Bacteria","Firmicutes","Negativicutes","Veillonellales-Selenomonadales","Veillonellaceae","Anaeroglobus",NA
"ASV3421","Bacteria","Firmicutes","Bacilli","Lactobacillales","Streptococcaceae","Streptococcus","vestibularis"
"ASV3422","Bacteria","Firmicutes","Clostridia","Clostridiales","Clostridiaceae","Clostridium sensu stricto 1","paraputrificum"
"ASV3423","Bacteria","Actinobacteriota","Actinobacteria","Actinomycetales","Actinomycetaceae","Actinomyces",NA
"ASV3424","Bacteria","Firmicutes","Clostridia","Clostridiales","Clostridiaceae","Sarcina",NA
"ASV3425","Bacteria","Firmicutes","Clostridia","Oscillospirales","Ruminococcaceae","Faecalibacterium",NA
"ASV3426","Bacteria","Firmicutes","Clostridia","Lachnospirales","Lachnospiraceae",NA,NA
"ASV3427","Bacteria","Fusobacteriota","Fusobacteriia","Fusobacteriales","Fusobacteriaceae","Fusobacterium",NA
"ASV3428","Bacteria","Bacteroidota","Bacteroidia","Bacteroidales","Tannerellaceae","Parabacteroides","distasonis"
"ASV3429","Bacteria","Firmicutes","Bacilli","Lactobacillales","Streptococcaceae","Streptococcus","vestibularis"
"ASV3430","Bacteria","Actinobacteriota","Actinobacteria",NA,NA,NA,NA
"ASV3431","Bacteria","Actinobacteriota","Actinobacteria","Bifidobacteriales","Bifidobacteriaceae","Bifidobacterium","ramosum"
"ASV3432","Bacteria","Firmicutes","Clostridia","Lachnospirales","Lachnospiraceae","Sellimonas","intestinalis"
"ASV3433","Bacteria","Firmicutes","Negativicutes","Veillonellales-Selenomonadales","Veillonellaceae","Veillonella","ratti"
"ASV3434","Bacteria","Proteobacteria","Gammaproteobacteria","Enterobacterales","Enterobacteriaceae","Klebsiella","granulomatis"
"ASV3435","Bacteria","Bacteroidota","Bacteroidia","Bacteroidales","Prevotellaceae","Prevotella_9","copri"
"ASV3436","Bacteria","Proteobacteria","Gammaproteobacteria","Pseudomonadales","Pseudomonadaceae","Pseudomonas","rhodesiae"
"ASV3437","Bacteria","Actinobacteriota","Actinobacteria","Bifidobacteriales","Bifidobacteriaceae","Bifidobacterium","longum"
"ASV3438","Bacteria","Proteobacteria","Gammaproteobacteria","Enterobacterales","Enterobacteriaceae",NA,NA
"ASV3439","Bacteria","Firmicutes","Clostridia","Oscillospirales","Oscillospiraceae","Flavonifractor","plautii"
"ASV3440","Bacteria","Proteobacteria","Gammaproteobacteria","Enterobacterales","Enterobacteriaceae",NA,NA
"ASV3441","Bacteria","Bacteroidota","Bacteroidia","Bacteroidales","Bacteroidaceae","Bacteroides",NA
"ASV3442","Bacteria","Actinobacteriota","Actinobacteria","Bifidobacteriales","Bifidobacteriaceae","Bifidobacterium","ramosum"
"ASV3443","Bacteria","Actinobacteriota","Actinobacteria","Bifidobacteriales","Bifidobacteriaceae","Bifidobacterium",NA
"ASV3444","Bacteria","Bacteroidota","Bacteroidia","Bacteroidales","Tannerellaceae","Parabacteroides",NA
"ASV3445","Bacteria","Firmicutes","Bacilli","Lactobacillales","Streptococcaceae","Streptococcus",NA
"ASV3446","Bacteria","Firmicutes","Bacilli","Lactobacillales","Lactobacillaceae","Lactobacillus","paragasseri"
"ASV3447","Bacteria","Actinobacteriota","Coriobacteriia","Coriobacteriales","Eggerthellaceae",NA,NA
"ASV3448","Bacteria","Bacteroidota","Bacteroidia","Bacteroidales","Bacteroidaceae","Bacteroides",NA
"ASV3449","Bacteria","Firmicutes","Clostridia","Lachnospirales","Lachnospiraceae",NA,NA
"ASV3450","Bacteria","Actinobacteriota","Coriobacteriia","Coriobacteriales","Eggerthellaceae",NA,NA
"ASV3451","Bacteria","Firmicutes","Clostridia","Lachnospirales","Lachnospiraceae","Anaerostipes","caccae"
"ASV3452","Bacteria","Firmicutes","Clostridia","Clostridiales","Clostridiaceae",NA,NA
"ASV3453","Bacteria","Proteobacteria","Gammaproteobacteria","Enterobacterales","Enterobacteriaceae","Buttiauxella","brennerae"
"ASV3454","Bacteria","Proteobacteria","Gammaproteobacteria","Enterobacterales",NA,NA,NA
"ASV3455","Bacteria","Proteobacteria","Gammaproteobacteria","Enterobacterales",NA,NA,NA
"ASV3456","Bacteria","Firmicutes","Clostridia","Lachnospirales","Lachnospiraceae","Lachnospiraceae FE2018 group",NA
"ASV3457","Bacteria","Firmicutes","Clostridia","Lachnospirales","Lachnospiraceae","Tyzzerella",NA
"ASV3458","Bacteria","Actinobacteriota","Actinobacteria","Bifidobacteriales","Bifidobacteriaceae","Bifidobacterium",NA
"ASV3459","Bacteria","Firmicutes","Negativicutes","Veillonellales-Selenomonadales","Veillonellaceae","Megasphaera",NA
"ASV3460","Bacteria","Actinobacteriota","Actinobacteria","Bifidobacteriales","Bifidobacteriaceae","Bifidobacterium",NA
"ASV3461","Bacteria","Actinobacteriota","Actinobacteria","Bifidobacteriales","Bifidobacteriaceae","Bifidobacterium","ramosum"
"ASV3462","Bacteria","Firmicutes","Clostridia","Eubacteriales","Eubacteriaceae","Eubacterium","callanderi"
"ASV3463","Bacteria","Firmicutes","Clostridia","Clostridiales","Clostridiaceae","Clostridium sensu stricto 1","tertium"
"ASV3464","Bacteria","Verrucomicrobiota","Verrucomicrobiae","Verrucomicrobiales","Akkermansiaceae","Akkermansia","muciniphila"
"ASV3465","Bacteria","Firmicutes","Clostridia","Lachnospirales","Lachnospiraceae","Blautia",NA
"ASV3466","Bacteria","Proteobacteria","Gammaproteobacteria","Enterobacterales","Enterobacteriaceae","Escherichia-Shigella",NA
"ASV3467","Bacteria","Actinobacteriota","Coriobacteriia","Coriobacteriales",NA,NA,NA
"ASV3468","Bacteria","Firmicutes","Bacilli","Lactobacillales",NA,NA,NA
"ASV3469","Bacteria","Firmicutes","Negativicutes","Acidaminococcales","Acidaminococcaceae","Phascolarctobacterium","faecium"
"ASV3470","Bacteria","Firmicutes","Clostridia",NA,NA,NA,NA
"ASV3471","Bacteria","Firmicutes","Clostridia","Clostridiales","Clostridiaceae","Clostridium sensu stricto 1",NA
"ASV3472","Bacteria","Firmicutes","Clostridia","Eubacteriales","Eubacteriaceae","Eubacterium","callanderi"
"ASV3473","Bacteria","Bacteroidota","Bacteroidia","Bacteroidales","Bacteroidaceae","Bacteroides","vulgatus"
"ASV3474","Bacteria","Firmicutes","Negativicutes","Veillonellales-Selenomonadales","Veillonellaceae","Veillonella",NA
"ASV3475","Bacteria","Proteobacteria","Gammaproteobacteria","Enterobacterales",NA,NA,NA
"ASV3476","Bacteria","Firmicutes","Clostridia","Peptostreptococcales-Tissierellales","Peptostreptococcaceae",NA,NA
"ASV3477","Bacteria","Firmicutes","Negativicutes","Veillonellales-Selenomonadales","Veillonellaceae","Veillonella",NA
"ASV3478","Bacteria","Bacteroidota","Bacteroidia","Bacteroidales","Bacteroidaceae","Bacteroides",NA
"ASV3479","Bacteria","Proteobacteria","Gammaproteobacteria",NA,NA,NA,NA
"ASV3480","Bacteria","Firmicutes","Clostridia","Lachnospirales","Lachnospiraceae",NA,NA
"ASV3481","Bacteria","Actinobacteriota","Actinobacteria",NA,NA,NA,NA
"ASV3482","Bacteria","Bacteroidota","Bacteroidia","Bacteroidales","Dysgonomonadaceae","Dysgonomonas","capnocytophagoides"
"ASV3483","Bacteria","Actinobacteriota","Actinobacteria","Bifidobacteriales","Bifidobacteriaceae","Bifidobacterium",NA
"ASV3484","Bacteria","Proteobacteria","Gammaproteobacteria","Enterobacterales","Enterobacteriaceae",NA,NA
"ASV3485","Bacteria","Firmicutes","Negativicutes","Veillonellales-Selenomonadales","Veillonellaceae","Veillonella","ratti"
"ASV3486","Bacteria","Firmicutes","Bacilli","Lactobacillales","Enterococcaceae","Enterococcus",NA
"ASV3487","Bacteria","Firmicutes","Clostridia","Lachnospirales","Lachnospiraceae","Blautia",NA
"ASV3488","Bacteria","Actinobacteriota","Actinobacteria","Bifidobacteriales","Bifidobacteriaceae","Bifidobacterium",NA
"ASV3489","Bacteria","Actinobacteriota","Actinobacteria","Bifidobacteriales","Bifidobacteriaceae","Bifidobacterium","breve"
"ASV3490","Bacteria","Firmicutes","Bacilli","Lactobacillales","Lactobacillaceae","Lactobacillus","paragasseri"
"ASV3491","Bacteria","Actinobacteriota","Actinobacteria","Actinomycetales","Actinomycetaceae","Actinomyces",NA
"ASV3492","Bacteria","Firmicutes","Clostridia","Peptostreptococcales-Tissierellales","Peptostreptococcaceae","Intestinibacter","bartlettii"
"ASV3493","Bacteria","Bacteroidota","Bacteroidia","Bacteroidales","Bacteroidaceae","Bacteroides",NA
"ASV3494","Bacteria","Firmicutes","Clostridia","Monoglobales","Monoglobaceae","Monoglobus",NA
"ASV3495","Bacteria","Firmicutes","Bacilli","Lactobacillales","Streptococcaceae","Streptococcus","vestibularis"
"ASV3496","Bacteria","Firmicutes","Clostridia","Oscillospirales","Ruminococcaceae","Caproiciproducens",NA
"ASV3497","Bacteria","Firmicutes","Bacilli","Erysipelotrichales","Erysipelatoclostridiaceae","Erysipelatoclostridium","ramosum"
"ASV3498","Bacteria","Actinobacteriota","Actinobacteria",NA,NA,NA,NA
"ASV3499","Bacteria",NA,NA,NA,NA,NA,NA
"ASV3500","Bacteria","Firmicutes","Clostridia","Oscillospirales","Ruminococcaceae","Faecalibacterium","prausnitzii"
"ASV3501","Bacteria","Firmicutes","Bacilli","Lactobacillales",NA,NA,NA
"ASV3502","Bacteria","Proteobacteria","Alphaproteobacteria","Rhizobiales","Beijerinckiaceae","Methylobacterium-Methylorubrum","radiotolerans"
"ASV3503","Bacteria","Verrucomicrobiota","Verrucomicrobiae","Verrucomicrobiales","Akkermansiaceae","Akkermansia",NA
"ASV3504","Bacteria","Firmicutes","Bacilli","Lactobacillales","Enterococcaceae",NA,NA
"ASV3505","Bacteria","Firmicutes","Bacilli","Lactobacillales","Lactobacillaceae","Lacticaseibacillus",NA
"ASV3506","Bacteria","Proteobacteria","Gammaproteobacteria","Enterobacterales",NA,NA,NA
"ASV3507","Bacteria","Proteobacteria","Gammaproteobacteria","Enterobacterales","Enterobacteriaceae","Escherichia-Shigella",NA
"ASV3508","Bacteria","Firmicutes","Clostridia","Lachnospirales","Lachnospiraceae",NA,NA
"ASV3509","Bacteria","Firmicutes",NA,NA,NA,NA,NA
"ASV3510","Bacteria","Firmicutes","Clostridia","Oscillospirales","Ruminococcaceae",NA,NA
"ASV3511","Bacteria","Firmicutes","Clostridia","Oscillospirales","Ruminococcaceae","Faecalibacterium","prausnitzii"
"ASV3512","Bacteria","Firmicutes","Clostridia","Clostridiales","Clostridiaceae","Clostridium sensu stricto 1","tertium"
"ASV3513","Bacteria","Actinobacteriota","Actinobacteria","Bifidobacteriales","Bifidobacteriaceae","Bifidobacterium","bifidum"
"ASV3514","Bacteria","Bacteroidota","Bacteroidia","Bacteroidales","Bacteroidaceae","Bacteroides",NA
"ASV3515","Bacteria","Firmicutes","Clostridia","Clostridiales","Clostridiaceae","Clostridium sensu stricto 1",NA
"ASV3516","Bacteria","Firmicutes","Clostridia","Lachnospirales","Lachnospiraceae",NA,NA
"ASV3517","Bacteria","Bacteroidota","Bacteroidia","Bacteroidales","Bacteroidaceae","Bacteroides",NA
"ASV3518","Bacteria","Actinobacteriota","Actinobacteria","Corynebacteriales","Corynebacteriaceae","Corynebacterium",NA
"ASV3519","Bacteria","Firmicutes","Bacilli","Lactobacillales","Enterococcaceae","Enterococcus",NA
"ASV3520","Bacteria","Bacteroidota","Bacteroidia","Bacteroidales","Bacteroidaceae","Bacteroides","dorei"
"ASV3521","Bacteria","Firmicutes","Bacilli","Lactobacillales",NA,NA,NA
"ASV3522","Bacteria","Bacteroidota","Bacteroidia","Bacteroidales","Bacteroidaceae","Bacteroides",NA
"ASV3523","Bacteria",NA,NA,NA,NA,NA,NA
"ASV3524","Bacteria","Firmicutes","Clostridia","Lachnospirales","Lachnospiraceae",NA,NA
"ASV3525","Bacteria","Firmicutes","Negativicutes","Veillonellales-Selenomonadales","Veillonellaceae","Veillonella","ratti"
"ASV3526","Bacteria","Actinobacteriota","Actinobacteria","Bifidobacteriales","Bifidobacteriaceae","Bifidobacterium","bifidum"
"ASV3527","Bacteria","Actinobacteriota","Actinobacteria","Bifidobacteriales","Bifidobacteriaceae","Bifidobacterium",NA
"ASV3528","Bacteria","Actinobacteriota","Coriobacteriia","Coriobacteriales","Eggerthellaceae","Eggerthella",NA
"ASV3529","Bacteria","Actinobacteriota","Actinobacteria","Actinomycetales","Actinomycetaceae","Arcanobacterium",NA
"ASV3530","Bacteria","Proteobacteria","Alphaproteobacteria","Rhizobiales","Rhizobiaceae","Brucella",NA
"ASV3531","Bacteria","Proteobacteria","Gammaproteobacteria","Enterobacterales","Enterobacteriaceae","Escherichia-Shigella",NA
"ASV3532","Bacteria","Firmicutes","Bacilli","Erysipelotrichales","Erysipelotrichaceae","Turicibacter",NA
"ASV3533","Bacteria","Proteobacteria","Gammaproteobacteria","Enterobacterales","Enterobacteriaceae",NA,NA
"ASV3534","Bacteria","Bacteroidota","Bacteroidia","Bacteroidales","Tannerellaceae","Parabacteroides","merdae"
"ASV3535","Bacteria","Firmicutes","Bacilli","Lactobacillales","Lactobacillaceae","Ligilactobacillus",NA
"ASV3536","Bacteria","Firmicutes","Clostridia","Oscillospirales","Ruminococcaceae","Faecalibacterium",NA
"ASV3537","Bacteria","Actinobacteriota","Actinobacteria","Corynebacteriales","Nocardiaceae","Rhodococcus",NA
"ASV3538","Bacteria","Firmicutes","Clostridia","Lachnospirales","Lachnospiraceae",NA,NA
"ASV3539","Bacteria","Firmicutes","Clostridia","Oscillospirales","Ruminococcaceae","Incertae Sedis",NA
"ASV3540","Bacteria","Firmicutes","Clostridia","Oscillospirales","Ruminococcaceae",NA,NA
"ASV3541","Bacteria","Actinobacteriota","Actinobacteria","Bifidobacteriales","Bifidobacteriaceae","Bifidobacterium",NA
"ASV3542","Bacteria","Firmicutes","Bacilli","Lactobacillales","Enterococcaceae","Enterococcus",NA
"ASV3543","Bacteria","Actinobacteriota","Coriobacteriia","Coriobacteriales","Coriobacteriaceae","Collinsella",NA
"ASV3544","Bacteria","Actinobacteriota","Actinobacteria","Actinomycetales","Actinomycetaceae","Varibaculum","cambriense"
"ASV3545","Bacteria","Actinobacteriota","Actinobacteria",NA,NA,NA,NA
"ASV3546","Bacteria","Firmicutes","Clostridia","Lachnospirales","Lachnospiraceae","Blautia",NA
"ASV3547","Bacteria","Actinobacteriota","Actinobacteria","Actinomycetales","Actinomycetaceae","Arcanobacterium",NA
"ASV3548","Bacteria","Firmicutes","Bacilli","Lactobacillales","P5D1-392",NA,NA
"ASV3549","Bacteria","Firmicutes","Negativicutes","Veillonellales-Selenomonadales","Veillonellaceae","Anaeroglobus",NA
"ASV3550","Bacteria","Firmicutes","Clostridia","Eubacteriales","Eubacteriaceae","Eubacterium","callanderi"
"ASV3551","Bacteria","Actinobacteriota","Actinobacteria","Bifidobacteriales","Bifidobacteriaceae","Bifidobacterium","longum"
"ASV3552","Bacteria","Firmicutes","Clostridia","Eubacteriales","Eubacteriaceae","Eubacterium","callanderi"
"ASV3553","Bacteria","Firmicutes","Bacilli","Lactobacillales",NA,NA,NA
"ASV3554","Bacteria","Proteobacteria","Gammaproteobacteria","Enterobacterales",NA,NA,NA
"ASV3555","Bacteria","Firmicutes","Clostridia","Monoglobales","Monoglobaceae","Monoglobus",NA
"ASV3556","Bacteria","Bacteroidota","Bacteroidia","Bacteroidales","Bacteroidaceae","Bacteroides","dorei"
"ASV3557","Bacteria","Firmicutes","Negativicutes","Veillonellales-Selenomonadales","Veillonellaceae","Anaeroglobus",NA
"ASV3558","Bacteria","Firmicutes","Clostridia","Lachnospirales","Lachnospiraceae",NA,NA
"ASV3559","Bacteria","Firmicutes","Bacilli","Lactobacillales","Enterococcaceae","Enterococcus",NA
"ASV3560","Bacteria","Campylobacterota","Campylobacteria","Campylobacterales","Campylobacteraceae","Campylobacter","gracilis"
"ASV3561","Bacteria","Actinobacteriota","Actinobacteria","Bifidobacteriales","Bifidobacteriaceae","Bifidobacterium","breve"
"ASV3562","Bacteria","Actinobacteriota","Actinobacteria","Bifidobacteriales","Bifidobacteriaceae","Bifidobacterium","ramosum"
"ASV3563","Bacteria","Bacteroidota","Bacteroidia","Bacteroidales","Bacteroidaceae","Bacteroides",NA
"ASV3564","Bacteria","Firmicutes","Clostridia","Clostridiales","Clostridiaceae","Clostridium sensu stricto 1","tertium"
"ASV3565","Bacteria","Bacteroidota","Bacteroidia","Bacteroidales","Bacteroidaceae","Bacteroides",NA
"ASV3566","Bacteria","Bacteroidota","Bacteroidia","Bacteroidales","Tannerellaceae","Parabacteroides","merdae"
"ASV3567","Bacteria","Firmicutes","Clostridia","Lachnospirales","Lachnospiraceae",NA,NA
"ASV3568","Bacteria",NA,NA,NA,NA,NA,NA
"ASV3569","Bacteria","Proteobacteria","Gammaproteobacteria","Enterobacterales","Enterobacteriaceae","Escherichia-Shigella",NA
"ASV3570","Bacteria","Firmicutes","Clostridia","Lachnospirales","Lachnospiraceae","Blautia","wexlerae"
"ASV3571","Bacteria","Firmicutes","Bacilli","Lactobacillales","Enterococcaceae","Enterococcus",NA
"ASV3572","Bacteria","Actinobacteriota","Actinobacteria","Bifidobacteriales","Bifidobacteriaceae","Bifidobacterium","bifidum"
"ASV3573","Bacteria","Firmicutes","Clostridia","Lachnospirales","Lachnospiraceae",NA,NA
"ASV3574","Bacteria","Firmicutes","Clostridia","Oscillospirales","Ruminococcaceae","Faecalibacterium",NA
"ASV3575","Bacteria","Firmicutes","Clostridia","Clostridiales","Clostridiaceae","Clostridium sensu stricto 1",NA
"ASV3576","Bacteria","Firmicutes","Negativicutes","Veillonellales-Selenomonadales","Veillonellaceae","Anaeroglobus",NA
"ASV3577","Bacteria","Actinobacteriota","Coriobacteriia","Coriobacteriales","Coriobacteriaceae","Collinsella",NA
"ASV3578","Bacteria","Bacteroidota","Bacteroidia","Bacteroidales","Bacteroidaceae","Bacteroides","caecimuris"
"ASV3579","Bacteria","Firmicutes","Negativicutes","Acidaminococcales","Acidaminococcaceae","Phascolarctobacterium","succinatutens"
"ASV3580","Bacteria","Firmicutes","Bacilli","Lactobacillales","Enterococcaceae","Enterococcus",NA
"ASV3581","Bacteria","Fusobacteriota","Fusobacteriia","Fusobacteriales","Fusobacteriaceae","Fusobacterium",NA
"ASV3582","Bacteria","Firmicutes","Negativicutes","Veillonellales-Selenomonadales","Veillonellaceae","Veillonella",NA
"ASV3583","Bacteria","Actinobacteriota","Coriobacteriia","Coriobacteriales","Coriobacteriaceae","Collinsella","aerofaciens"
"ASV3584","Bacteria","Firmicutes","Clostridia",NA,NA,NA,NA
"ASV3585","Bacteria","Firmicutes","Clostridia","Lachnospirales","Lachnospiraceae",NA,NA
"ASV3586","Bacteria","Proteobacteria","Gammaproteobacteria","Enterobacterales",NA,NA,NA
"ASV3587","Bacteria","Firmicutes","Bacilli","Lactobacillales","Enterococcaceae","Enterococcus",NA
"ASV3588","Bacteria","Actinobacteriota","Coriobacteriia","Coriobacteriales","Coriobacteriaceae","Collinsella","aerofaciens"
"ASV3589","Bacteria","Firmicutes","Bacilli","Lactobacillales","Streptococcaceae","Streptococcus",NA
"ASV3590","Bacteria","Proteobacteria","Alphaproteobacteria","Rhizobiales","Rhizobiaceae","Brucella",NA
"ASV3591","Bacteria","Actinobacteriota","Actinobacteria","Bifidobacteriales","Bifidobacteriaceae","Bifidobacterium",NA
"ASV3592","Bacteria","Firmicutes","Clostridia","Lachnospirales","Lachnospiraceae",NA,NA
"ASV3593","Bacteria","Actinobacteriota","Actinobacteria","Bifidobacteriales","Bifidobacteriaceae","Bifidobacterium","ramosum"
"ASV3594","Bacteria","Firmicutes","Bacilli","Lactobacillales","Streptococcaceae","Streptococcus",NA
"ASV3595","Bacteria","Actinobacteriota","Actinobacteria","Bifidobacteriales","Bifidobacteriaceae","Bifidobacterium",NA
"ASV3596","Bacteria","Bacteroidota","Bacteroidia","Bacteroidales","Bacteroidaceae","Bacteroides","kribbi"
"ASV3597","Bacteria","Firmicutes","Bacilli","Erysipelotrichales","Erysipelotrichaceae","Turicibacter",NA
"ASV3598","Bacteria","Actinobacteriota","Coriobacteriia","Coriobacteriales","Coriobacteriaceae","Collinsella",NA
"ASV3599","Bacteria","Proteobacteria","Gammaproteobacteria","Enterobacterales","Enterobacteriaceae",NA,NA
"ASV3600","Bacteria","Actinobacteriota","Actinobacteria","Bifidobacteriales","Bifidobacteriaceae","Bifidobacterium",NA
"ASV3601","Bacteria","Bacteroidota","Bacteroidia","Bacteroidales","Tannerellaceae","Parabacteroides",NA
"ASV3602","Bacteria","Firmicutes","Clostridia","Oscillospirales","Oscillospiraceae",NA,NA
"ASV3603","Bacteria","Firmicutes","Clostridia",NA,NA,NA,NA
"ASV3604","Bacteria","Patescibacteria","Saccharimonadia","Saccharimonadales","Saccharimonadaceae","TM7x",NA
"ASV3605","Bacteria","Firmicutes","Clostridia","Clostridiales","Clostridiaceae",NA,NA
"ASV3606","Bacteria","Bacteroidota","Bacteroidia","Bacteroidales","Bacteroidaceae","Bacteroides","fragilis"
"ASV3607","Bacteria","Firmicutes","Negativicutes","Acidaminococcales","Acidaminococcaceae","Phascolarctobacterium","faecium"
"ASV3608","Bacteria","Proteobacteria","Gammaproteobacteria","Enterobacterales","Enterobacteriaceae","Klebsiella","michiganensis"
"ASV3609","Bacteria","Firmicutes","Negativicutes","Veillonellales-Selenomonadales","Veillonellaceae","Veillonella",NA
"ASV3610","Bacteria","Firmicutes","Clostridia","Lachnospirales","Lachnospiraceae",NA,NA
"ASV3611","Bacteria","Firmicutes","Bacilli","Lactobacillales","Streptococcaceae","Streptococcus",NA
"ASV3612","Bacteria","Firmicutes","Clostridia","Lachnospirales","Lachnospiraceae","Blautia","wexlerae"
"ASV3613","Bacteria","Proteobacteria","Gammaproteobacteria","Enterobacterales","Enterobacteriaceae","Escherichia-Shigella",NA
"ASV3614","Bacteria","Actinobacteriota","Actinobacteria","Actinomycetales","Actinomycetaceae","Actinomyces","naeslundii"
"ASV3615","Bacteria","Firmicutes","Clostridia","Peptostreptococcales-Tissierellales","Peptostreptococcaceae",NA,NA
"ASV3616","Bacteria","Firmicutes","Bacilli","Lactobacillales","Enterococcaceae",NA,NA
"ASV3617","Bacteria","Proteobacteria","Gammaproteobacteria","Enterobacterales","Enterobacteriaceae",NA,NA
"ASV3618","Bacteria","Firmicutes","Clostridia","Peptostreptococcales-Tissierellales","Peptostreptococcaceae",NA,NA
"ASV3619","Bacteria","Bacteroidota","Bacteroidia","Bacteroidales","Bacteroidaceae","Bacteroides",NA
"ASV3620","Bacteria","Firmicutes","Bacilli","Erysipelotrichales","Erysipelatoclostridiaceae","Erysipelatoclostridium","ramosum"
"ASV3621","Bacteria","Actinobacteriota","Actinobacteria","Bifidobacteriales","Bifidobacteriaceae","Bifidobacterium",NA
"ASV3622","Bacteria","Actinobacteriota","Actinobacteria","Bifidobacteriales","Bifidobacteriaceae","Bifidobacterium",NA
"ASV3623","Bacteria","Firmicutes","Clostridia","Lachnospirales","Lachnospiraceae",NA,NA
"ASV3624","Bacteria","Firmicutes","Clostridia","Oscillospirales","Ruminococcaceae","Incertae Sedis",NA
"ASV3625","Bacteria","Bacteroidota","Bacteroidia","Bacteroidales","Bacteroidaceae","Bacteroides","xylanisolvens"
"ASV3626","Bacteria","Proteobacteria","Gammaproteobacteria","Enterobacterales","Enterobacteriaceae","Buttiauxella","brennerae"
"ASV3627","Bacteria","Actinobacteriota","Actinobacteria","Bifidobacteriales","Bifidobacteriaceae","Bifidobacterium",NA
"ASV3628","Bacteria","Actinobacteriota","Actinobacteria","Bifidobacteriales","Bifidobacteriaceae","Bifidobacterium","ramosum"
"ASV3629","Bacteria","Firmicutes","Clostridia","Lachnospirales","Lachnospiraceae","Blautia",NA
"ASV3630","Bacteria","Firmicutes","Negativicutes","Acidaminococcales","Acidaminococcaceae","Phascolarctobacterium","faecium"
"ASV3631","Bacteria","Bacteroidota","Bacteroidia","Bacteroidales","Bacteroidaceae","Bacteroides",NA
"ASV3632","Bacteria","Firmicutes","Negativicutes","Veillonellales-Selenomonadales","Veillonellaceae","Anaeroglobus",NA
"ASV3633","Bacteria","Firmicutes","Clostridia","Lachnospirales","Lachnospiraceae","Sellimonas",NA
"ASV3634","Bacteria","Firmicutes","Negativicutes","Veillonellales-Selenomonadales","Veillonellaceae","Veillonella","dispar"
"ASV3635","Bacteria","Firmicutes","Clostridia","Lachnospirales","Lachnospiraceae",NA,NA
"ASV3636","Bacteria","Firmicutes","Bacilli","Lactobacillales","Enterococcaceae","Enterococcus",NA
"ASV3637","Bacteria","Actinobacteriota","Coriobacteriia","Coriobacteriales","Coriobacteriaceae","Collinsella",NA
"ASV3638","Bacteria","Firmicutes","Clostridia","Oscillospirales","Ruminococcaceae","Caproiciproducens",NA
"ASV3639","Bacteria","Proteobacteria","Gammaproteobacteria","Enterobacterales",NA,NA,NA
"ASV3640","Bacteria","Firmicutes","Bacilli","Lactobacillales","Lactobacillaceae","Lacticaseibacillus",NA
"ASV3641","Bacteria","Firmicutes","Clostridia","Lachnospirales","Lachnospiraceae","Blautia",NA
"ASV3642","Bacteria","Proteobacteria","Gammaproteobacteria","Enterobacterales","Enterobacteriaceae",NA,NA
"ASV3643","Bacteria","Firmicutes","Negativicutes","Veillonellales-Selenomonadales","Veillonellaceae","Anaeroglobus",NA
"ASV3644","Bacteria","Actinobacteriota","Actinobacteria","Actinomycetales","Actinomycetaceae","Actinomyces","graevenitzii"
"ASV3645","Bacteria","Verrucomicrobiota","Verrucomicrobiae","Verrucomicrobiales","Akkermansiaceae","Akkermansia","muciniphila"
"ASV3646","Bacteria","Bacteroidota","Bacteroidia","Bacteroidales",NA,NA,NA
"ASV3647","Bacteria","Firmicutes","Clostridia","Lachnospirales","Lachnospiraceae","Blautia","wexlerae"
"ASV3648","Bacteria","Bacteroidota","Bacteroidia","Bacteroidales","Bacteroidaceae","Bacteroides","vulgatus"
"ASV3649","Bacteria","Firmicutes",NA,NA,NA,NA,NA
"ASV3650","Bacteria","Bacteroidota","Bacteroidia","Bacteroidales","Bacteroidaceae","Bacteroides","fragilis"
"ASV3651","Bacteria","Firmicutes","Bacilli","Lactobacillales","Streptococcaceae","Lactococcus",NA
"ASV3652","Bacteria","Firmicutes","Bacilli","Lactobacillales","Lactobacillaceae","Lactiplantibacillus",NA
"ASV3653","Bacteria","Proteobacteria","Gammaproteobacteria","Enterobacterales","Enterobacteriaceae","Enterobacter",NA
"ASV3654","Bacteria","Actinobacteriota","Actinobacteria","Actinomycetales","Actinomycetaceae","Actinomyces",NA
"ASV3655","Bacteria","Firmicutes","Clostridia","Lachnospirales","Lachnospiraceae",NA,NA
"ASV3656","Bacteria","Firmicutes",NA,NA,NA,NA,NA
"ASV3657","Bacteria","Firmicutes","Bacilli","Lactobacillales",NA,NA,NA
"ASV3658","Bacteria","Firmicutes","Bacilli","Lactobacillales","Enterococcaceae","Enterococcus","faecalis"
"ASV3659","Bacteria","Firmicutes","Negativicutes","Veillonellales-Selenomonadales","Veillonellaceae","Veillonella","ratti"
"ASV3660","Bacteria","Firmicutes","Bacilli","Lactobacillales","Enterococcaceae",NA,NA
"ASV3661","Bacteria","Proteobacteria","Gammaproteobacteria","Enterobacterales","Enterobacteriaceae","Cronobacter","malonaticus"
"ASV3662","Bacteria","Actinobacteriota","Coriobacteriia","Coriobacteriales","Eggerthellaceae","Eggerthella",NA
"ASV3663","Bacteria","Proteobacteria","Gammaproteobacteria","Enterobacterales","Enterobacteriaceae","Escherichia-Shigella","marmotae"
"ASV3664","Bacteria","Bacteroidota","Bacteroidia",NA,NA,NA,NA
"ASV3665","Bacteria","Fusobacteriota","Fusobacteriia","Fusobacteriales","Fusobacteriaceae","Fusobacterium","naviforme"
"ASV3666","Bacteria","Firmicutes","Bacilli","Lactobacillales","Lactobacillaceae","Lacticaseibacillus",NA
"ASV3667","Bacteria","Firmicutes","Clostridia","Clostridiales","Clostridiaceae","Clostridium sensu stricto 1","paraputrificum"
"ASV3668","Bacteria","Firmicutes","Clostridia","Clostridiales","Clostridiaceae","Clostridium sensu stricto 1",NA
"ASV3669","Bacteria","Firmicutes","Negativicutes","Veillonellales-Selenomonadales","Veillonellaceae","Veillonella","ratti"
"ASV3670","Bacteria","Proteobacteria","Gammaproteobacteria","Enterobacterales","Enterobacteriaceae","Klebsiella",NA
"ASV3671","Bacteria","Proteobacteria","Gammaproteobacteria","Enterobacterales","Enterobacteriaceae","Escherichia-Shigella",NA
"ASV3672","Bacteria","Actinobacteriota","Actinobacteria","Actinomycetales","Actinomycetaceae","Arcanobacterium",NA
"ASV3673","Bacteria","Firmicutes","Clostridia","Oscillospirales","Oscillospiraceae","Flavonifractor",NA
"ASV3674","Bacteria","Firmicutes","Bacilli","Lactobacillales","Lactobacillaceae","Lacticaseibacillus",NA
"ASV3675","Bacteria","Firmicutes","Clostridia","Oscillospirales","Ruminococcaceae","Incertae Sedis",NA
"ASV3676","Bacteria","Firmicutes","Clostridia","Clostridiales","Clostridiaceae","Clostridium sensu stricto 1",NA
"ASV3677","Bacteria","Firmicutes","Clostridia","Lachnospirales","Lachnospiraceae",NA,NA
"ASV3678","Bacteria","Actinobacteriota","Actinobacteria","Bifidobacteriales","Bifidobacteriaceae","Bifidobacterium",NA
"ASV3679","Bacteria","Bacteroidota","Bacteroidia","Bacteroidales","Bacteroidaceae","Bacteroides","vulgatus"
"ASV3680","Bacteria","Proteobacteria","Gammaproteobacteria","Enterobacterales",NA,NA,NA
"ASV3681","Bacteria","Firmicutes","Bacilli","Lactobacillales","Enterococcaceae","Enterococcus",NA
"ASV3682","Bacteria","Actinobacteriota","Actinobacteria","Bifidobacteriales","Bifidobacteriaceae","Bifidobacterium","breve"
"ASV3683","Bacteria","Firmicutes","Bacilli","Lactobacillales","Lactobacillaceae","Pediococcus",NA
"ASV3684","Bacteria","Proteobacteria","Gammaproteobacteria","Enterobacterales","Enterobacteriaceae","Escherichia-Shigella",NA
"ASV3685","Bacteria","Firmicutes",NA,NA,NA,NA,NA
"ASV3686","Bacteria","Proteobacteria","Gammaproteobacteria","Enterobacterales","Enterobacteriaceae","Atlantibacter",NA
"ASV3687","Bacteria","Proteobacteria","Gammaproteobacteria","Enterobacterales",NA,NA,NA
"ASV3688","Bacteria","Bacteroidota","Bacteroidia","Bacteroidales","Bacteroidaceae","Bacteroides",NA
"ASV3689","Bacteria","Actinobacteriota","Coriobacteriia","Coriobacteriales","Eggerthellaceae","Eggerthella",NA
"ASV3690","Bacteria","Firmicutes","Bacilli","Lactobacillales","Lactobacillaceae","Lacticaseibacillus",NA
"ASV3691","Bacteria","Bacteroidota","Bacteroidia","Bacteroidales","Bacteroidaceae","Bacteroides",NA
"ASV3692","Bacteria","Firmicutes","Bacilli","Lactobacillales","Enterococcaceae","Enterococcus",NA
"ASV3693","Bacteria","Firmicutes","Clostridia","Lachnospirales","Lachnospiraceae",NA,NA
"ASV3694","Bacteria","Firmicutes","Bacilli","Lactobacillales","Lactobacillaceae","Lacticaseibacillus",NA
"ASV3695","Bacteria","Bacteroidota","Bacteroidia","Bacteroidales","Bacteroidaceae","Bacteroides","dorei"
"ASV3696","Bacteria","Actinobacteriota","Actinobacteria","Bifidobacteriales","Bifidobacteriaceae","Bifidobacterium",NA
"ASV3697","Bacteria","Firmicutes","Clostridia","Lachnospirales","Lachnospiraceae",NA,NA
"ASV3698","Bacteria","Firmicutes","Clostridia","Lachnospirales","Lachnospiraceae",NA,NA
"ASV3699","Bacteria","Firmicutes","Clostridia","Lachnospirales","Lachnospiraceae",NA,NA
"ASV3700","Bacteria","Firmicutes","Bacilli","Erysipelotrichales","Erysipelotrichaceae","[Clostridium] innocuum group",NA
"ASV3701","Bacteria","Actinobacteriota","Actinobacteria","Bifidobacteriales","Bifidobacteriaceae","Bifidobacterium","ramosum"
"ASV3702","Bacteria","Firmicutes","Clostridia","Eubacteriales","Eubacteriaceae","Eubacterium","callanderi"
"ASV3703","Bacteria","Actinobacteriota","Actinobacteria","Bifidobacteriales","Bifidobacteriaceae","Bifidobacterium","ramosum"
"ASV3704","Bacteria","Proteobacteria","Gammaproteobacteria","Enterobacterales",NA,NA,NA
"ASV3705","Bacteria","Firmicutes","Bacilli","Lactobacillales","Enterococcaceae",NA,NA
"ASV3706","Bacteria","Actinobacteriota","Actinobacteria","Bifidobacteriales","Bifidobacteriaceae","Bifidobacterium",NA
"ASV3707","Bacteria","Actinobacteriota","Actinobacteria","Bifidobacteriales","Bifidobacteriaceae","Bifidobacterium",NA
"ASV3708","Bacteria","Firmicutes","Bacilli","Lactobacillales","Enterococcaceae",NA,NA
"ASV3709","Bacteria","Firmicutes","Clostridia","Eubacteriales","Eubacteriaceae",NA,NA
"ASV3710","Bacteria","Actinobacteriota","Coriobacteriia","Coriobacteriales","Eggerthellaceae","Eggerthella",NA
"ASV3711","Bacteria","Firmicutes","Bacilli","Lactobacillales","Lactobacillaceae","Lactobacillus",NA
"ASV3712","Bacteria","Actinobacteriota","Coriobacteriia","Coriobacteriales","Coriobacteriaceae","Collinsella","aerofaciens"
"ASV3713","Bacteria","Firmicutes","Clostridia","Lachnospirales","Lachnospiraceae",NA,NA
"ASV3714","Bacteria","Proteobacteria","Gammaproteobacteria","Enterobacterales","Enterobacteriaceae",NA,NA
"ASV3715","Bacteria","Proteobacteria","Gammaproteobacteria","Enterobacterales",NA,NA,NA
"ASV3716","Bacteria","Actinobacteriota","Coriobacteriia","Coriobacteriales","Coriobacteriaceae","Collinsella",NA
"ASV3717","Bacteria","Proteobacteria","Gammaproteobacteria","Enterobacterales","Enterobacteriaceae",NA,NA
"ASV3718","Bacteria","Proteobacteria","Gammaproteobacteria","Enterobacterales","Enterobacteriaceae","Escherichia-Shigella",NA
"ASV3719","Bacteria","Firmicutes","Clostridia","Peptostreptococcales-Tissierellales","Peptostreptococcaceae","Romboutsia",NA
"ASV3720","Bacteria","Firmicutes","Bacilli","Lactobacillales","Enterococcaceae","Enterococcus","hermanniensis"
"ASV3721","Bacteria","Firmicutes","Clostridia","Lachnospirales","Lachnospiraceae","Sellimonas",NA
"ASV3722","Bacteria","Proteobacteria","Gammaproteobacteria","Enterobacterales","Enterobacteriaceae",NA,NA
"ASV3723","Bacteria","Firmicutes","Bacilli","Lactobacillales","Streptococcaceae","Streptococcus","vestibularis"
"ASV3724","Bacteria","Proteobacteria","Gammaproteobacteria",NA,NA,NA,NA
"ASV3725","Bacteria","Bacteroidota","Bacteroidia","Bacteroidales","Bacteroidaceae","Bacteroides",NA
"ASV3726","Bacteria","Firmicutes","Clostridia","Eubacteriales","Eubacteriaceae","Eubacterium","callanderi"
"ASV3727","Bacteria","Bacteroidota","Bacteroidia","Bacteroidales","Dysgonomonadaceae","Dysgonomonas","capnocytophagoides"
"ASV3728","Bacteria","Actinobacteriota","Actinobacteria","Bifidobacteriales","Bifidobacteriaceae","Bifidobacterium","ramosum"
"ASV3729","Bacteria","Firmicutes","Clostridia","Lachnospirales","Lachnospiraceae",NA,NA
"ASV3730","Bacteria","Proteobacteria","Gammaproteobacteria","Enterobacterales",NA,NA,NA
"ASV3731","Bacteria","Firmicutes","Clostridia","Eubacteriales","Eubacteriaceae","Eubacterium","callanderi"
"ASV3732","Bacteria","Actinobacteriota","Coriobacteriia","Coriobacteriales","Coriobacteriaceae","Collinsella",NA
"ASV3733","Bacteria","Firmicutes","Bacilli","Lactobacillales","Enterococcaceae","Enterococcus",NA
"ASV3734","Bacteria","Actinobacteriota","Actinobacteria","Bifidobacteriales","Bifidobacteriaceae","Bifidobacterium",NA
"ASV3735","Bacteria","Firmicutes","Clostridia","Peptostreptococcales-Tissierellales","Family XI","Anaerococcus","vaginalis"
"ASV3736","Bacteria","Actinobacteriota","Actinobacteria","Bifidobacteriales","Bifidobacteriaceae","Bifidobacterium",NA
"ASV3737","Bacteria","Firmicutes","Negativicutes","Veillonellales-Selenomonadales","Veillonellaceae","Veillonella",NA
"ASV3738","Bacteria","Firmicutes","Bacilli","Lactobacillales","Enterococcaceae","Enterococcus",NA
"ASV3739","Bacteria",NA,NA,NA,NA,NA,NA
"ASV3740","Bacteria","Proteobacteria","Gammaproteobacteria","Enterobacterales","Enterobacteriaceae",NA,NA
"ASV3741","Bacteria","Actinobacteriota","Actinobacteria","Bifidobacteriales","Bifidobacteriaceae","Bifidobacterium",NA
"ASV3742","Bacteria","Actinobacteriota","Coriobacteriia","Coriobacteriales","Coriobacteriaceae","Collinsella",NA
"ASV3743","Bacteria","Firmicutes","Bacilli","Staphylococcales","Staphylococcaceae","Staphylococcus","caprae"
"ASV3744","Bacteria","Firmicutes","Bacilli","Lactobacillales","Streptococcaceae","Streptococcus","vestibularis"
"ASV3745","Bacteria","Actinobacteriota","Actinobacteria","Bifidobacteriales","Bifidobacteriaceae","Bifidobacterium",NA
"ASV3746","Bacteria","Proteobacteria","Gammaproteobacteria","Enterobacterales","Enterobacteriaceae","Escherichia-Shigella",NA
"ASV3747","Bacteria","Firmicutes","Bacilli","Lactobacillales",NA,NA,NA
"ASV3748","Bacteria","Bacteroidota","Bacteroidia","Bacteroidales",NA,NA,NA
"ASV3749","Bacteria","Bacteroidota","Bacteroidia","Bacteroidales",NA,NA,NA
"ASV3750","Bacteria","Firmicutes","Clostridia","Peptostreptococcales-Tissierellales","Anaerovoracaceae","Mogibacterium","diversum"
"ASV3751","Bacteria","Firmicutes","Bacilli","Erysipelotrichales","Erysipelotrichaceae","Turicibacter",NA
"ASV3752","Bacteria","Firmicutes","Bacilli","Lactobacillales","Lactobacillaceae","Lacticaseibacillus",NA
"ASV3753","Bacteria","Bacteroidota","Bacteroidia","Bacteroidales","Dysgonomonadaceae","Dysgonomonas","capnocytophagoides"
"ASV3754","Bacteria","Bacteroidota","Bacteroidia","Bacteroidales","Bacteroidaceae","Bacteroides","fragilis"
"ASV3755","Bacteria","Firmicutes","Bacilli","Lactobacillales","Carnobacteriaceae","Granulicatella","adiacens"
"ASV3756","Bacteria","Proteobacteria","Gammaproteobacteria","Enterobacterales","Enterobacteriaceae",NA,NA
"ASV3757","Bacteria","Actinobacteriota","Coriobacteriia","Coriobacteriales","Eggerthellaceae","Eggerthella",NA
"ASV3758","Bacteria","Firmicutes","Clostridia","Peptostreptococcales-Tissierellales","Family XI","Anaerococcus","vaginalis"
"ASV3759","Bacteria","Firmicutes","Negativicutes","Veillonellales-Selenomonadales","Veillonellaceae","Veillonella","parvula"
"ASV3760","Bacteria","Patescibacteria","Saccharimonadia","Saccharimonadales","Saccharimonadaceae","TM7x",NA
"ASV3761","Bacteria",NA,NA,NA,NA,NA,NA
"ASV3762","Bacteria","Bacteroidota","Bacteroidia","Bacteroidales","Bacteroidaceae","Bacteroides","fragilis"
"ASV3763","Bacteria","Firmicutes",NA,NA,NA,NA,NA
"ASV3764","Bacteria","Bacteroidota","Bacteroidia","Bacteroidales","Bacteroidaceae","Bacteroides","kribbi"
"ASV3765","Bacteria","Firmicutes","Bacilli","Lactobacillales","Enterococcaceae","Enterococcus",NA
"ASV3766","Bacteria","Firmicutes","Negativicutes","Veillonellales-Selenomonadales","Veillonellaceae","Veillonella","ratti"
"ASV3767","Bacteria","Proteobacteria","Gammaproteobacteria","Enterobacterales","Enterobacteriaceae",NA,NA
"ASV3768","Bacteria","Firmicutes",NA,NA,NA,NA,NA
"ASV3769","Bacteria","Fusobacteriota","Fusobacteriia","Fusobacteriales","Fusobacteriaceae","Fusobacterium","naviforme"
"ASV3770","Bacteria","Firmicutes","Clostridia","Oscillospirales","Ruminococcaceae","Faecalibacterium","prausnitzii"
"ASV3771","Bacteria","Firmicutes","Bacilli","Lactobacillales","Streptococcaceae","Streptococcus","vestibularis"
"ASV3772","Bacteria","Firmicutes","Bacilli","Lactobacillales","Enterococcaceae","Enterococcus",NA
"ASV3773","Bacteria","Firmicutes","Bacilli","Lactobacillales","Enterococcaceae","Enterococcus",NA
"ASV3774","Bacteria","Actinobacteriota","Actinobacteria",NA,NA,NA,NA
"ASV3775","Bacteria","Proteobacteria","Gammaproteobacteria","Enterobacterales",NA,NA,NA
"ASV3776","Bacteria","Firmicutes","Bacilli","Lactobacillales","Enterococcaceae","Enterococcus",NA
"ASV3777","Bacteria","Firmicutes","Clostridia","Oscillospirales","Oscillospiraceae","Flavonifractor","plautii"
"ASV3778","Bacteria","Actinobacteriota","Actinobacteria","Bifidobacteriales","Bifidobacteriaceae","Bifidobacterium","ramosum"
"ASV3779","Bacteria","Proteobacteria","Gammaproteobacteria","Enterobacterales",NA,NA,NA
"ASV3780","Bacteria","Firmicutes","Clostridia","Lachnospirales","Lachnospiraceae",NA,NA
"ASV3781","Bacteria","Proteobacteria","Gammaproteobacteria","Enterobacterales","Enterobacteriaceae",NA,NA
"ASV3782","Bacteria","Firmicutes","Bacilli","Lactobacillales","Lactobacillaceae","Lactiplantibacillus",NA
"ASV3783","Bacteria","Actinobacteriota","Coriobacteriia","Coriobacteriales","Coriobacteriaceae","Collinsella",NA
"ASV3784","Bacteria","Actinobacteriota","Actinobacteria","Bifidobacteriales","Bifidobacteriaceae","Bifidobacterium",NA
"ASV3785","Bacteria","Actinobacteriota","Actinobacteria","Bifidobacteriales","Bifidobacteriaceae","Bifidobacterium",NA
"ASV3786","Bacteria","Firmicutes","Clostridia","Peptostreptococcales-Tissierellales","Peptostreptococcaceae",NA,NA
"ASV3787","Bacteria","Proteobacteria","Gammaproteobacteria","Enterobacterales","Enterobacteriaceae",NA,NA
"ASV3788","Bacteria","Firmicutes","Clostridia","Oscillospirales","Ruminococcaceae","Faecalibacterium",NA
"ASV3789","Bacteria","Proteobacteria","Gammaproteobacteria","Enterobacterales","Enterobacteriaceae",NA,NA
"ASV3790","Bacteria","Bacteroidota","Bacteroidia","Bacteroidales","Bacteroidaceae","Bacteroides",NA
"ASV3791","Bacteria","Firmicutes","Clostridia","Lachnospirales","Lachnospiraceae",NA,NA
"ASV3792","Bacteria","Actinobacteriota","Actinobacteria","Bifidobacteriales","Bifidobacteriaceae",NA,NA
"ASV3793","Bacteria","Firmicutes","Bacilli","Erysipelotrichales","Erysipelotrichaceae","Turicibacter","sanguinis"
"ASV3794","Bacteria","Firmicutes","Bacilli","Staphylococcales","Staphylococcaceae","Staphylococcus",NA
"ASV3795","Bacteria","Firmicutes","Clostridia","Clostridiales","Clostridiaceae",NA,NA
"ASV3796","Bacteria","Firmicutes","Bacilli","Lactobacillales",NA,NA,NA
"ASV3797","Bacteria","Firmicutes","Clostridia","Monoglobales","Monoglobaceae","Monoglobus",NA
"ASV3798","Bacteria","Firmicutes","Bacilli","Lactobacillales","Streptococcaceae","Streptococcus","agalactiae"
"ASV3799","Bacteria","Firmicutes","Bacilli","Lactobacillales","Enterococcaceae","Enterococcus",NA
"ASV3800","Bacteria","Bacteroidota","Bacteroidia","Bacteroidales","Bacteroidaceae","Bacteroides",NA
"ASV3801","Bacteria","Firmicutes","Clostridia","Lachnospirales","Lachnospiraceae",NA,NA
"ASV3802","Bacteria","Firmicutes","Negativicutes","Acidaminococcales","Acidaminococcaceae","Phascolarctobacterium","faecium"
"ASV3803","Bacteria","Bacteroidota","Bacteroidia","Bacteroidales","Bacteroidaceae","Bacteroides",NA
"ASV3804","Bacteria","Firmicutes","Clostridia","Oscillospirales","Oscillospiraceae","Flavonifractor","plautii"
"ASV3805","Bacteria","Firmicutes","Negativicutes","Veillonellales-Selenomonadales","Veillonellaceae","Veillonella","ratti"
"ASV3806","Bacteria","Bacteroidota","Bacteroidia","Bacteroidales","Tannerellaceae","Parabacteroides","distasonis"
"ASV3807","Bacteria","Proteobacteria","Gammaproteobacteria","Enterobacterales","Enterobacteriaceae",NA,NA
"ASV3808","Bacteria","Proteobacteria","Gammaproteobacteria","Enterobacterales","Enterobacteriaceae",NA,NA
"ASV3809","Bacteria","Actinobacteriota","Coriobacteriia","Coriobacteriales","Coriobacteriaceae","Collinsella","aerofaciens"
"ASV3810","Bacteria","Firmicutes","Clostridia","Lachnospirales","Lachnospiraceae",NA,NA
"ASV3811","Bacteria","Actinobacteriota","Actinobacteria","Bifidobacteriales","Bifidobacteriaceae","Bifidobacterium","ramosum"
"ASV3812","Bacteria","Actinobacteriota","Coriobacteriia","Coriobacteriales","Eggerthellaceae","Eggerthella",NA
"ASV3813","Bacteria","Verrucomicrobiota","Verrucomicrobiae","Verrucomicrobiales","Akkermansiaceae","Akkermansia","muciniphila"
"ASV3814","Bacteria","Firmicutes","Bacilli","Lactobacillales","Streptococcaceae","Streptococcus",NA
"ASV3815","Bacteria","Actinobacteriota","Actinobacteria","Streptomycetales","Streptomycetaceae","Streptomyces","microflavus"
"ASV3816","Bacteria","Firmicutes","Bacilli","Lactobacillales","Streptococcaceae","Streptococcus","vestibularis"
"ASV3817","Bacteria","Firmicutes","Clostridia","Oscillospirales",NA,NA,NA
"ASV3818","Bacteria","Bacteroidota","Bacteroidia",NA,NA,NA,NA
"ASV3819","Bacteria","Firmicutes","Clostridia","Lachnospirales","Lachnospiraceae",NA,NA
"ASV3820","Bacteria","Firmicutes","Clostridia","Oscillospirales","Ruminococcaceae",NA,NA
"ASV3821","Bacteria","Actinobacteriota","Actinobacteria","Bifidobacteriales","Bifidobacteriaceae","Bifidobacterium",NA
"ASV3822","Bacteria","Actinobacteriota","Actinobacteria","Bifidobacteriales","Bifidobacteriaceae","Bifidobacterium","ramosum"
"ASV3823","Bacteria","Actinobacteriota","Coriobacteriia","Coriobacteriales","Coriobacteriaceae","Collinsella","aerofaciens"
"ASV3824","Bacteria","Actinobacteriota","Actinobacteria","Bifidobacteriales","Bifidobacteriaceae","Bifidobacterium",NA
"ASV3825","Bacteria","Firmicutes","Clostridia","Peptostreptococcales-Tissierellales","Family XI","Peptoniphilus","grossensis"
"ASV3826","Bacteria","Firmicutes","Clostridia","Lachnospirales","Lachnospiraceae","Blautia",NA
"ASV3827","Bacteria","Firmicutes","Clostridia","Eubacteriales","Eubacteriaceae","Eubacterium","callanderi"
"ASV3828","Bacteria","Proteobacteria","Gammaproteobacteria","Enterobacterales",NA,NA,NA
"ASV3829","Bacteria",NA,NA,NA,NA,NA,NA
"ASV3830","Bacteria","Firmicutes","Clostridia","Peptostreptococcales-Tissierellales","Peptostreptococcaceae",NA,NA
"ASV3831","Bacteria","Firmicutes","Bacilli","Lactobacillales",NA,NA,NA
"ASV3832","Bacteria","Firmicutes","Clostridia","Lachnospirales","Lachnospiraceae",NA,NA
"ASV3833","Bacteria","Actinobacteriota","Coriobacteriia","Coriobacteriales","Coriobacteriaceae","Collinsella","aerofaciens"
"ASV3834","Bacteria","Firmicutes","Bacilli","Lactobacillales","Lactobacillaceae","Lacticaseibacillus",NA
"ASV3835","Bacteria","Actinobacteriota","Actinobacteria","Bifidobacteriales","Bifidobacteriaceae","Bifidobacterium",NA
"ASV3836","Bacteria","Bacteroidota","Bacteroidia","Bacteroidales","Bacteroidaceae","Bacteroides",NA
"ASV3837","Bacteria","Proteobacteria","Gammaproteobacteria","Enterobacterales","Enterobacteriaceae",NA,NA
"ASV3838","Bacteria","Firmicutes","Clostridia","Lachnospirales","Lachnospiraceae","Blautia",NA
"ASV3839","Bacteria","Actinobacteriota","Actinobacteria","Bifidobacteriales","Bifidobacteriaceae","Bifidobacterium","longum"
"ASV3840","Bacteria","Proteobacteria","Gammaproteobacteria","Enterobacterales",NA,NA,NA
"ASV3841","Bacteria","Firmicutes","Bacilli","Lactobacillales","Enterococcaceae",NA,NA
"ASV3842","Bacteria","Firmicutes","Clostridia","Eubacteriales","Eubacteriaceae","Eubacterium","callanderi"
"ASV3843","Bacteria","Bacteroidota","Bacteroidia","Bacteroidales","Bacteroidaceae","Bacteroides",NA
"ASV3844","Bacteria","Firmicutes","Bacilli","Lactobacillales","Aerococcaceae","Abiotrophia",NA
"ASV3845","Bacteria","Firmicutes","Clostridia","Lachnospirales","Lachnospiraceae",NA,NA
"ASV3846","Bacteria","Firmicutes","Bacilli","Lactobacillales","Streptococcaceae","Streptococcus","vestibularis"
"ASV3847","Bacteria","Firmicutes","Bacilli","Lactobacillales","Streptococcaceae","Streptococcus","vestibularis"
"ASV3848","Bacteria","Firmicutes","Clostridia","Lachnospirales","Lachnospiraceae",NA,NA
"ASV3849","Bacteria","Proteobacteria","Gammaproteobacteria","Enterobacterales","Enterobacteriaceae","Escherichia-Shigella",NA
"ASV3850","Bacteria","Bacteroidota","Bacteroidia","Bacteroidales","Bacteroidaceae","Bacteroides",NA
"ASV3851","Bacteria","Firmicutes","Bacilli","Lactobacillales","Streptococcaceae","Streptococcus",NA
"ASV3852","Bacteria","Firmicutes","Bacilli",NA,NA,NA,NA
"ASV3853","Bacteria","Firmicutes","Clostridia","Oscillospirales","Oscillospiraceae","Flavonifractor",NA
"ASV3854","Bacteria","Firmicutes","Clostridia","Lachnospirales","Lachnospiraceae",NA,NA
"ASV3855","Bacteria","Firmicutes","Bacilli","Lactobacillales","Streptococcaceae","Streptococcus","vestibularis"
"ASV3856","Bacteria","Firmicutes","Clostridia","Eubacteriales","Eubacteriaceae","Eubacterium","callanderi"
"ASV3857","Bacteria","Actinobacteriota","Actinobacteria","Actinomycetales","Actinomycetaceae","Actinomyces",NA
"ASV3858","Bacteria","Firmicutes","Clostridia","Clostridiales","Clostridiaceae",NA,NA
"ASV3859","Bacteria","Firmicutes","Clostridia","Lachnospirales","Lachnospiraceae","Blautia","wexlerae"
"ASV3860","Bacteria","Bacteroidota","Bacteroidia","Bacteroidales",NA,NA,NA
"ASV3861","Bacteria",NA,NA,NA,NA,NA,NA
"ASV3862","Bacteria","Firmicutes","Bacilli","Lactobacillales","Lactobacillaceae",NA,NA
"ASV3863","Bacteria","Proteobacteria","Gammaproteobacteria","Enterobacterales","Enterobacteriaceae",NA,NA
"ASV3864","Bacteria","Firmicutes","Bacilli","Staphylococcales","Staphylococcaceae","Staphylococcus",NA
"ASV3865","Bacteria","Proteobacteria","Gammaproteobacteria","Enterobacterales","Enterobacteriaceae",NA,NA
"ASV3866","Bacteria","Firmicutes","Bacilli","Lactobacillales","Streptococcaceae","Streptococcus",NA
"ASV3867","Bacteria","Firmicutes","Clostridia","Lachnospirales","Lachnospiraceae",NA,NA
"ASV3868","Bacteria","Proteobacteria","Gammaproteobacteria","Enterobacterales","Enterobacteriaceae","Buttiauxella","brennerae"
"ASV3869","Bacteria","Bacteroidota","Bacteroidia","Bacteroidales","Bacteroidaceae","Bacteroides",NA
"ASV3870","Bacteria","Actinobacteriota","Coriobacteriia","Coriobacteriales",NA,NA,NA
"ASV3871","Bacteria","Firmicutes","Clostridia","Lachnospirales","Lachnospiraceae","Blautia",NA
"ASV3872","Bacteria","Firmicutes","Clostridia","Eubacteriales","Eubacteriaceae","Eubacterium","callanderi"
"ASV3873","Bacteria","Firmicutes","Clostridia","Lachnospirales","Lachnospiraceae",NA,NA
"ASV3874","Bacteria","Actinobacteriota","Coriobacteriia","Coriobacteriales","Eggerthellaceae",NA,NA
"ASV3875","Bacteria","Bacteroidota","Bacteroidia","Bacteroidales","Bacteroidaceae","Bacteroides","kribbi"
"ASV3876","Bacteria","Actinobacteriota","Coriobacteriia","Coriobacteriales","Coriobacteriaceae","Collinsella",NA
"ASV3877","Bacteria","Firmicutes","Clostridia","Lachnospirales","Lachnospiraceae","Blautia","wexlerae"
"ASV3878","Bacteria",NA,NA,NA,NA,NA,NA
"ASV3879","Bacteria",NA,NA,NA,NA,NA,NA
"ASV3880","Bacteria","Firmicutes","Bacilli","Lactobacillales","Enterococcaceae","Enterococcus",NA
"ASV3881","Bacteria","Firmicutes","Bacilli","Lactobacillales","Streptococcaceae","Streptococcus",NA
"ASV3882","Bacteria","Firmicutes","Bacilli","Lactobacillales","Enterococcaceae",NA,NA
"ASV3883","Bacteria","Bacteroidota","Bacteroidia","Bacteroidales","Bacteroidaceae","Bacteroides","fragilis"
"ASV3884","Bacteria","Firmicutes","Clostridia","Oscillospirales","Oscillospiraceae","Flavonifractor","plautii"
"ASV3885","Bacteria","Firmicutes","Clostridia","Lachnospirales","Lachnospiraceae","Tyzzerella",NA
"ASV3886","Bacteria","Actinobacteriota","Actinobacteria","Micrococcales","Micrococcaceae","Rothia","mucilaginosa"
"ASV3887","Bacteria","Firmicutes","Bacilli","Lactobacillales","Enterococcaceae","Enterococcus",NA
"ASV3888","Bacteria","Firmicutes","Clostridia","Monoglobales","Monoglobaceae","Monoglobus",NA
"ASV3889","Bacteria","Firmicutes","Negativicutes","Veillonellales-Selenomonadales","Veillonellaceae","Veillonella",NA
"ASV3890","Bacteria","Bacteroidota","Bacteroidia","Bacteroidales","Prevotellaceae","Prevotella","bivia"
"ASV3891","Bacteria","Firmicutes","Clostridia","Clostridiales","Clostridiaceae","Clostridium sensu stricto 1",NA
"ASV3892","Bacteria","Proteobacteria","Gammaproteobacteria","Enterobacterales",NA,NA,NA
"ASV3893","Bacteria","Actinobacteriota","Actinobacteria","Bifidobacteriales","Bifidobacteriaceae","Bifidobacterium",NA
"ASV3894","Bacteria","Firmicutes","Clostridia",NA,NA,NA,NA
"ASV3895","Bacteria","Firmicutes","Bacilli","Lactobacillales","Lactobacillaceae",NA,NA
"ASV3896","Bacteria","Firmicutes","Clostridia","Lachnospirales","Lachnospiraceae","Hungatella","hathewayi"
"ASV3897","Bacteria","Firmicutes","Bacilli","Lactobacillales","Streptococcaceae","Streptococcus",NA
"ASV3898","Bacteria","Actinobacteriota","Actinobacteria","Bifidobacteriales","Bifidobacteriaceae","Bifidobacterium",NA
"ASV3899","Bacteria","Bacteroidota","Bacteroidia","Bacteroidales","Bacteroidaceae","Bacteroides",NA
"ASV3900","Bacteria","Firmicutes","Clostridia","Peptostreptococcales-Tissierellales","Family XI","Peptoniphilus","duerdenii"
"ASV3901","Bacteria","Firmicutes","Bacilli","Lactobacillales","Streptococcaceae","Streptococcus","dysgalactiae"
"ASV3902","Bacteria","Actinobacteriota","Coriobacteriia","Coriobacteriales","Eggerthellaceae","Eggerthella",NA
"ASV3903","Bacteria","Firmicutes","Clostridia","Oscillospirales","Oscillospiraceae","Flavonifractor",NA
"ASV3904","Bacteria","Firmicutes","Clostridia","Lachnospirales","Lachnospiraceae",NA,NA
"ASV3905","Bacteria","Actinobacteriota","Actinobacteria","Bifidobacteriales","Bifidobacteriaceae","Bifidobacterium","breve"
"ASV3906","Bacteria","Firmicutes","Clostridia","Clostridiales","Clostridiaceae","Clostridium sensu stricto 1",NA
"ASV3907","Bacteria","Firmicutes","Negativicutes","Veillonellales-Selenomonadales","Veillonellaceae","Megasphaera","micronuciformis"
"ASV3908","Bacteria","Firmicutes","Clostridia","Lachnospirales","Lachnospiraceae",NA,NA
"ASV3909","Bacteria","Firmicutes","Negativicutes","Veillonellales-Selenomonadales","Veillonellaceae","Veillonella",NA
"ASV3910","Bacteria","Bacteroidota","Bacteroidia","Bacteroidales","Prevotellaceae","Prevotella","timonensis"
"ASV3911","Bacteria","Firmicutes","Bacilli","Lactobacillales","Lactobacillaceae","Lactiplantibacillus",NA
"ASV3912","Bacteria","Firmicutes","Clostridia","Lachnospirales","Lachnospiraceae",NA,NA
"ASV3913","Bacteria","Proteobacteria","Gammaproteobacteria","Enterobacterales",NA,NA,NA
"ASV3914","Bacteria","Firmicutes","Clostridia","Lachnospirales","Lachnospiraceae",NA,NA
"ASV3915","Bacteria","Firmicutes","Bacilli","Lactobacillales","Streptococcaceae","Streptococcus",NA
"ASV3916","Bacteria","Firmicutes","Clostridia","Lachnospirales","Lachnospiraceae",NA,NA
"ASV3917","Bacteria","Proteobacteria","Gammaproteobacteria","Enterobacterales","Enterobacteriaceae","Escherichia-Shigella",NA
"ASV3918","Bacteria","Firmicutes","Clostridia","Peptostreptococcales-Tissierellales","Peptostreptococcaceae",NA,NA
"ASV3919","Bacteria","Firmicutes","Negativicutes","Veillonellales-Selenomonadales","Veillonellaceae","Veillonella",NA
"ASV3920","Bacteria","Firmicutes","Clostridia","Lachnospirales","Lachnospiraceae","Blautia",NA
"ASV3921","Bacteria","Actinobacteriota","Actinobacteria","Actinomycetales","Actinomycetaceae","Actinomyces","bouchesdurhonensis"
"ASV3922","Bacteria","Firmicutes","Negativicutes","Veillonellales-Selenomonadales","Veillonellaceae","Veillonella","ratti"
"ASV3923","Bacteria","Proteobacteria","Gammaproteobacteria","Enterobacterales","Enterobacteriaceae","Escherichia-Shigella",NA
"ASV3924","Bacteria","Firmicutes","Clostridia",NA,NA,NA,NA
"ASV3925","Bacteria","Firmicutes","Clostridia","Clostridiales","Clostridiaceae",NA,NA
"ASV3926","Bacteria",NA,NA,NA,NA,NA,NA
"ASV3927","Bacteria","Firmicutes","Bacilli","Lactobacillales",NA,NA,NA
"ASV3928","Bacteria","Firmicutes","Negativicutes","Veillonellales-Selenomonadales","Veillonellaceae","Anaeroglobus",NA
"ASV3929","Bacteria","Firmicutes","Clostridia","Lachnospirales","Lachnospiraceae",NA,NA
"ASV3930","Bacteria","Firmicutes","Clostridia","Lachnospirales","Lachnospiraceae","Blautia",NA
"ASV3931","Bacteria",NA,NA,NA,NA,NA,NA
"ASV3932","Bacteria","Firmicutes","Clostridia","Oscillospirales","Ruminococcaceae",NA,NA
"ASV3933","Bacteria","Bacteroidota","Bacteroidia","Bacteroidales","Bacteroidaceae","Bacteroides",NA
"ASV3934","Bacteria","Firmicutes","Bacilli","Lactobacillales","Streptococcaceae","Streptococcus","salivarius"
"ASV3935","Bacteria","Actinobacteriota","Coriobacteriia","Coriobacteriales","Eggerthellaceae",NA,NA
"ASV3936","Bacteria","Proteobacteria","Gammaproteobacteria","Enterobacterales","Enterobacteriaceae",NA,NA
"ASV3937","Bacteria","Firmicutes","Bacilli","Lactobacillales",NA,NA,NA
"ASV3938","Bacteria","Proteobacteria","Gammaproteobacteria","Enterobacterales","Enterobacteriaceae",NA,NA
"ASV3939","Bacteria","Proteobacteria","Gammaproteobacteria","Enterobacterales","Enterobacteriaceae","Escherichia-Shigella",NA
"ASV3940","Bacteria","Actinobacteriota","Coriobacteriia","Coriobacteriales","Coriobacteriaceae","Collinsella","aerofaciens"
"ASV3941","Bacteria","Firmicutes","Bacilli","Lactobacillales","Enterococcaceae",NA,NA
"ASV3942","Bacteria","Firmicutes","Clostridia","Eubacteriales","Eubacteriaceae","Eubacterium","callanderi"
"ASV3943","Bacteria","Bacteroidota","Bacteroidia","Bacteroidales","Tannerellaceae","Parabacteroides","distasonis"
"ASV3944","Bacteria","Actinobacteriota","Actinobacteria","Bifidobacteriales","Bifidobacteriaceae","Bifidobacterium",NA
"ASV3945","Bacteria","Firmicutes","Clostridia","Oscillospirales","Ruminococcaceae",NA,NA
"ASV3946","Bacteria","Proteobacteria","Gammaproteobacteria","Enterobacterales",NA,NA,NA
"ASV3947","Bacteria","Bacteroidota","Bacteroidia","Bacteroidales","Bacteroidaceae","Bacteroides",NA
"ASV3948","Bacteria","Bacteroidota","Bacteroidia","Bacteroidales","Bacteroidaceae","Bacteroides",NA
"ASV3949","Bacteria","Bacteroidota","Bacteroidia","Bacteroidales","Bacteroidaceae","Bacteroides",NA
"ASV3950","Bacteria","Firmicutes",NA,NA,NA,NA,NA
"ASV3951","Bacteria","Campylobacterota","Campylobacteria","Campylobacterales","Campylobacteraceae","Campylobacter","gracilis"
"ASV3952","Bacteria","Firmicutes","Clostridia","Lachnospirales","Lachnospiraceae","Blautia","wexlerae"
"ASV3953","Bacteria","Firmicutes","Clostridia","Clostridiales","Clostridiaceae","Sarcina",NA
"ASV3954","Bacteria","Actinobacteriota","Coriobacteriia","Coriobacteriales","Eggerthellaceae","Eggerthella",NA
"ASV3955","Bacteria","Firmicutes","Bacilli",NA,NA,NA,NA
"ASV3956","Bacteria","Proteobacteria","Gammaproteobacteria","Enterobacterales","Enterobacteriaceae",NA,NA
"ASV3957","Bacteria","Bacteroidota","Bacteroidia","Bacteroidales",NA,NA,NA
"ASV3958","Bacteria","Proteobacteria","Gammaproteobacteria","Enterobacterales",NA,NA,NA
"ASV3959","Bacteria","Actinobacteriota","Coriobacteriia","Coriobacteriales",NA,NA,NA
"ASV3960","Bacteria","Bacteroidota","Bacteroidia","Bacteroidales","Bacteroidaceae","Bacteroides",NA
"ASV3961","Bacteria","Proteobacteria","Gammaproteobacteria","Enterobacterales",NA,NA,NA
"ASV3962","Bacteria","Bacteroidota","Bacteroidia","Bacteroidales","Bacteroidaceae","Bacteroides",NA
"ASV3963","Bacteria","Firmicutes","Clostridia","Clostridiales","Clostridiaceae","Clostridium sensu stricto 1","tertium"
"ASV3964","Bacteria","Bacteroidota","Bacteroidia","Bacteroidales","Bacteroidaceae","Bacteroides","faecis"
"ASV3965","Bacteria","Proteobacteria","Gammaproteobacteria","Enterobacterales","Enterobacteriaceae","Klebsiella",NA
"ASV3966","Bacteria","Firmicutes","Clostridia","Oscillospirales","Ruminococcaceae",NA,NA
"ASV3967","Bacteria","Firmicutes","Clostridia","Monoglobales","Monoglobaceae","Monoglobus",NA
"ASV3968","Bacteria","Firmicutes","Negativicutes","Veillonellales-Selenomonadales","Veillonellaceae","Veillonella",NA
"ASV3969","Bacteria","Proteobacteria","Gammaproteobacteria","Enterobacterales",NA,NA,NA
"ASV3970","Bacteria","Actinobacteriota","Actinobacteria","Actinomycetales","Actinomycetaceae","Arcanobacterium",NA
"ASV3971","Bacteria","Firmicutes","Negativicutes","Veillonellales-Selenomonadales","Veillonellaceae","Megasphaera","micronuciformis"
"ASV3972","Bacteria","Actinobacteriota","Coriobacteriia","Coriobacteriales","Coriobacteriaceae","Collinsella",NA
"ASV3973","Bacteria","Firmicutes","Negativicutes","Veillonellales-Selenomonadales","Veillonellaceae","Megasphaera","micronuciformis"
"ASV3974","Bacteria","Proteobacteria","Gammaproteobacteria","Enterobacterales","Enterobacteriaceae","Escherichia-Shigella","marmotae"
"ASV3975","Bacteria","Firmicutes","Bacilli","Lactobacillales",NA,NA,NA
"ASV3976","Bacteria","Actinobacteriota","Actinobacteria",NA,NA,NA,NA
"ASV3977","Bacteria","Actinobacteriota","Coriobacteriia","Coriobacteriales","Coriobacteriaceae","Collinsella","aerofaciens"
"ASV3978","Bacteria","Firmicutes","Clostridia","Lachnospirales","Lachnospiraceae",NA,NA
"ASV3979","Bacteria","Firmicutes","Negativicutes","Veillonellales-Selenomonadales","Veillonellaceae","Negativicoccus","massiliensis"
"ASV3980","Bacteria","Firmicutes","Bacilli","Erysipelotrichales","Erysipelotrichaceae","Solobacterium",NA
"ASV3981","Bacteria","Firmicutes","Clostridia","Eubacteriales","Eubacteriaceae",NA,NA
"ASV3982","Bacteria","Proteobacteria","Gammaproteobacteria","Enterobacterales","Enterobacteriaceae",NA,NA
"ASV3983","Bacteria","Firmicutes",NA,NA,NA,NA,NA
"ASV3984","Bacteria","Firmicutes","Clostridia","Lachnospirales","Lachnospiraceae",NA,NA
"ASV3985","Bacteria","Proteobacteria","Gammaproteobacteria","Enterobacterales",NA,NA,NA
"ASV3986","Bacteria","Bacteroidota","Bacteroidia","Bacteroidales","Tannerellaceae","Parabacteroides",NA
"ASV3987","Bacteria","Proteobacteria","Gammaproteobacteria","Enterobacterales","Enterobacteriaceae","Enterobacter",NA
"ASV3988","Bacteria","Actinobacteriota","Actinobacteria","Bifidobacteriales","Bifidobacteriaceae","Bifidobacterium",NA
"ASV3989","Bacteria","Actinobacteriota","Actinobacteria","Actinomycetales","Actinomycetaceae","Arcanobacterium",NA
"ASV3990","Bacteria","Firmicutes","Bacilli","Lactobacillales","Streptococcaceae","Streptococcus",NA
"ASV3991","Bacteria","Actinobacteriota","Actinobacteria","Bifidobacteriales","Bifidobacteriaceae","Bifidobacterium",NA
"ASV3992","Bacteria","Firmicutes","Clostridia","Monoglobales","Monoglobaceae","Monoglobus",NA
"ASV3993","Bacteria","Bacteroidota","Bacteroidia","Bacteroidales","Dysgonomonadaceae","Dysgonomonas","capnocytophagoides"
"ASV3994","Bacteria","Bacteroidota","Bacteroidia","Bacteroidales","Tannerellaceae","Parabacteroides","distasonis"
"ASV3995","Bacteria","Actinobacteriota","Actinobacteria","Actinomycetales","Actinomycetaceae","Arcanobacterium",NA
"ASV3996","Bacteria","Proteobacteria","Gammaproteobacteria","Enterobacterales","Enterobacteriaceae",NA,NA
"ASV3997","Bacteria","Firmicutes","Clostridia","Clostridiales","Clostridiaceae","Clostridium sensu stricto 1",NA
"ASV3998","Bacteria","Actinobacteriota","Actinobacteria","Bifidobacteriales","Bifidobacteriaceae","Bifidobacterium",NA
"ASV3999","Bacteria","Firmicutes","Clostridia","Eubacteriales","Eubacteriaceae",NA,NA
"ASV4000","Bacteria","Firmicutes","Bacilli","Lactobacillales","Lactobacillaceae",NA,NA
"ASV4001","Bacteria",NA,NA,NA,NA,NA,NA
"ASV4002","Bacteria","Bacteroidota","Bacteroidia","Bacteroidales","Bacteroidaceae","Bacteroides","fragilis"
"ASV4003","Bacteria",NA,NA,NA,NA,NA,NA
"ASV4004","Bacteria","Bacteroidota","Bacteroidia","Bacteroidales","Bacteroidaceae","Bacteroides","kribbi"
"ASV4005","Bacteria","Actinobacteriota","Actinobacteria","Actinomycetales","Actinomycetaceae","Actinomyces",NA
"ASV4006","Bacteria","Proteobacteria","Gammaproteobacteria","Enterobacterales","Pasteurellaceae","Haemophilus",NA
"ASV4007","Bacteria","Firmicutes","Bacilli","Staphylococcales","Staphylococcaceae","Staphylococcus","equorum"
"ASV4008","Bacteria","Proteobacteria","Gammaproteobacteria","Enterobacterales",NA,NA,NA
"ASV4009","Bacteria","Firmicutes","Bacilli","Lactobacillales","Streptococcaceae","Streptococcus","vestibularis"
"ASV4010","Bacteria","Firmicutes","Clostridia","Lachnospirales","Lachnospiraceae",NA,NA
"ASV4011","Bacteria","Proteobacteria","Gammaproteobacteria","Enterobacterales","Enterobacteriaceae",NA,NA
"ASV4012","Bacteria","Firmicutes","Clostridia","Lachnospirales","Lachnospiraceae","Blautia","obeum"
"ASV4013","Bacteria","Firmicutes","Clostridia","Lachnospirales","Lachnospiraceae",NA,NA
"ASV4014","Bacteria","Actinobacteriota","Actinobacteria","Corynebacteriales","Nocardiaceae","Rhodococcus",NA
"ASV4015","Bacteria","Actinobacteriota","Actinobacteria","Actinomycetales","Actinomycetaceae","Arcanobacterium",NA
"ASV4016","Bacteria","Firmicutes","Clostridia","Clostridiales","Clostridiaceae","Clostridium sensu stricto 1",NA
"ASV4017","Bacteria","Proteobacteria","Gammaproteobacteria","Enterobacterales","Enterobacteriaceae","Klebsiella","michiganensis"
"ASV4018","Bacteria","Actinobacteriota","Actinobacteria","Micrococcales","Micrococcaceae","Rothia","mucilaginosa"
"ASV4019","Bacteria","Firmicutes","Clostridia","Lachnospirales","Lachnospiraceae","Blautia","wexlerae"
"ASV4020","Bacteria","Proteobacteria","Gammaproteobacteria","Enterobacterales","Enterobacteriaceae","Enterobacter",NA
"ASV4021","Bacteria","Firmicutes","Clostridia","Peptostreptococcales-Tissierellales","Family XI","Anaerococcus","vaginalis"
"ASV4022","Bacteria","Actinobacteriota","Actinobacteria","Actinomycetales","Actinomycetaceae","Varibaculum",NA
"ASV4023","Bacteria","Actinobacteriota","Actinobacteria","Bifidobacteriales","Bifidobacteriaceae","Bifidobacterium",NA
"ASV4024","Bacteria","Firmicutes","Clostridia","Oscillospirales","Ruminococcaceae",NA,NA
"ASV4025","Bacteria","Firmicutes","Clostridia","Clostridiales","Clostridiaceae",NA,NA
"ASV4026","Bacteria","Fusobacteriota","Fusobacteriia","Fusobacteriales","Fusobacteriaceae","Fusobacterium",NA
"ASV4027","Bacteria","Actinobacteriota","Actinobacteria",NA,NA,NA,NA
"ASV4028","Bacteria","Proteobacteria","Gammaproteobacteria","Enterobacterales","Pasteurellaceae","Haemophilus","sputorum"
"ASV4029","Bacteria","Firmicutes","Clostridia","Peptostreptococcales-Tissierellales","Peptostreptococcaceae",NA,NA
"ASV4030","Bacteria","Firmicutes","Clostridia","Lachnospirales","Lachnospiraceae",NA,NA
"ASV4031","Bacteria","Proteobacteria","Gammaproteobacteria","Enterobacterales","Enterobacteriaceae","Escherichia-Shigella","sonnei"
"ASV4032","Bacteria","Firmicutes","Clostridia","Oscillospirales","Ruminococcaceae","Incertae Sedis",NA
"ASV4033","Bacteria","Firmicutes","Negativicutes","Veillonellales-Selenomonadales","Veillonellaceae","Megasphaera","micronuciformis"
"ASV4034","Bacteria","Bacteroidota","Bacteroidia","Bacteroidales","Bacteroidaceae","Bacteroides",NA
"ASV4035","Bacteria","Actinobacteriota","Actinobacteria","Bifidobacteriales","Bifidobacteriaceae","Bifidobacterium",NA
"ASV4036","Bacteria","Bacteroidota","Bacteroidia","Bacteroidales","Bacteroidaceae","Bacteroides",NA
"ASV4037","Bacteria",NA,NA,NA,NA,NA,NA
"ASV4038","Bacteria","Firmicutes","Bacilli","Lactobacillales","Enterococcaceae","Enterococcus",NA
"ASV4039","Bacteria","Proteobacteria","Gammaproteobacteria","Enterobacterales","Enterobacteriaceae","Escherichia-Shigella","marmotae"
"ASV4040",NA,NA,NA,NA,NA,NA,NA
"ASV4041","Bacteria","Firmicutes","Clostridia","Oscillospirales","Ruminococcaceae",NA,NA
"ASV4042","Bacteria","Firmicutes","Clostridia","Clostridiales","Clostridiaceae","Sarcina",NA
"ASV4043","Bacteria","Actinobacteriota","Actinobacteria","Bifidobacteriales","Bifidobacteriaceae","Bifidobacterium",NA
"ASV4044","Bacteria","Firmicutes","Bacilli","Lactobacillales","Streptococcaceae","Streptococcus","thermophilus"
"ASV4045","Bacteria","Firmicutes","Bacilli","Lactobacillales","Enterococcaceae","Enterococcus",NA
"ASV4046","Bacteria","Firmicutes","Clostridia","Oscillospirales","Ruminococcaceae","Incertae Sedis",NA
"ASV4047","Bacteria",NA,NA,NA,NA,NA,NA
"ASV4048","Bacteria","Proteobacteria","Gammaproteobacteria","Enterobacterales","Enterobacteriaceae",NA,NA
"ASV4049","Bacteria","Firmicutes","Clostridia","Lachnospirales","Lachnospiraceae",NA,NA
"ASV4050","Bacteria","Firmicutes","Negativicutes","Veillonellales-Selenomonadales","Veillonellaceae","Megasphaera","micronuciformis"
"ASV4051","Bacteria","Firmicutes","Bacilli","Lactobacillales","Streptococcaceae","Lactococcus",NA
"ASV4052","Bacteria","Firmicutes","Clostridia","Peptostreptococcales-Tissierellales","Family XI","Anaerococcus","vaginalis"
"ASV4053","Bacteria","Firmicutes","Clostridia","Clostridiales","Clostridiaceae","Clostridium sensu stricto 1",NA
"ASV4054","Bacteria","Proteobacteria","Gammaproteobacteria","Enterobacterales",NA,NA,NA
"ASV4055","Bacteria","Firmicutes","Clostridia","Oscillospirales",NA,NA,NA
"ASV4056","Bacteria","Actinobacteriota","Actinobacteria","Bifidobacteriales","Bifidobacteriaceae","Bifidobacterium",NA
"ASV4057","Bacteria","Firmicutes","Bacilli","Lactobacillales","Enterococcaceae","Enterococcus",NA
"ASV4058","Bacteria","Actinobacteriota","Actinobacteria","Bifidobacteriales","Bifidobacteriaceae","Bifidobacterium","ramosum"
"ASV4059","Bacteria","Verrucomicrobiota","Verrucomicrobiae","Verrucomicrobiales","Akkermansiaceae","Akkermansia",NA
"ASV4060","Bacteria","Bacteroidota","Bacteroidia","Bacteroidales","Bacteroidaceae","Bacteroides","fragilis"
"ASV4061","Bacteria","Firmicutes","Clostridia","Eubacteriales","Eubacteriaceae",NA,NA
"ASV4062","Bacteria",NA,NA,NA,NA,NA,NA
"ASV4063","Bacteria","Proteobacteria","Gammaproteobacteria","Enterobacterales","Pseudoalteromonadaceae","Pseudoalteromonas","prydzensis"
"ASV4064","Bacteria","Verrucomicrobiota","Verrucomicrobiae","Verrucomicrobiales","Akkermansiaceae","Akkermansia","muciniphila"
"ASV4065","Bacteria","Bacteroidota","Bacteroidia","Bacteroidales","Bacteroidaceae","Bacteroides",NA
"ASV4066","Bacteria","Firmicutes","Bacilli","Lactobacillales","Enterococcaceae","Enterococcus",NA
"ASV4067","Bacteria","Actinobacteriota","Actinobacteria","Bifidobacteriales","Bifidobacteriaceae","Bifidobacterium","bifidum"
"ASV4068","Bacteria","Proteobacteria","Gammaproteobacteria","Enterobacterales","Enterobacteriaceae",NA,NA
"ASV4069","Bacteria","Actinobacteriota","Actinobacteria","Bifidobacteriales","Bifidobacteriaceae","Bifidobacterium","breve"
"ASV4070","Bacteria","Firmicutes","Clostridia","Lachnospirales","Lachnospiraceae",NA,NA
"ASV4071","Bacteria","Proteobacteria","Alphaproteobacteria","Rhizobiales","Rhizobiaceae",NA,NA
"ASV4072","Bacteria","Firmicutes","Clostridia","Lachnospirales","Lachnospiraceae",NA,NA
"ASV4073","Bacteria","Verrucomicrobiota","Verrucomicrobiae","Verrucomicrobiales","Akkermansiaceae","Akkermansia","muciniphila"
"ASV4074","Bacteria","Firmicutes","Bacilli","Lactobacillales","Enterococcaceae","Enterococcus",NA
"ASV4075","Bacteria","Firmicutes","Clostridia","Monoglobales","Monoglobaceae","Monoglobus",NA
"ASV4076","Bacteria","Firmicutes","Clostridia","Eubacteriales","Eubacteriaceae","Eubacterium","callanderi"
"ASV4077","Bacteria","Actinobacteriota","Actinobacteria","Bifidobacteriales","Bifidobacteriaceae","Bifidobacterium","ramosum"
"ASV4078","Bacteria","Firmicutes","Clostridia","Peptostreptococcales-Tissierellales","Peptostreptococcaceae",NA,NA
"ASV4079","Bacteria",NA,NA,NA,NA,NA,NA
"ASV4080","Bacteria","Firmicutes","Bacilli","Lactobacillales",NA,NA,NA
"ASV4081","Bacteria","Actinobacteriota","Actinobacteria","Bifidobacteriales","Bifidobacteriaceae","Bifidobacterium",NA
"ASV4082","Bacteria","Firmicutes","Bacilli","Lactobacillales","Enterococcaceae","Enterococcus",NA
"ASV4083","Bacteria","Proteobacteria","Gammaproteobacteria","Enterobacterales","Enterobacteriaceae","Escherichia-Shigella",NA
"ASV4084","Bacteria","Bacteroidota","Bacteroidia","Bacteroidales","Bacteroidaceae","Bacteroides",NA
"ASV4085","Bacteria","Firmicutes","Bacilli","Erysipelotrichales","Erysipelotrichaceae","[Clostridium] innocuum group",NA
"ASV4086","Bacteria","Actinobacteriota","Actinobacteria","Actinomycetales","Actinomycetaceae","Actinotignum","timonense"
"ASV4087","Bacteria","Firmicutes","Clostridia","Lachnospirales","Lachnospiraceae","Blautia",NA
"ASV4088","Bacteria","Bacteroidota","Bacteroidia","Bacteroidales","Bacteroidaceae","Bacteroides",NA
"ASV4089","Bacteria","Actinobacteriota","Actinobacteria","Actinomycetales","Actinomycetaceae","Varibaculum",NA
"ASV4090","Bacteria","Actinobacteriota","Actinobacteria","Bifidobacteriales","Bifidobacteriaceae",NA,NA
"ASV4091","Bacteria","Firmicutes","Bacilli","Lactobacillales","Lactobacillaceae",NA,NA
"ASV4092","Bacteria","Firmicutes","Bacilli","Lactobacillales","Lactobacillaceae","Lactobacillus",NA
"ASV4093","Bacteria","Firmicutes","Bacilli",NA,NA,NA,NA
"ASV4094","Bacteria","Firmicutes","Clostridia","Clostridiales","Clostridiaceae",NA,NA
"ASV4095","Bacteria","Actinobacteriota","Actinobacteria","Bifidobacteriales","Bifidobacteriaceae","Bifidobacterium",NA
"ASV4096","Bacteria","Actinobacteriota","Coriobacteriia","Coriobacteriales","Eggerthellaceae","Eggerthella",NA
"ASV4097","Bacteria","Firmicutes","Bacilli","Lactobacillales","Enterococcaceae",NA,NA
"ASV4098","Bacteria","Actinobacteriota",NA,NA,NA,NA,NA
"ASV4099","Bacteria","Actinobacteriota","Actinobacteria","Bifidobacteriales","Bifidobacteriaceae","Bifidobacterium",NA
"ASV4100","Bacteria","Firmicutes","Bacilli","Lactobacillales","Enterococcaceae","Enterococcus",NA
"ASV4101","Bacteria","Proteobacteria","Gammaproteobacteria","Legionellales","Legionellaceae","Legionella",NA
"ASV4102","Bacteria","Firmicutes","Negativicutes","Veillonellales-Selenomonadales","Veillonellaceae","Veillonella","seminalis"
"ASV4103","Bacteria","Proteobacteria","Gammaproteobacteria","Enterobacterales",NA,NA,NA
"ASV4104","Bacteria","Actinobacteriota","Actinobacteria","Bifidobacteriales","Bifidobacteriaceae","Bifidobacterium",NA
"ASV4105","Bacteria","Firmicutes","Clostridia","Oscillospirales","Oscillospiraceae","Intestinimonas",NA
"ASV4106","Bacteria",NA,NA,NA,NA,NA,NA
"ASV4107","Bacteria","Fusobacteriota","Fusobacteriia","Fusobacteriales","Fusobacteriaceae","Fusobacterium",NA
"ASV4108","Bacteria","Firmicutes","Bacilli","Staphylococcales","Gemellaceae","Gemella",NA
"ASV4109","Bacteria","Actinobacteriota","Coriobacteriia","Coriobacteriales","Eggerthellaceae","Eggerthella",NA
"ASV4110","Bacteria",NA,NA,NA,NA,NA,NA
"ASV4111","Bacteria","Bacteroidota","Bacteroidia","Bacteroidales","Bacteroidaceae","Bacteroides",NA
"ASV4112","Bacteria","Firmicutes","Negativicutes","Veillonellales-Selenomonadales","Veillonellaceae","Veillonella",NA
"ASV4113","Bacteria","Firmicutes","Clostridia","Peptostreptococcales-Tissierellales","Anaerovoracaceae","Family XIII AD3011 group",NA
"ASV4114","Bacteria","Firmicutes","Negativicutes","Veillonellales-Selenomonadales","Veillonellaceae","Megasphaera","micronuciformis"
"ASV4115","Bacteria","Actinobacteriota","Actinobacteria","Bifidobacteriales","Bifidobacteriaceae","Bifidobacterium",NA
"ASV4116","Bacteria","Proteobacteria","Gammaproteobacteria","Enterobacterales","Enterobacteriaceae","Enterobacter",NA
"ASV4117","Bacteria","Proteobacteria","Gammaproteobacteria","Enterobacterales","Enterobacteriaceae",NA,NA
"ASV4118","Bacteria","Firmicutes","Negativicutes","Veillonellales-Selenomonadales","Veillonellaceae","Veillonella","ratti"
"ASV4119","Bacteria","Actinobacteriota","Actinobacteria","Bifidobacteriales","Bifidobacteriaceae","Bifidobacterium",NA
"ASV4120","Bacteria","Firmicutes","Bacilli","Lactobacillales",NA,NA,NA
"ASV4121","Bacteria","Firmicutes","Bacilli","Lactobacillales",NA,NA,NA
"ASV4122","Bacteria","Firmicutes","Bacilli","Lactobacillales","Lactobacillaceae",NA,NA
"ASV4123","Bacteria","Firmicutes","Clostridia","Peptostreptococcales-Tissierellales","Family XI","Anaerococcus","vaginalis"
"ASV4124","Bacteria","Firmicutes","Bacilli","Lactobacillales","Enterococcaceae","Enterococcus",NA
"ASV4125","Bacteria",NA,NA,NA,NA,NA,NA
"ASV4126","Bacteria","Firmicutes","Clostridia","Clostridiales","Clostridiaceae",NA,NA
"ASV4127","Bacteria","Bacteroidota","Bacteroidia","Bacteroidales",NA,NA,NA
"ASV4128","Bacteria","Firmicutes","Clostridia","Lachnospirales","Lachnospiraceae",NA,NA
"ASV4129","Bacteria","Actinobacteriota","Actinobacteria","Actinomycetales","Actinomycetaceae","Actinomyces",NA
"ASV4130","Bacteria","Firmicutes","Clostridia","Lachnospirales","Lachnospiraceae",NA,NA
"ASV4131","Bacteria","Actinobacteriota","Actinobacteria","Actinomycetales","Actinomycetaceae","Varibaculum","anthropi"
"ASV4132","Bacteria","Firmicutes","Bacilli",NA,NA,NA,NA
"ASV4133","Bacteria","Bacteroidota","Bacteroidia","Bacteroidales","Bacteroidaceae","Bacteroides",NA
"ASV4134","Bacteria","Proteobacteria","Gammaproteobacteria","Enterobacterales","Morganellaceae",NA,NA
"ASV4135","Bacteria","Actinobacteriota",NA,NA,NA,NA,NA
"ASV4136","Bacteria","Firmicutes","Clostridia","Eubacteriales","Eubacteriaceae","Eubacterium","callanderi"
"ASV4137","Bacteria","Firmicutes","Clostridia","Oscillospirales","Ruminococcaceae","Faecalibacterium",NA
"ASV4138","Bacteria","Firmicutes","Clostridia","Lachnospirales","Lachnospiraceae",NA,NA
"ASV4139","Bacteria","Firmicutes","Negativicutes","Acidaminococcales","Acidaminococcaceae","Phascolarctobacterium","succinatutens"
"ASV4140","Bacteria","Proteobacteria","Gammaproteobacteria","Enterobacterales","Enterobacteriaceae",NA,NA
"ASV4141","Bacteria","Firmicutes","Bacilli","Lactobacillales","Lactobacillaceae","Lactiplantibacillus",NA
"ASV4142","Bacteria",NA,NA,NA,NA,NA,NA
"ASV4143","Bacteria","Firmicutes","Clostridia","Oscillospirales","Ruminococcaceae","Faecalibacterium","prausnitzii"
"ASV4144","Bacteria","Firmicutes","Bacilli",NA,NA,NA,NA
"ASV4145","Bacteria","Actinobacteriota",NA,NA,NA,NA,NA
"ASV4146","Bacteria","Firmicutes","Clostridia","Oscillospirales","Oscillospiraceae","Flavonifractor",NA
"ASV4147","Bacteria","Bacteroidota","Bacteroidia","Bacteroidales","Bacteroidaceae","Bacteroides","fragilis"
"ASV4148","Bacteria","Firmicutes","Bacilli","Lactobacillales",NA,NA,NA
"ASV4149","Bacteria","Actinobacteriota","Coriobacteriia","Coriobacteriales","Coriobacteriaceae","Collinsella",NA
"ASV4150","Bacteria","Firmicutes","Clostridia","Clostridiales","Clostridiaceae","Clostridium sensu stricto 1",NA
"ASV4151","Bacteria","Actinobacteriota","Actinobacteria","Bifidobacteriales","Bifidobacteriaceae","Bifidobacterium",NA
"ASV4152","Bacteria","Proteobacteria","Gammaproteobacteria","Enterobacterales","Enterobacteriaceae","Escherichia-Shigella",NA
"ASV4153","Bacteria","Proteobacteria","Gammaproteobacteria","Burkholderiales","Alcaligenaceae","Achromobacter",NA
"ASV4154","Bacteria","Firmicutes","Bacilli","Lactobacillales","Enterococcaceae","Enterococcus",NA
"ASV4155","Bacteria","Actinobacteriota","Actinobacteria","Corynebacteriales","Nocardiaceae","Rhodococcus",NA
"ASV4156","Bacteria","Firmicutes","Bacilli","Lactobacillales","Lactobacillaceae","Lactobacillus",NA
"ASV4157","Bacteria","Proteobacteria","Gammaproteobacteria","Burkholderiales","Burkholderiaceae","Burkholderia-Caballeronia-Paraburkholderia","stabilis"
"ASV4158","Bacteria","Actinobacteriota","Actinobacteria","Bifidobacteriales","Bifidobacteriaceae","Bifidobacterium",NA
"ASV4159","Bacteria","Actinobacteriota","Actinobacteria","Bifidobacteriales","Bifidobacteriaceae","Bifidobacterium","breve"
"ASV4160","Bacteria","Firmicutes","Clostridia","Lachnospirales","Lachnospiraceae",NA,NA
"ASV4161","Bacteria","Firmicutes","Clostridia","Eubacteriales","Eubacteriaceae","Eubacterium","callanderi"
"ASV4162","Bacteria","Proteobacteria","Gammaproteobacteria","Enterobacterales","Enterobacteriaceae","Enterobacter",NA
"ASV4163","Bacteria",NA,NA,NA,NA,NA,NA
"ASV4164","Bacteria","Firmicutes","Clostridia",NA,NA,NA,NA
"ASV4165","Bacteria","Proteobacteria","Alphaproteobacteria","Rhizobiales","Rhizobiaceae",NA,NA
"ASV4166","Bacteria","Firmicutes","Negativicutes","Acidaminococcales","Acidaminococcaceae","Phascolarctobacterium","succinatutens"
"ASV4167","Bacteria","Firmicutes","Negativicutes","Veillonellales-Selenomonadales","Veillonellaceae","Veillonella","dispar"
"ASV4168","Bacteria","Firmicutes","Clostridia","Lachnospirales","Lachnospiraceae",NA,NA
"ASV4169","Bacteria","Firmicutes","Clostridia","Clostridiales","Clostridiaceae","Clostridium sensu stricto 1",NA
"ASV4170","Bacteria","Firmicutes","Bacilli","Lactobacillales","Streptococcaceae","Streptococcus","vestibularis"
"ASV4171","Bacteria","Bacteroidota","Bacteroidia","Bacteroidales","Bacteroidaceae","Bacteroides","fragilis"
"ASV4172","Bacteria","Proteobacteria","Gammaproteobacteria","Enterobacterales","Enterobacteriaceae",NA,NA
"ASV4173","Bacteria","Proteobacteria","Gammaproteobacteria","Enterobacterales","Enterobacteriaceae","Escherichia-Shigella","coli"
"ASV4174","Bacteria","Firmicutes","Bacilli","Staphylococcales","Staphylococcaceae","Staphylococcus","phage"
"ASV4175","Bacteria","Firmicutes","Clostridia","Peptostreptococcales-Tissierellales","Peptostreptococcaceae","Romboutsia","ilealis"
"ASV4176","Bacteria","Firmicutes","Bacilli","Lactobacillales","Lactobacillaceae","Lactiplantibacillus",NA
"ASV4177","Bacteria","Proteobacteria","Gammaproteobacteria","Enterobacterales","Enterobacteriaceae","Escherichia-Shigella",NA
"ASV4178","Bacteria","Actinobacteriota","Actinobacteria","Bifidobacteriales","Bifidobacteriaceae","Bifidobacterium","faecale"
"ASV4179","Bacteria","Patescibacteria","Saccharimonadia","Saccharimonadales","Saccharimonadaceae",NA,NA
"ASV4180","Bacteria","Proteobacteria","Gammaproteobacteria","Enterobacterales","Enterobacteriaceae","Escherichia-Shigella",NA
"ASV4181","Bacteria","Firmicutes","Bacilli","Lactobacillales",NA,NA,NA
"ASV4182","Bacteria","Firmicutes","Clostridia","Lachnospirales","Lachnospiraceae",NA,NA
"ASV4183","Bacteria","Bacteroidota","Bacteroidia","Bacteroidales",NA,NA,NA
"ASV4184","Bacteria","Proteobacteria","Gammaproteobacteria","Enterobacterales",NA,NA,NA
"ASV4185","Bacteria","Proteobacteria","Gammaproteobacteria","Enterobacterales","Enterobacteriaceae",NA,NA
"ASV4186","Bacteria","Firmicutes","Clostridia","Oscillospirales","Ruminococcaceae",NA,NA
"ASV4187","Bacteria","Firmicutes",NA,NA,NA,NA,NA
"ASV4188","Bacteria",NA,NA,NA,NA,NA,NA
"ASV4189","Bacteria","Proteobacteria","Alphaproteobacteria","Sphingomonadales","Sphingomonadaceae","Sphingomonas",NA
"ASV4190","Bacteria","Bacteroidota","Bacteroidia","Bacteroidales","Bacteroidaceae","Bacteroides",NA
"ASV4191","Bacteria","Firmicutes","Clostridia","Eubacteriales","Eubacteriaceae","Eubacterium","callanderi"
"ASV4192","Bacteria","Firmicutes","Bacilli","Lactobacillales",NA,NA,NA
"ASV4193","Bacteria","Firmicutes","Clostridia","Eubacteriales","Eubacteriaceae","Eubacterium",NA
"ASV4194","Bacteria","Firmicutes","Clostridia","Oscillospirales","Ruminococcaceae",NA,NA
"ASV4195","Bacteria","Verrucomicrobiota","Verrucomicrobiae","Verrucomicrobiales","Akkermansiaceae","Akkermansia",NA
"ASV4196","Bacteria","Firmicutes","Bacilli","Lactobacillales","Streptococcaceae","Streptococcus","rubneri"
"ASV4197","Bacteria","Actinobacteriota","Actinobacteria","Actinomycetales","Actinomycetaceae","Actinomyces",NA
"ASV4198","Bacteria","Proteobacteria","Gammaproteobacteria","Enterobacterales","Enterobacteriaceae",NA,NA
"ASV4199","Bacteria","Firmicutes","Clostridia","Oscillospirales","Ruminococcaceae","Anaerotruncus","colihominis"
"ASV4200","Bacteria","Actinobacteriota","Actinobacteria","Actinomycetales","Actinomycetaceae","Arcanobacterium",NA
"ASV4201","Bacteria","Actinobacteriota",NA,NA,NA,NA,NA
"ASV4202","Bacteria","Firmicutes","Clostridia","Peptostreptococcales-Tissierellales","Peptostreptococcaceae",NA,NA
"ASV4203","Bacteria","Proteobacteria","Gammaproteobacteria","Enterobacterales",NA,NA,NA
"ASV4204","Bacteria","Actinobacteriota","Coriobacteriia","Coriobacteriales","Coriobacteriaceae","Collinsella",NA
"ASV4205","Bacteria","Firmicutes","Clostridia","Oscillospirales","Ruminococcaceae","Caproiciproducens",NA
"ASV4206",NA,NA,NA,NA,NA,NA,NA
"ASV4207","Bacteria","Firmicutes","Bacilli","Lactobacillales","Streptococcaceae","Streptococcus","vestibularis"
"ASV4208","Bacteria","Firmicutes","Clostridia","Lachnospirales","Lachnospiraceae",NA,NA
"ASV4209","Bacteria","Firmicutes","Negativicutes","Veillonellales-Selenomonadales","Veillonellaceae","Veillonella",NA
"ASV4210","Bacteria","Bacteroidota","Bacteroidia","Bacteroidales","Bacteroidaceae","Bacteroides",NA
"ASV4211","Bacteria","Proteobacteria","Gammaproteobacteria","Enterobacterales",NA,NA,NA
"ASV4212","Bacteria","Firmicutes","Clostridia","Peptostreptococcales-Tissierellales","Family XI","Finegoldia","magna"
"ASV4213","Bacteria","Firmicutes","Bacilli","Lactobacillales","Lactobacillaceae",NA,NA
"ASV4214","Bacteria","Proteobacteria","Gammaproteobacteria","Enterobacterales",NA,NA,NA
"ASV4215","Bacteria","Bacteroidota","Bacteroidia","Bacteroidales","Bacteroidaceae","Bacteroides","fragilis"
"ASV4216","Bacteria","Firmicutes","Clostridia","Clostridiales","Clostridiaceae",NA,NA
"ASV4217","Bacteria","Fusobacteriota","Fusobacteriia","Fusobacteriales","Fusobacteriaceae","Fusobacterium",NA
"ASV4218","Bacteria","Bacteroidota","Bacteroidia","Bacteroidales","Tannerellaceae","Parabacteroides",NA
"ASV4219","Bacteria",NA,NA,NA,NA,NA,NA
"ASV4220","Bacteria","Firmicutes","Clostridia","Clostridiales","Clostridiaceae","Clostridium sensu stricto 1",NA
"ASV4221","Bacteria","Firmicutes","Clostridia","Clostridiales","Clostridiaceae",NA,NA
"ASV4222","Bacteria","Bacteroidota","Bacteroidia","Bacteroidales","Bacteroidaceae","Bacteroides",NA
"ASV4223","Bacteria","Firmicutes","Bacilli","Lactobacillales","Enterococcaceae","Enterococcus",NA
"ASV4224","Bacteria","Actinobacteriota","Actinobacteria","Bifidobacteriales","Bifidobacteriaceae","Bifidobacterium",NA
"ASV4225","Bacteria","Firmicutes","Bacilli","Paenibacillales","Paenibacillaceae","Paenibacillus","macerans"
"ASV4226","Bacteria","Proteobacteria","Gammaproteobacteria","Enterobacterales","Enterobacteriaceae",NA,NA
"ASV4227","Bacteria","Proteobacteria","Gammaproteobacteria","Enterobacterales",NA,NA,NA
"ASV4228","Bacteria","Firmicutes","Clostridia","Lachnospirales","Lachnospiraceae",NA,NA
"ASV4229","Bacteria","Firmicutes","Clostridia","Peptostreptococcales-Tissierellales","Family XI","Anaerococcus","vaginalis"
"ASV4230","Bacteria","Bacteroidota","Bacteroidia","Bacteroidales","Bacteroidaceae","Bacteroides",NA
"ASV4231","Bacteria","Firmicutes","Bacilli","Lactobacillales",NA,NA,NA
"ASV4232","Bacteria","Firmicutes","Bacilli","Lactobacillales",NA,NA,NA
"ASV4233","Bacteria","Firmicutes","Clostridia","Lachnospirales","Lachnospiraceae",NA,NA
"ASV4234","Bacteria","Actinobacteriota","Actinobacteria","Bifidobacteriales","Bifidobacteriaceae","Bifidobacterium",NA
"ASV4235","Bacteria","Proteobacteria","Gammaproteobacteria","Enterobacterales",NA,NA,NA
"ASV4236","Bacteria","Firmicutes","Clostridia","Lachnospirales","Lachnospiraceae",NA,NA
"ASV4237","Bacteria","Firmicutes","Clostridia","Eubacteriales","Eubacteriaceae",NA,NA
"ASV4238","Bacteria","Firmicutes","Clostridia","Lachnospirales","Lachnospiraceae",NA,NA
"ASV4239","Bacteria","Bacteroidota","Bacteroidia","Bacteroidales","Bacteroidaceae","Bacteroides",NA
"ASV4240","Bacteria","Actinobacteriota","Coriobacteriia","Coriobacteriales","Eggerthellaceae","Eggerthella",NA
"ASV4241","Bacteria","Firmicutes","Clostridia","Lachnospirales","Lachnospiraceae",NA,NA
"ASV4242","Bacteria","Actinobacteriota","Actinobacteria",NA,NA,NA,NA
"ASV4243","Bacteria","Desulfobacterota","Desulfovibrionia","Desulfovibrionales","Desulfovibrionaceae","Bilophila","wadsworthia"
"ASV4244","Bacteria","Proteobacteria","Gammaproteobacteria","Enterobacterales",NA,NA,NA
"ASV4245","Bacteria","Actinobacteriota","Actinobacteria","Bifidobacteriales","Bifidobacteriaceae","Bifidobacterium",NA
"ASV4246","Bacteria","Actinobacteriota","Actinobacteria","Actinomycetales","Actinomycetaceae","Varibaculum","cambriense"
"ASV4247","Bacteria","Firmicutes","Clostridia","Lachnospirales","Lachnospiraceae","[Eubacterium] eligens group","eligens"
"ASV4248","Bacteria","Firmicutes","Bacilli","Lactobacillales",NA,NA,NA
"ASV4249","Bacteria","Firmicutes","Clostridia","Lachnospirales","Lachnospiraceae",NA,NA
"ASV4250","Bacteria","Proteobacteria","Gammaproteobacteria","Enterobacterales","Enterobacteriaceae",NA,NA
"ASV4251","Bacteria","Firmicutes","Negativicutes","Veillonellales-Selenomonadales","Veillonellaceae","Veillonella","atypica"
"ASV4252","Bacteria","Proteobacteria","Gammaproteobacteria","Enterobacterales","Pasteurellaceae","Haemophilus","parainfluenzae"
"ASV4253","Bacteria","Actinobacteriota","Actinobacteria","Bifidobacteriales","Bifidobacteriaceae","Bifidobacterium","ramosum"
"ASV4254","Bacteria","Firmicutes","Negativicutes","Veillonellales-Selenomonadales","Veillonellaceae","Veillonella","rogosae"
"ASV4255","Bacteria","Bacteroidota","Bacteroidia","Bacteroidales","Bacteroidaceae","Bacteroides",NA
"ASV4256","Bacteria","Bacteroidota","Bacteroidia","Bacteroidales","Bacteroidaceae","Bacteroides","vulgatus"
"ASV4257","Bacteria","Firmicutes","Negativicutes","Veillonellales-Selenomonadales","Veillonellaceae","Veillonella","atypica"
"ASV4258","Bacteria","Bacteroidota","Bacteroidia","Bacteroidales","Bacteroidaceae","Bacteroides",NA
"ASV4259","Bacteria","Firmicutes","Bacilli","Erysipelotrichales","Erysipelotrichaceae","Turicibacter",NA
"ASV4260","Bacteria","Firmicutes","Clostridia","Clostridiales","Clostridiaceae","Clostridium sensu stricto 1","paraputrificum"
"ASV4261","Bacteria","Actinobacteriota","Actinobacteria","Bifidobacteriales","Bifidobacteriaceae","Bifidobacterium",NA
"ASV4262","Bacteria","Firmicutes","Clostridia","Lachnospirales","Lachnospiraceae",NA,NA
"ASV4263","Bacteria","Actinobacteriota","Actinobacteria",NA,NA,NA,NA
"ASV4264","Bacteria","Firmicutes","Clostridia","Clostridiales","Clostridiaceae","Clostridium sensu stricto 1","paraputrificum"
"ASV4265","Bacteria","Firmicutes","Bacilli","Staphylococcales","Gemellaceae","Gemella","haemolysans"
"ASV4266","Bacteria","Firmicutes","Negativicutes","Veillonellales-Selenomonadales","Veillonellaceae","Anaeroglobus",NA
"ASV4267","Bacteria","Bacteroidota","Bacteroidia","Bacteroidales","Bacteroidaceae","Bacteroides","fragilis"
"ASV4268","Bacteria","Proteobacteria","Gammaproteobacteria",NA,NA,NA,NA
"ASV4269","Bacteria","Proteobacteria","Gammaproteobacteria","Enterobacterales","Enterobacteriaceae","Escherichia-Shigella",NA
"ASV4270","Bacteria","Proteobacteria","Gammaproteobacteria",NA,NA,NA,NA
"ASV4271","Bacteria","Firmicutes","Bacilli","Lactobacillales","Streptococcaceae","Streptococcus","vestibularis"
"ASV4272","Bacteria","Bacteroidota","Bacteroidia","Bacteroidales","Bacteroidaceae","Bacteroides","fragilis"
"ASV4273","Bacteria","Firmicutes","Clostridia",NA,NA,NA,NA
"ASV4274","Bacteria","Firmicutes","Clostridia","Clostridiales","Clostridiaceae","Clostridium sensu stricto 1",NA
"ASV4275","Bacteria","Firmicutes","Clostridia","Peptostreptococcales-Tissierellales","Peptostreptococcaceae","Romboutsia",NA
"ASV4276","Bacteria","Firmicutes","Clostridia","Lachnospirales","Lachnospiraceae",NA,NA
"ASV4277","Bacteria","Firmicutes","Clostridia","Lachnospirales","Lachnospiraceae","Hungatella","hathewayi"
"ASV4278","Bacteria","Firmicutes","Bacilli","Lactobacillales","Enterococcaceae","Enterococcus",NA
"ASV4279","Bacteria","Firmicutes","Clostridia","Oscillospirales","Ruminococcaceae",NA,NA
"ASV4280","Bacteria","Proteobacteria","Gammaproteobacteria",NA,NA,NA,NA
"ASV4281","Bacteria","Firmicutes","Clostridia","Clostridiales","Clostridiaceae","Clostridium sensu stricto 1",NA
"ASV4282","Bacteria","Actinobacteriota","Actinobacteria","Bifidobacteriales","Bifidobacteriaceae","Bifidobacterium",NA
"ASV4283","Bacteria","Bacteroidota","Bacteroidia","Bacteroidales","Bacteroidaceae","Bacteroides","fragilis"
"ASV4284","Bacteria","Verrucomicrobiota","Verrucomicrobiae","Verrucomicrobiales","Akkermansiaceae","Akkermansia",NA
"ASV4285","Bacteria","Firmicutes","Bacilli","Lactobacillales","Lactobacillaceae","Lacticaseibacillus",NA
"ASV4286","Bacteria","Firmicutes","Clostridia","Lachnospirales","Lachnospiraceae",NA,NA
"ASV4287","Bacteria","Firmicutes","Bacilli","Lactobacillales",NA,NA,NA
"ASV4288","Bacteria","Firmicutes","Bacilli","Erysipelotrichales","Erysipelotrichaceae","Turicibacter",NA
"ASV4289","Bacteria","Firmicutes","Clostridia","Peptostreptococcales-Tissierellales","Peptostreptococcaceae",NA,NA
"ASV4290","Bacteria","Bacteroidota","Bacteroidia","Bacteroidales","Bacteroidaceae","Bacteroides","ovatus"
"ASV4291","Bacteria","Actinobacteriota","Actinobacteria","Bifidobacteriales","Bifidobacteriaceae","Bifidobacterium",NA
"ASV4292","Bacteria","Actinobacteriota","Actinobacteria","Bifidobacteriales","Bifidobacteriaceae","Bifidobacterium","breve"
"ASV4293","Bacteria","Firmicutes","Clostridia","Peptostreptococcales-Tissierellales","Family XI","Finegoldia","magna"
"ASV4294","Bacteria","Firmicutes","Bacilli","Lactobacillales",NA,NA,NA
"ASV4295","Bacteria",NA,NA,NA,NA,NA,NA
"ASV4296","Bacteria","Bacteroidota","Bacteroidia","Bacteroidales","Bacteroidaceae","Bacteroides",NA
"ASV4297","Bacteria","Bacteroidota","Bacteroidia","Bacteroidales","Bacteroidaceae","Bacteroides",NA
"ASV4298","Bacteria","Firmicutes","Clostridia","Lachnospirales","Lachnospiraceae",NA,NA
"ASV4299","Bacteria","Firmicutes",NA,NA,NA,NA,NA
"ASV4300","Bacteria","Firmicutes","Bacilli","Lactobacillales",NA,NA,NA
"ASV4301","Bacteria","Actinobacteriota",NA,NA,NA,NA,NA
"ASV4302","Bacteria",NA,NA,NA,NA,NA,NA
"ASV4303","Bacteria","Acidobacteriota","Acidobacteriae","Acidobacteriales","Acidobacteriaceae (Subgroup 1)","Acidipila-Silvibacterium","rosea"
"ASV4304","Bacteria",NA,NA,NA,NA,NA,NA
"ASV4305","Bacteria","Firmicutes","Clostridia","Lachnospirales","Lachnospiraceae",NA,NA
"ASV4306","Bacteria","Actinobacteriota","Actinobacteria","Bifidobacteriales","Bifidobacteriaceae","Bifidobacterium",NA
"ASV4307","Bacteria","Firmicutes","Clostridia","Peptostreptococcales-Tissierellales","Peptostreptococcaceae",NA,NA
"ASV4308","Bacteria","Firmicutes","Clostridia","Lachnospirales","Lachnospiraceae",NA,NA
"ASV4309","Bacteria","Firmicutes","Negativicutes","Veillonellales-Selenomonadales","Veillonellaceae","Megasphaera","micronuciformis"
"ASV4310","Bacteria","Actinobacteriota","Actinobacteria","Bifidobacteriales","Bifidobacteriaceae","Bifidobacterium",NA
"ASV4311","Bacteria","Firmicutes","Negativicutes","Veillonellales-Selenomonadales","Veillonellaceae","Megasphaera","micronuciformis"
"ASV4312","Bacteria","Firmicutes","Clostridia","Oscillospirales","Ruminococcaceae",NA,NA
"ASV4313","Bacteria","Bacteroidota","Bacteroidia","Bacteroidales","Dysgonomonadaceae","Dysgonomonas","capnocytophagoides"
"ASV4314","Bacteria","Bacteroidota","Bacteroidia","Bacteroidales","Bacteroidaceae","Bacteroides","fragilis"
"ASV4315","Bacteria","Actinobacteriota","Actinobacteria","Bifidobacteriales","Bifidobacteriaceae","Bifidobacterium","longum"
"ASV4316","Bacteria","Verrucomicrobiota","Verrucomicrobiae","Verrucomicrobiales","Akkermansiaceae","Akkermansia",NA
"ASV4317","Bacteria","Actinobacteriota","Actinobacteria",NA,NA,NA,NA
"ASV4318","Bacteria","Firmicutes","Clostridia","Eubacteriales","Eubacteriaceae",NA,NA
"ASV4319","Bacteria","Firmicutes","Clostridia","Peptostreptococcales-Tissierellales","Peptostreptococcaceae",NA,NA
"ASV4320","Bacteria","Firmicutes","Clostridia","Eubacteriales","Eubacteriaceae","Eubacterium","callanderi"
"ASV4321","Bacteria","Bacteroidota","Bacteroidia","Bacteroidales","Bacteroidaceae","Bacteroides",NA
"ASV4322","Bacteria","Actinobacteriota","Actinobacteria","Bifidobacteriales","Bifidobacteriaceae","Bifidobacterium",NA
"ASV4323","Bacteria","Firmicutes","Bacilli","Lactobacillales","Lactobacillaceae","Lacticaseibacillus",NA
"ASV4324","Bacteria","Firmicutes","Bacilli",NA,NA,NA,NA
"ASV4325","Bacteria","Actinobacteriota","Actinobacteria",NA,NA,NA,NA
"ASV4326","Bacteria","Actinobacteriota",NA,NA,NA,NA,NA
"ASV4327","Bacteria","Firmicutes","Clostridia","Eubacteriales","Eubacteriaceae","Eubacterium","callanderi"
"ASV4328","Bacteria","Firmicutes","Negativicutes","Veillonellales-Selenomonadales","Veillonellaceae","Anaeroglobus",NA
"ASV4329","Bacteria","Bacteroidota","Bacteroidia","Bacteroidales","Tannerellaceae","Parabacteroides",NA
"ASV4330","Bacteria","Firmicutes","Bacilli","Lactobacillales","Enterococcaceae","Enterococcus",NA
"ASV4331","Bacteria","Proteobacteria","Gammaproteobacteria","Enterobacterales","Enterobacteriaceae",NA,NA
"ASV4332","Bacteria","Actinobacteriota","Actinobacteria","Bifidobacteriales","Bifidobacteriaceae","Bifidobacterium",NA
"ASV4333","Bacteria","Firmicutes","Clostridia","Lachnospirales","Lachnospiraceae",NA,NA
"ASV4334","Bacteria","Firmicutes","Negativicutes","Veillonellales-Selenomonadales","Veillonellaceae","Anaeroglobus",NA
"ASV4335","Bacteria","Actinobacteriota",NA,NA,NA,NA,NA
"ASV4336","Bacteria","Actinobacteriota","Actinobacteria","Micrococcales","Micrococcaceae","Rothia","mucilaginosa"
"ASV4337","Bacteria","Firmicutes","Clostridia","Clostridiales","Clostridiaceae",NA,NA
"ASV4338","Bacteria","Verrucomicrobiota","Verrucomicrobiae","Verrucomicrobiales","Akkermansiaceae","Akkermansia",NA
"ASV4339","Bacteria","Proteobacteria","Gammaproteobacteria","Enterobacterales","Enterobacteriaceae","Enterobacter","kobei"
"ASV4340","Bacteria","Firmicutes","Clostridia","Clostridiales","Clostridiaceae",NA,NA
"ASV4341","Bacteria","Firmicutes","Bacilli","Lactobacillales","Lactobacillaceae","Leuconostoc",NA
"ASV4342","Bacteria","Campylobacterota","Campylobacteria","Campylobacterales","Campylobacteraceae","Campylobacter","gracilis"
"ASV4343","Bacteria","Actinobacteriota","Coriobacteriia","Coriobacteriales","Coriobacteriaceae","Collinsella",NA
"ASV4344","Bacteria","Proteobacteria","Gammaproteobacteria","Enterobacterales",NA,NA,NA
"ASV4345","Bacteria","Proteobacteria","Gammaproteobacteria","Enterobacterales",NA,NA,NA
"ASV4346","Bacteria","Firmicutes","Clostridia","Oscillospirales","Ruminococcaceae","Incertae Sedis",NA
"ASV4347","Bacteria","Bacteroidota","Bacteroidia","Bacteroidales","Bacteroidaceae","Bacteroides",NA
"ASV4348","Bacteria","Actinobacteriota","Actinobacteria","Actinomycetales","Actinomycetaceae","Varibaculum","anthropi"
"ASV4349","Bacteria","Firmicutes","Clostridia","Eubacteriales","Eubacteriaceae",NA,NA
"ASV4350","Bacteria","Firmicutes","Clostridia","Peptostreptococcales-Tissierellales","Family XI","Finegoldia","magna"
"ASV4351","Bacteria","Firmicutes","Clostridia","Clostridiales","Clostridiaceae",NA,NA
"ASV4352","Bacteria","Firmicutes","Bacilli","Lactobacillales","Enterococcaceae",NA,NA
"ASV4353","Bacteria","Bacteroidota","Bacteroidia","Bacteroidales","Bacteroidaceae","Bacteroides","fragilis"
"ASV4354","Bacteria","Actinobacteriota","Actinobacteria","Actinomycetales","Actinomycetaceae","Actinomyces","culturomici"
"ASV4355","Bacteria","Bacteroidota","Bacteroidia","Bacteroidales","Bacteroidaceae","Bacteroides",NA
"ASV4356","Bacteria","Actinobacteriota","Actinobacteria","Bifidobacteriales","Bifidobacteriaceae","Bifidobacterium",NA
"ASV4357","Bacteria","Firmicutes","Bacilli",NA,NA,NA,NA
"ASV4358","Bacteria","Proteobacteria","Gammaproteobacteria","Enterobacterales","Enterobacteriaceae","Escherichia-Shigella",NA
"ASV4359","Bacteria","Firmicutes","Clostridia","Clostridiales","Clostridiaceae",NA,NA
"ASV4360","Bacteria","Actinobacteriota","Actinobacteria","Bifidobacteriales","Bifidobacteriaceae","Bifidobacterium","ramosum"
"ASV4361","Bacteria","Actinobacteriota","Actinobacteria","Bifidobacteriales","Bifidobacteriaceae","Bifidobacterium",NA
"ASV4362","Bacteria",NA,NA,NA,NA,NA,NA
"ASV4363","Bacteria","Firmicutes","Bacilli","Erysipelotrichales","Erysipelotrichaceae","[Clostridium] innocuum group","innocuum"
"ASV4364","Bacteria","Proteobacteria","Gammaproteobacteria","Enterobacterales","Enterobacteriaceae",NA,NA
"ASV4365","Bacteria","Actinobacteriota","Actinobacteria","Bifidobacteriales","Bifidobacteriaceae","Bifidobacterium",NA
"ASV4366","Bacteria","Proteobacteria","Gammaproteobacteria","Enterobacterales","Enterobacteriaceae","Escherichia-Shigella","marmotae"
"ASV4367","Bacteria","Actinobacteriota","Actinobacteria","Bifidobacteriales","Bifidobacteriaceae","Bifidobacterium","longum"
"ASV4368","Bacteria","Firmicutes",NA,NA,NA,NA,NA
"ASV4369","Bacteria","Bacteroidota","Bacteroidia","Bacteroidales","Bacteroidaceae","Bacteroides","vulgatus"
"ASV4370","Bacteria","Firmicutes","Negativicutes","Veillonellales-Selenomonadales","Veillonellaceae","Megasphaera","micronuciformis"
"ASV4371","Bacteria","Bacteroidota","Bacteroidia","Bacteroidales","Bacteroidaceae","Bacteroides","fragilis"
"ASV4372","Bacteria","Bacteroidota","Bacteroidia","Bacteroidales","Bacteroidaceae","Bacteroides",NA
"ASV4373","Bacteria","Firmicutes","Negativicutes","Veillonellales-Selenomonadales","Veillonellaceae","Veillonella",NA
"ASV4374","Bacteria","Actinobacteriota","Actinobacteria","Bifidobacteriales","Bifidobacteriaceae","Bifidobacterium","catenulatum"
"ASV4375","Bacteria","Firmicutes","Negativicutes","Veillonellales-Selenomonadales","Veillonellaceae","Veillonella","ratti"
"ASV4376","Bacteria","Proteobacteria","Gammaproteobacteria","Enterobacterales","Enterobacteriaceae",NA,NA
"ASV4377","Bacteria","Firmicutes","Bacilli","Lactobacillales","Streptococcaceae","Streptococcus",NA
"ASV4378","Bacteria","Actinobacteriota","Actinobacteria",NA,NA,NA,NA
"ASV4379","Bacteria","Firmicutes","Bacilli","Lactobacillales","Lactobacillaceae","Lactiplantibacillus",NA
"ASV4380","Bacteria","Bacteroidota","Bacteroidia","Bacteroidales","Bacteroidaceae","Bacteroides","kribbi"
"ASV4381","Bacteria","Actinobacteriota","Actinobacteria","Bifidobacteriales","Bifidobacteriaceae","Bifidobacterium","longum"
"ASV4382","Bacteria","Firmicutes","Clostridia","Lachnospirales","Lachnospiraceae","[Eubacterium] oxidoreducens group",NA
"ASV4383","Bacteria","Actinobacteriota","Actinobacteria","Bifidobacteriales","Bifidobacteriaceae","Bifidobacterium",NA
"ASV4384","Bacteria","Actinobacteriota","Actinobacteria",NA,NA,NA,NA
"ASV4385","Bacteria","Proteobacteria","Gammaproteobacteria","Enterobacterales",NA,NA,NA
"ASV4386","Bacteria","Bacteroidota","Bacteroidia",NA,NA,NA,NA
"ASV4387","Bacteria","Bacteroidota","Bacteroidia","Bacteroidales","Bacteroidaceae","Bacteroides",NA
"ASV4388","Bacteria","Firmicutes","Bacilli","Staphylococcales","Gemellaceae","Gemella","haemolysans"
"ASV4389","Bacteria",NA,NA,NA,NA,NA,NA
"ASV4390","Bacteria","Proteobacteria","Gammaproteobacteria","Enterobacterales","Pasteurellaceae","Haemophilus",NA
"ASV4391","Bacteria","Actinobacteriota","Coriobacteriia","Coriobacteriales","Atopobiaceae","Atopobium",NA
"ASV4392","Bacteria","Firmicutes","Bacilli","Lactobacillales",NA,NA,NA
"ASV4393","Bacteria","Bacteroidota","Bacteroidia","Bacteroidales","Bacteroidaceae","Bacteroides",NA
"ASV4394","Bacteria","Bacteroidota","Bacteroidia","Bacteroidales","Bacteroidaceae","Bacteroides","kribbi"
"ASV4395","Bacteria","Proteobacteria","Gammaproteobacteria","Enterobacterales","Enterobacteriaceae",NA,NA
"ASV4396","Bacteria","Firmicutes","Clostridia","Lachnospirales","Lachnospiraceae","Sellimonas",NA
"ASV4397","Bacteria",NA,NA,NA,NA,NA,NA
"ASV4398","Bacteria","Fusobacteriota","Fusobacteriia","Fusobacteriales","Fusobacteriaceae","Fusobacterium",NA
"ASV4399","Bacteria","Firmicutes","Bacilli","Lactobacillales","Lactobacillaceae","Lactobacillus",NA
"ASV4400","Bacteria","Bacteroidota","Bacteroidia","Bacteroidales","Tannerellaceae","Parabacteroides","distasonis"
"ASV4401","Bacteria","Actinobacteriota","Coriobacteriia","Coriobacteriales",NA,NA,NA
"ASV4402","Bacteria","Firmicutes","Clostridia","Oscillospirales","Ruminococcaceae","Incertae Sedis",NA
"ASV4403","Bacteria","Firmicutes","Bacilli",NA,NA,NA,NA
"ASV4404","Bacteria","Actinobacteriota","Coriobacteriia","Coriobacteriales","Coriobacteriaceae","Collinsella",NA
"ASV4405","Bacteria","Firmicutes","Clostridia","Oscillospirales","Oscillospiraceae","Flavonifractor",NA
"ASV4406","Bacteria","Firmicutes",NA,NA,NA,NA,NA
"ASV4407","Bacteria","Firmicutes",NA,NA,NA,NA,NA
"ASV4408","Bacteria","Actinobacteriota","Actinobacteria","Bifidobacteriales","Bifidobacteriaceae","Bifidobacterium",NA
"ASV4409","Bacteria","Firmicutes","Bacilli","Lactobacillales",NA,NA,NA
"ASV4410","Bacteria","Firmicutes","Bacilli",NA,NA,NA,NA
"ASV4411","Bacteria","Bacteroidota","Bacteroidia","Bacteroidales","Bacteroidaceae","Bacteroides","fragilis"
"ASV4412","Bacteria","Firmicutes","Clostridia","Lachnospirales","Lachnospiraceae",NA,NA
"ASV4413","Bacteria",NA,NA,NA,NA,NA,NA
"ASV4414","Bacteria","Proteobacteria","Gammaproteobacteria","Enterobacterales","Enterobacteriaceae","Escherichia-Shigella","marmotae"
"ASV4415","Bacteria","Firmicutes","Bacilli","Lactobacillales",NA,NA,NA
"ASV4416","Bacteria","Firmicutes","Bacilli","Lactobacillales","Enterococcaceae","Enterococcus",NA
"ASV4417","Bacteria","Actinobacteriota",NA,NA,NA,NA,NA
"ASV4418","Bacteria","Firmicutes","Clostridia","Clostridiales","Clostridiaceae",NA,NA
"ASV4419","Bacteria","Firmicutes","Clostridia","Oscillospirales","Ruminococcaceae","Incertae Sedis",NA
"ASV4420","Bacteria","Firmicutes","Clostridia","Clostridiales","Clostridiaceae","Clostridium sensu stricto 4",NA
"ASV4421","Bacteria","Firmicutes","Bacilli","Lactobacillales","Enterococcaceae",NA,NA
"ASV4422","Bacteria","Verrucomicrobiota","Verrucomicrobiae","Verrucomicrobiales",NA,NA,NA
"ASV4423","Bacteria","Actinobacteriota","Actinobacteria","Bifidobacteriales","Bifidobacteriaceae","Bifidobacterium",NA
"ASV4424","Bacteria","Firmicutes","Bacilli","Lactobacillales","Enterococcaceae","Enterococcus",NA
"ASV4425","Bacteria","Firmicutes",NA,NA,NA,NA,NA
"ASV4426","Bacteria","Firmicutes","Clostridia","Eubacteriales",NA,NA,NA
"ASV4427","Bacteria","Firmicutes","Bacilli","Lactobacillales","Streptococcaceae","Streptococcus","vestibularis"
"ASV4428","Bacteria","Firmicutes","Bacilli","Lactobacillales","Streptococcaceae",NA,NA
"ASV4429","Bacteria","Actinobacteriota","Actinobacteria","Bifidobacteriales","Bifidobacteriaceae","Bifidobacterium",NA
"ASV4430","Bacteria","Firmicutes","Bacilli","Staphylococcales","Staphylococcaceae","Staphylococcus","saccharolyticus"
"ASV4431","Bacteria","Actinobacteriota","Actinobacteria","Bifidobacteriales","Bifidobacteriaceae","Bifidobacterium","longum"
"ASV4432","Bacteria","Firmicutes","Bacilli","Erysipelotrichales","Erysipelotrichaceae","[Clostridium] innocuum group","aff."
"ASV4433","Bacteria","Actinobacteriota","Actinobacteria","Micrococcales","Micrococcaceae","Rothia","mucilaginosa"
"ASV4434","Bacteria","Firmicutes","Bacilli","Lactobacillales",NA,NA,NA
"ASV4435","Bacteria","Firmicutes","Clostridia","Lachnospirales","Lachnospiraceae","Blautia","wexlerae"
"ASV4436","Bacteria","Bacteroidota","Bacteroidia","Bacteroidales","Bacteroidaceae","Bacteroides",NA
"ASV4437","Bacteria","Firmicutes","Bacilli","Erysipelotrichales","Erysipelotrichaceae","Turicibacter","sanguinis"
"ASV4438","Bacteria","Firmicutes","Bacilli","Erysipelotrichales","Erysipelotrichaceae","[Clostridium] innocuum group",NA
"ASV4439","Bacteria","Firmicutes","Negativicutes","Veillonellales-Selenomonadales","Veillonellaceae","Anaeroglobus",NA
"ASV4440","Bacteria","Bacteroidota","Bacteroidia","Bacteroidales","Bacteroidaceae","Bacteroides","vulgatus"
"ASV4441","Bacteria","Firmicutes","Bacilli","Lactobacillales","Enterococcaceae","Enterococcus",NA
"ASV4442","Bacteria","Firmicutes","Bacilli","Lactobacillales","Enterococcaceae","Enterococcus",NA
"ASV4443","Bacteria","Bacteroidota","Bacteroidia","Bacteroidales","Tannerellaceae","Parabacteroides","distasonis"
"ASV4444","Bacteria","Bacteroidota","Bacteroidia","Bacteroidales","Bacteroidaceae","Bacteroides","ovatus"
"ASV4445","Bacteria","Firmicutes","Bacilli","Lactobacillales","Streptococcaceae","Streptococcus","thermophilus"
"ASV4446","Bacteria","Firmicutes","Bacilli","Lactobacillales",NA,NA,NA
"ASV4447","Bacteria","Desulfobacterota","Desulfovibrionia","Desulfovibrionales","Desulfovibrionaceae","Bilophila","wadsworthia"
"ASV4448","Bacteria","Verrucomicrobiota","Verrucomicrobiae","Verrucomicrobiales","Akkermansiaceae","Akkermansia",NA
"ASV4449","Bacteria","Actinobacteriota","Actinobacteria","Actinomycetales","Actinomycetaceae","Actinomyces","graevenitzii"
"ASV4450","Bacteria",NA,NA,NA,NA,NA,NA
"ASV4451","Bacteria","Firmicutes","Clostridia","Oscillospirales","Ruminococcaceae","Incertae Sedis",NA
"ASV4452","Bacteria","Firmicutes","Bacilli","Lactobacillales","Streptococcaceae","Streptococcus",NA
"ASV4453","Bacteria","Proteobacteria","Gammaproteobacteria","Enterobacterales",NA,NA,NA
"ASV4454","Bacteria","Actinobacteriota","Actinobacteria","Bifidobacteriales","Bifidobacteriaceae","Bifidobacterium",NA
"ASV4455","Bacteria","Firmicutes","Bacilli","Erysipelotrichales","Erysipelatoclostridiaceae","Erysipelatoclostridium","ramosum"
"ASV4456","Bacteria","Firmicutes","Bacilli","Lactobacillales","Enterococcaceae","Enterococcus","faecium"
"ASV4457","Bacteria","Firmicutes","Bacilli","Lactobacillales","Enterococcaceae","Enterococcus",NA
"ASV4458","Bacteria","Firmicutes","Clostridia","Lachnospirales","Lachnospiraceae","Sellimonas","intestinalis"
"ASV4459","Bacteria","Firmicutes",NA,NA,NA,NA,NA
"ASV4460","Bacteria","Firmicutes","Negativicutes","Veillonellales-Selenomonadales","Veillonellaceae","Anaeroglobus",NA
"ASV4461","Bacteria","Firmicutes","Bacilli","Lactobacillales","Streptococcaceae","Streptococcus",NA
"ASV4462","Bacteria","Actinobacteriota","Actinobacteria","Bifidobacteriales","Bifidobacteriaceae","Bifidobacterium",NA
"ASV4463","Bacteria","Actinobacteriota","Actinobacteria","Actinomycetales","Actinomycetaceae","Varibaculum","cambriense"
"ASV4464","Bacteria","Actinobacteriota","Actinobacteria","Bifidobacteriales","Bifidobacteriaceae","Bifidobacterium",NA
"ASV4465","Bacteria","Actinobacteriota","Actinobacteria","Bifidobacteriales","Bifidobacteriaceae","Bifidobacterium",NA
"ASV4466","Bacteria","Campylobacterota","Campylobacteria","Campylobacterales","Campylobacteraceae","Campylobacter",NA
"ASV4467","Bacteria","Firmicutes","Clostridia","Peptostreptococcales-Tissierellales","Anaerovoracaceae","Mogibacterium",NA
"ASV4468","Bacteria","Proteobacteria","Gammaproteobacteria","Enterobacterales","Enterobacteriaceae",NA,NA
"ASV4469","Bacteria","Actinobacteriota","Actinobacteria","Actinomycetales","Actinomycetaceae","Actinomyces","johnsonii"
"ASV4470","Bacteria",NA,NA,NA,NA,NA,NA
"ASV4471","Bacteria","Firmicutes","Clostridia","Eubacteriales","Eubacteriaceae","Eubacterium","callanderi"
"ASV4472","Bacteria","Firmicutes","Negativicutes","Veillonellales-Selenomonadales","Veillonellaceae","Megasphaera","micronuciformis"
"ASV4473","Bacteria","Firmicutes","Negativicutes","Acidaminococcales","Acidaminococcaceae","Phascolarctobacterium",NA
"ASV4474","Bacteria","Proteobacteria","Gammaproteobacteria","Enterobacterales","Enterobacteriaceae",NA,NA
"ASV4475",NA,NA,NA,NA,NA,NA,NA
"ASV4476","Bacteria","Firmicutes","Clostridia","Lachnospirales","Lachnospiraceae",NA,NA
"ASV4477","Bacteria","Firmicutes","Clostridia","Lachnospirales","Lachnospiraceae",NA,NA
"ASV4478","Bacteria","Firmicutes","Clostridia",NA,NA,NA,NA
"ASV4479","Bacteria","Firmicutes","Bacilli","Lactobacillales",NA,NA,NA
"ASV4480","Bacteria","Proteobacteria","Gammaproteobacteria","Pseudomonadales","Pseudomonadaceae","Pseudomonas","oryzihabitans"
"ASV4481","Bacteria",NA,NA,NA,NA,NA,NA
"ASV4482","Bacteria","Actinobacteriota","Actinobacteria","Bifidobacteriales","Bifidobacteriaceae","Bifidobacterium",NA
"ASV4483","Bacteria","Fusobacteriota","Fusobacteriia","Fusobacteriales","Fusobacteriaceae","Fusobacterium","naviforme"
"ASV4484","Bacteria","Actinobacteriota","Actinobacteria","Bifidobacteriales","Bifidobacteriaceae","Bifidobacterium","globosum"
"ASV4485","Bacteria","Firmicutes","Bacilli","Erysipelotrichales","Erysipelotrichaceae","[Clostridium] innocuum group",NA
"ASV4486","Bacteria",NA,NA,NA,NA,NA,NA
"ASV4487","Bacteria","Firmicutes","Bacilli",NA,NA,NA,NA
"ASV4488","Bacteria","Actinobacteriota","Actinobacteria","Actinomycetales","Actinomycetaceae","Arcanobacterium",NA
"ASV4489","Bacteria","Firmicutes","Bacilli","Lactobacillales",NA,NA,NA
"ASV4490","Bacteria","Firmicutes","Clostridia","Oscillospirales",NA,NA,NA
"ASV4491","Bacteria","Actinobacteriota","Actinobacteria","Bifidobacteriales","Bifidobacteriaceae","Bifidobacterium",NA
"ASV4492","Bacteria","Proteobacteria","Gammaproteobacteria","Enterobacterales","Pasteurellaceae","Haemophilus","sputorum"
"ASV4493","Bacteria","Firmicutes","Clostridia","Peptostreptococcales-Tissierellales","Peptostreptococcaceae",NA,NA
"ASV4494","Bacteria","Firmicutes","Clostridia","Peptostreptococcales-Tissierellales","Peptostreptococcaceae","Terrisporobacter",NA
